2026-02-20 17:13:18,361 | INFO | Матчей к обработке: 3609
2026-02-20 17:13:18,361 | INFO | [1/3609] Match 8609332493 START
2026-02-20 17:13:18,361 | INFO | Match 8609332493: fetch overview
2026-02-20 17:13:38,623 | INFO | Match 8609332493: parse overview
2026-02-20 17:13:46,810 | INFO | Match 8609332493: fetch lanes
2026-02-20 17:14:00,243 | INFO | Match 8609332493: parse lanes
2026-02-20 17:14:00,297 | INFO | Match 8609332493: append to Excel
2026-02-20 17:14:00,397 | INFO | [1/3609] Match 8609332493 DONE in 42.0s
2026-02-20 17:14:02,883 | INFO | [2/3609] Match 8609356930 START
2026-02-20 17:14:02,883 | INFO | Match 8609356930: fetch overview
2026-02-20 17:14:18,222 | INFO | Match 8609356930: parse overview
2026-02-20 17:14:22,941 | INFO | Match 8609356930: fetch lanes
2026-02-20 17:16:23,143 | ERROR | Ошибка загрузки lanes 8609356930: Timeout while loading https://ru.dotabuff.com/matches/8609356930/lanes
2026-02-20 17:16:23,144 | INFO | Match 8609356930: append to Excel
2026-02-20 17:16:23,248 | INFO | [2/3609] Match 8609356930 DONE in 140.4s
2026-02-20 17:16:27,016 | INFO | [3/3609] Match 8609337846 START
2026-02-20 17:16:27,016 | INFO | Match 8609337846: fetch overview
2026-02-20 10:22:12,772 | INFO | Матчей к обработке: 3609
2026-02-20 10:22:12,773 | INFO | [1/3609] Match 8609332493 START
2026-02-20 10:22:12,773 | INFO | Match 8609332493: fetch overview
2026-02-20 10:24:12,868 | ERROR | Ошибка загрузки overview 8609332493: Timeout while loading https://ru.dotabuff.com/matches/8609332493
2026-02-20 10:24:12,868 | INFO | [2/3609] Match 8609356930 START
2026-02-20 10:24:12,869 | INFO | Match 8609356930: fetch overview
2026-02-20 10:24:22,129 | INFO | Match 8609356930: parse overview
2026-02-20 10:27:03,646 | INFO | Матчей к обработке: 3609
2026-02-20 10:27:03,647 | INFO | [1/3609] Match 8609332493 START
2026-02-20 10:27:03,647 | INFO | Match 8609332493: fetch overview
2026-02-20 10:27:12,935 | INFO | Match 8609332493: parse overview
2026-02-20 10:27:18,009 | INFO | Match 8609332493: fetch lanes
2026-02-20 10:27:26,522 | INFO | Match 8609332493: parse lanes
2026-02-20 10:27:26,614 | INFO | Match 8609332493: append to Excel
2026-02-20 10:27:26,655 | INFO | Match 8609332493: already in Excel, skip append
2026-02-20 10:27:26,656 | INFO | [1/3609] Match 8609332493 DONE in 23.0s
2026-02-20 10:27:29,488 | INFO | [2/3609] Match 8609356930 START
2026-02-20 10:27:29,488 | INFO | Match 8609356930: fetch overview
2026-02-20 10:27:39,459 | INFO | Match 8609356930: parse overview
2026-02-20 10:27:42,348 | INFO | Match 8609356930: fetch lanes
2026-02-20 10:30:05,450 | INFO | Match 8609356930: parse lanes
2026-02-20 10:30:05,452 | INFO | Match 8609356930: append to Excel
2026-02-20 10:30:05,505 | INFO | Match 8609356930: already in Excel, skip append
2026-02-20 10:30:05,505 | INFO | [2/3609] Match 8609356930 DONE in 156.0s
2026-02-20 10:30:08,968 | INFO | [3/3609] Match 8609337846 START
2026-02-20 10:30:08,968 | INFO | Match 8609337846: fetch overview
2026-02-20 10:30:18,888 | INFO | Match 8609337846: parse overview
2026-02-20 10:30:22,266 | INFO | Match 8609337846: fetch lanes
2026-02-20 10:32:44,527 | INFO | Match 8609337846: parse lanes
2026-02-20 10:32:44,528 | INFO | Match 8609337846: append to Excel
2026-02-20 10:32:44,690 | INFO | [3/3609] Match 8609337846 DONE in 155.7s
2026-02-20 10:32:48,347 | INFO | [4/3609] Match 8609342520 START
2026-02-20 10:32:48,347 | INFO | Match 8609342520: fetch overview
2026-02-20 10:35:11,629 | INFO | Match 8609342520: parse overview
2026-02-20 10:35:14,645 | INFO | Match 8609342520: fetch lanes
2026-02-20 10:37:38,095 | INFO | Match 8609342520: parse lanes
2026-02-20 10:37:38,164 | INFO | Match 8609342520: append to Excel
2026-02-20 10:37:38,224 | INFO | [4/3609] Match 8609342520 DONE in 289.9s
2026-02-20 10:37:41,783 | INFO | [5/3609] Match 8609347733 START
2026-02-20 10:37:41,783 | INFO | Match 8609347733: fetch overview
2026-02-20 10:40:05,426 | INFO | Match 8609347733: parse overview
2026-02-20 10:40:09,066 | INFO | Match 8609347733: fetch lanes
2026-02-20 10:42:32,306 | INFO | Match 8609347733: parse lanes
2026-02-20 10:42:32,309 | INFO | Match 8609347733: append to Excel
2026-02-20 10:42:32,374 | INFO | [5/3609] Match 8609347733 DONE in 290.6s
2026-02-20 10:42:35,789 | INFO | [6/3609] Match 8609333981 START
2026-02-20 10:42:35,789 | INFO | Match 8609333981: fetch overview
2026-02-20 10:45:00,676 | INFO | Match 8609333981: parse overview
2026-02-20 10:45:03,770 | INFO | Match 8609333981: fetch lanes
2026-02-20 10:47:28,357 | INFO | Match 8609333981: parse lanes
2026-02-20 10:47:28,469 | INFO | Match 8609333981: append to Excel
2026-02-20 10:47:28,613 | INFO | [6/3609] Match 8609333981 DONE in 292.8s
2026-02-20 10:47:32,099 | INFO | [7/3609] Match 8609309113 START
2026-02-20 10:47:32,099 | INFO | Match 8609309113: fetch overview
2026-02-20 10:49:57,508 | INFO | Match 8609309113: parse overview
2026-02-20 10:50:01,621 | INFO | Match 8609309113: fetch lanes
2026-02-20 10:52:24,142 | INFO | Match 8609309113: parse lanes
2026-02-20 10:52:24,146 | INFO | Match 8609309113: append to Excel
2026-02-20 10:52:24,232 | INFO | [7/3609] Match 8609309113 DONE in 292.1s
2026-02-20 10:52:26,898 | INFO | [8/3609] Match 8609327418 START
2026-02-20 10:52:26,898 | INFO | Match 8609327418: fetch overview
2026-02-20 10:54:50,301 | INFO | Match 8609327418: parse overview
2026-02-20 10:54:55,666 | INFO | Match 8609327418: fetch lanes
2026-02-20 10:57:18,275 | INFO | Match 8609327418: parse lanes
2026-02-20 10:57:18,279 | INFO | Match 8609327418: append to Excel
2026-02-20 10:57:18,365 | INFO | [8/3609] Match 8609327418 DONE in 291.5s
2026-02-20 10:57:22,035 | INFO | [9/3609] Match 8609330611 START
2026-02-20 10:57:22,035 | INFO | Match 8609330611: fetch overview
2026-02-20 10:59:47,627 | INFO | Match 8609330611: parse overview
2026-02-20 10:59:51,352 | INFO | Match 8609330611: fetch lanes
2026-02-20 11:02:15,073 | INFO | Match 8609330611: parse lanes
2026-02-20 11:02:15,128 | INFO | Match 8609330611: append to Excel
2026-02-20 11:02:15,226 | INFO | [9/3609] Match 8609330611 DONE in 293.2s
2026-02-20 11:02:18,433 | INFO | [10/3609] Match 8609343392 START
2026-02-20 11:02:18,434 | INFO | Match 8609343392: fetch overview
2026-02-20 11:04:40,823 | INFO | Match 8609343392: parse overview
2026-02-20 11:04:44,857 | INFO | Match 8609343392: fetch lanes
2026-02-20 11:07:07,630 | INFO | Match 8609343392: parse lanes
2026-02-20 11:07:07,631 | INFO | Match 8609343392: append to Excel
2026-02-20 11:07:07,840 | INFO | [10/3609] Match 8609343392 DONE in 289.4s
2026-02-20 11:07:10,574 | INFO | [11/3609] Match 8609322311 START
2026-02-20 11:07:10,574 | INFO | Match 8609322311: fetch overview
2026-02-20 11:09:33,210 | INFO | Match 8609322311: parse overview
2026-02-20 11:09:36,678 | INFO | Match 8609322311: fetch lanes
2026-02-20 11:12:01,769 | INFO | Match 8609322311: parse lanes
2026-02-20 11:12:01,862 | INFO | Match 8609322311: append to Excel
2026-02-20 11:12:02,023 | INFO | [11/3609] Match 8609322311 DONE in 291.4s
2026-02-20 11:12:04,051 | INFO | [12/3609] Match 8609354894 START
2026-02-20 11:12:04,051 | INFO | Match 8609354894: fetch overview
2026-02-20 11:14:29,308 | INFO | Match 8609354894: parse overview
2026-02-20 11:14:34,126 | INFO | Match 8609354894: fetch lanes
2026-02-20 11:16:57,702 | INFO | Match 8609354894: parse lanes
2026-02-20 11:16:57,703 | INFO | Match 8609354894: append to Excel
2026-02-20 11:16:57,809 | INFO | [12/3609] Match 8609354894 DONE in 293.8s
2026-02-20 11:17:01,388 | INFO | [13/3609] Match 8609339120 START
2026-02-20 11:17:01,388 | INFO | Match 8609339120: fetch overview
2026-02-20 11:19:24,281 | INFO | Match 8609339120: parse overview
2026-02-20 11:19:28,599 | INFO | Match 8609339120: fetch lanes
2026-02-20 11:21:51,422 | INFO | Match 8609339120: parse lanes
2026-02-20 11:21:51,425 | INFO | Match 8609339120: append to Excel
2026-02-20 11:21:51,641 | INFO | [13/3609] Match 8609339120 DONE in 290.3s
2026-02-20 11:21:55,313 | INFO | [14/3609] Match 8609359027 START
2026-02-20 11:21:55,313 | INFO | Match 8609359027: fetch overview
2026-02-20 11:24:17,897 | INFO | Match 8609359027: parse overview
2026-02-20 11:24:21,196 | INFO | Match 8609359027: fetch lanes
2026-02-20 11:26:44,859 | INFO | Match 8609359027: parse lanes
2026-02-20 11:26:44,862 | INFO | Match 8609359027: append to Excel
2026-02-20 11:26:44,979 | INFO | [14/3609] Match 8609359027 DONE in 289.7s
2026-02-20 11:26:48,894 | INFO | [15/3609] Match 8609293869 START
2026-02-20 11:26:48,895 | INFO | Match 8609293869: fetch overview
2026-02-20 11:29:14,569 | INFO | Match 8609293869: parse overview
2026-02-20 11:29:17,765 | INFO | Match 8609293869: fetch lanes
2026-02-20 11:31:41,796 | INFO | Match 8609293869: parse lanes
2026-02-20 11:31:41,857 | INFO | Match 8609293869: append to Excel
2026-02-20 11:31:41,977 | INFO | [15/3609] Match 8609293869 DONE in 293.1s
2026-02-20 11:31:45,679 | INFO | [16/3609] Match 8609289032 START
2026-02-20 11:31:45,679 | INFO | Match 8609289032: fetch overview
2026-02-20 11:34:08,346 | INFO | Match 8609289032: parse overview
2026-02-20 11:34:12,289 | INFO | Match 8609289032: fetch lanes
2026-02-20 11:36:35,056 | INFO | Match 8609289032: parse lanes
2026-02-20 11:36:35,060 | INFO | Match 8609289032: append to Excel
2026-02-20 11:36:35,314 | INFO | [16/3609] Match 8609289032 DONE in 289.6s
2026-02-20 11:36:38,512 | INFO | [17/3609] Match 8609320040 START
2026-02-20 11:36:38,512 | INFO | Match 8609320040: fetch overview
2026-02-20 11:39:01,479 | INFO | Match 8609320040: parse overview
2026-02-20 11:39:05,015 | INFO | Match 8609320040: fetch lanes
2026-02-20 11:41:27,656 | INFO | Match 8609320040: parse lanes
2026-02-20 11:41:27,660 | INFO | Match 8609320040: append to Excel
2026-02-20 11:41:27,807 | INFO | [17/3609] Match 8609320040 DONE in 289.3s
2026-02-20 11:41:30,304 | INFO | [18/3609] Match 8609296706 START
2026-02-20 11:41:30,305 | INFO | Match 8609296706: fetch overview
2026-02-20 11:43:55,550 | INFO | Match 8609296706: parse overview
2026-02-20 11:43:59,777 | INFO | Match 8609296706: fetch lanes
2026-02-20 11:46:22,884 | INFO | Match 8609296706: parse lanes
2026-02-20 11:46:22,887 | INFO | Match 8609296706: append to Excel
2026-02-20 11:46:23,041 | INFO | [18/3609] Match 8609296706 DONE in 292.7s
2026-02-20 11:46:25,479 | INFO | [19/3609] Match 8609342401 START
2026-02-20 11:46:25,479 | INFO | Match 8609342401: fetch overview
2026-02-20 11:48:48,624 | INFO | Match 8609342401: parse overview
2026-02-20 11:48:52,545 | INFO | Match 8609342401: fetch lanes
2026-02-20 11:51:15,216 | INFO | Match 8609342401: parse lanes
2026-02-20 11:51:15,282 | INFO | Match 8609342401: append to Excel
2026-02-20 11:51:15,407 | INFO | [19/3609] Match 8609342401 DONE in 289.9s
2026-02-20 11:51:19,065 | INFO | [20/3609] Match 8609336942 START
2026-02-20 11:51:19,065 | INFO | Match 8609336942: fetch overview
2026-02-20 11:53:42,740 | INFO | Match 8609336942: parse overview
2026-02-20 11:53:46,229 | INFO | Match 8609336942: fetch lanes
2026-02-20 11:56:08,913 | INFO | Match 8609336942: parse lanes
2026-02-20 11:56:08,916 | INFO | Match 8609336942: append to Excel
2026-02-20 11:56:09,094 | INFO | [20/3609] Match 8609336942 DONE in 290.0s
2026-02-20 11:56:12,350 | INFO | [21/3609] Match 8609287249 START
2026-02-20 11:56:12,350 | INFO | Match 8609287249: fetch overview
2026-02-20 11:58:35,828 | INFO | Match 8609287249: parse overview
2026-02-20 11:58:39,256 | INFO | Match 8609287249: fetch lanes
2026-02-20 12:01:01,974 | INFO | Match 8609287249: parse lanes
2026-02-20 12:01:01,974 | INFO | Match 8609287249: append to Excel
2026-02-20 12:01:02,130 | INFO | [21/3609] Match 8609287249 DONE in 289.8s
2026-02-20 12:01:05,794 | INFO | [22/3609] Match 8609326024 START
2026-02-20 12:01:05,794 | INFO | Match 8609326024: fetch overview
2026-02-20 12:03:30,577 | INFO | Match 8609326024: parse overview
2026-02-20 12:03:35,120 | INFO | Match 8609326024: fetch lanes
2026-02-20 12:05:57,971 | INFO | Match 8609326024: parse lanes
2026-02-20 12:05:57,975 | INFO | Match 8609326024: append to Excel
2026-02-20 12:05:58,117 | INFO | [22/3609] Match 8609326024 DONE in 292.3s
2026-02-20 12:06:00,481 | INFO | [23/3609] Match 8609338684 START
2026-02-20 12:06:00,481 | INFO | Match 8609338684: fetch overview
2026-02-20 12:08:26,226 | INFO | Match 8609338684: parse overview
2026-02-20 12:08:30,702 | INFO | Match 8609338684: fetch lanes
2026-02-20 12:10:54,793 | INFO | Match 8609338684: parse lanes
2026-02-20 12:10:54,852 | INFO | Match 8609338684: append to Excel
2026-02-20 12:10:55,108 | INFO | [23/3609] Match 8609338684 DONE in 294.6s
2026-02-20 12:10:58,986 | INFO | [24/3609] Match 8609353716 START
2026-02-20 12:10:58,987 | INFO | Match 8609353716: fetch overview
2026-02-20 12:13:24,631 | INFO | Match 8609353716: parse overview
2026-02-20 12:13:28,526 | INFO | Match 8609353716: fetch lanes
2026-02-20 12:15:52,060 | INFO | Match 8609353716: parse lanes
2026-02-20 12:15:52,119 | INFO | Match 8609353716: append to Excel
2026-02-20 12:15:52,287 | INFO | [24/3609] Match 8609353716 DONE in 293.3s
2026-02-20 12:15:54,598 | INFO | [25/3609] Match 8609331049 START
2026-02-20 12:15:54,598 | INFO | Match 8609331049: fetch overview
2026-02-20 12:18:17,104 | INFO | Match 8609331049: parse overview
2026-02-20 12:18:21,371 | INFO | Match 8609331049: fetch lanes
2026-02-20 12:20:44,723 | INFO | Match 8609331049: parse lanes
2026-02-20 12:20:44,727 | INFO | Match 8609331049: append to Excel
2026-02-20 12:20:45,039 | INFO | [25/3609] Match 8609331049 DONE in 290.4s
2026-02-20 12:20:48,422 | INFO | [26/3609] Match 8609345440 START
2026-02-20 12:20:48,422 | INFO | Match 8609345440: fetch overview
2026-02-20 12:23:13,918 | INFO | Match 8609345440: parse overview
2026-02-20 12:23:18,321 | INFO | Match 8609345440: fetch lanes
2026-02-20 12:25:42,529 | INFO | Match 8609345440: parse lanes
2026-02-20 12:25:42,584 | INFO | Match 8609345440: append to Excel
2026-02-20 12:25:42,745 | INFO | [26/3609] Match 8609345440 DONE in 294.3s
2026-02-20 12:25:46,146 | INFO | [27/3609] Match 8609347884 START
2026-02-20 12:25:46,146 | INFO | Match 8609347884: fetch overview
2026-02-20 12:28:11,074 | INFO | Match 8609347884: parse overview
2026-02-20 12:28:15,198 | INFO | Match 8609347884: fetch lanes
2026-02-20 12:30:37,595 | INFO | Match 8609347884: parse lanes
2026-02-20 12:30:37,600 | INFO | Match 8609347884: append to Excel
2026-02-20 12:30:37,820 | INFO | [27/3609] Match 8609347884 DONE in 291.7s
2026-02-20 12:30:40,950 | INFO | [28/3609] Match 8609344036 START
2026-02-20 12:30:40,951 | INFO | Match 8609344036: fetch overview
2026-02-20 12:33:03,264 | INFO | Match 8609344036: parse overview
2026-02-20 12:33:06,117 | INFO | Match 8609344036: fetch lanes
2026-02-20 12:35:30,755 | INFO | Match 8609344036: parse lanes
2026-02-20 12:35:30,813 | INFO | Match 8609344036: append to Excel
2026-02-20 12:35:31,012 | INFO | [28/3609] Match 8609344036 DONE in 290.1s
2026-02-20 12:35:33,796 | INFO | [29/3609] Match 8609356278 START
2026-02-20 12:35:33,796 | INFO | Match 8609356278: fetch overview
2026-02-20 12:37:55,955 | INFO | Match 8609356278: parse overview
2026-02-20 12:37:59,735 | INFO | Match 8609356278: fetch lanes
2026-02-20 12:40:23,249 | INFO | Match 8609356278: parse lanes
2026-02-20 12:40:23,252 | INFO | Match 8609356278: append to Excel
2026-02-20 12:40:23,448 | INFO | [29/3609] Match 8609356278 DONE in 289.7s
2026-02-20 12:40:26,527 | INFO | [30/3609] Match 8609354135 START
2026-02-20 12:40:26,527 | INFO | Match 8609354135: fetch overview
2026-02-20 12:42:48,962 | INFO | Match 8609354135: parse overview
2026-02-20 12:42:53,172 | INFO | Match 8609354135: fetch lanes
2026-02-20 12:45:16,578 | INFO | Match 8609354135: parse lanes
2026-02-20 12:45:16,580 | INFO | Match 8609354135: append to Excel
2026-02-20 12:45:16,763 | INFO | [30/3609] Match 8609354135 DONE in 290.2s
2026-02-20 12:45:19,075 | INFO | [31/3609] Match 8609353546 START
2026-02-20 12:45:19,076 | INFO | Match 8609353546: fetch overview
2026-02-20 12:47:42,670 | INFO | Match 8609353546: parse overview
2026-02-20 12:47:47,723 | INFO | Match 8609353546: fetch lanes
2026-02-20 12:50:10,257 | INFO | Match 8609353546: parse lanes
2026-02-20 12:50:10,258 | INFO | Match 8609353546: append to Excel
2026-02-20 12:50:10,452 | INFO | [31/3609] Match 8609353546 DONE in 291.4s
2026-02-20 12:50:12,479 | INFO | [32/3609] Match 8609339594 START
2026-02-20 12:50:12,479 | INFO | Match 8609339594: fetch overview
2026-02-20 12:52:34,669 | INFO | Match 8609339594: parse overview
2026-02-20 12:52:38,645 | INFO | Match 8609339594: fetch lanes
2026-02-20 12:55:01,098 | INFO | Match 8609339594: parse lanes
2026-02-20 12:55:01,100 | INFO | Match 8609339594: append to Excel
2026-02-20 12:55:01,408 | INFO | [32/3609] Match 8609339594 DONE in 288.9s
2026-02-20 12:55:04,570 | INFO | [33/3609] Match 8609327702 START
2026-02-20 12:55:04,570 | INFO | Match 8609327702: fetch overview
2026-02-20 12:57:27,196 | INFO | Match 8609327702: parse overview
2026-02-20 12:57:30,236 | INFO | Match 8609327702: fetch lanes
2026-02-20 12:59:53,215 | INFO | Match 8609327702: parse lanes
2026-02-20 12:59:53,219 | INFO | Match 8609327702: append to Excel
2026-02-20 12:59:53,534 | INFO | [33/3609] Match 8609327702 DONE in 289.0s
2026-02-20 12:59:57,486 | INFO | [34/3609] Match 8609354475 START
2026-02-20 12:59:57,487 | INFO | Match 8609354475: fetch overview
2026-02-20 13:02:20,031 | INFO | Match 8609354475: parse overview
2026-02-20 13:02:23,163 | INFO | Match 8609354475: fetch lanes
2026-02-20 13:04:46,225 | INFO | Match 8609354475: parse lanes
2026-02-20 13:04:46,227 | INFO | Match 8609354475: append to Excel
2026-02-20 13:04:46,423 | INFO | [34/3609] Match 8609354475 DONE in 288.9s
2026-02-20 13:04:49,988 | INFO | [35/3609] Match 8609343565 START
2026-02-20 13:04:49,989 | INFO | Match 8609343565: fetch overview
2026-02-20 13:07:12,909 | INFO | Match 8609343565: parse overview
2026-02-20 13:07:16,192 | INFO | Match 8609343565: fetch lanes
2026-02-20 13:09:38,893 | INFO | Match 8609343565: parse lanes
2026-02-20 13:09:38,897 | INFO | Match 8609343565: append to Excel
2026-02-20 13:09:39,093 | INFO | [35/3609] Match 8609343565 DONE in 289.1s
2026-02-20 13:09:41,999 | INFO | [36/3609] Match 8609334573 START
2026-02-20 13:09:41,999 | INFO | Match 8609334573: fetch overview
2026-02-20 13:12:04,470 | INFO | Match 8609334573: parse overview
2026-02-20 13:12:07,506 | INFO | Match 8609334573: fetch lanes
2026-02-20 13:14:29,850 | INFO | Match 8609334573: parse lanes
2026-02-20 13:14:29,853 | INFO | Match 8609334573: append to Excel
2026-02-20 13:14:30,177 | INFO | [36/3609] Match 8609334573 DONE in 288.2s
2026-02-20 13:14:32,997 | INFO | [37/3609] Match 8609319106 START
2026-02-20 13:14:32,998 | INFO | Match 8609319106: fetch overview
2026-02-20 13:16:56,181 | INFO | Match 8609319106: parse overview
2026-02-20 13:17:00,147 | INFO | Match 8609319106: fetch lanes
2026-02-20 13:19:23,844 | INFO | Match 8609319106: parse lanes
2026-02-20 13:19:23,848 | INFO | Match 8609319106: append to Excel
2026-02-20 13:19:24,042 | INFO | [37/3609] Match 8609319106 DONE in 291.0s
2026-02-20 13:19:26,511 | INFO | [38/3609] Match 8609346272 START
2026-02-20 13:19:26,511 | INFO | Match 8609346272: fetch overview
2026-02-20 13:21:49,698 | INFO | Match 8609346272: parse overview
2026-02-20 13:21:53,347 | INFO | Match 8609346272: fetch lanes
2026-02-20 13:24:15,887 | INFO | Match 8609346272: parse lanes
2026-02-20 13:24:15,890 | INFO | Match 8609346272: append to Excel
2026-02-20 13:24:16,082 | INFO | [38/3609] Match 8609346272 DONE in 289.6s
2026-02-20 13:24:18,945 | INFO | [39/3609] Match 8609364046 START
2026-02-20 13:24:18,947 | INFO | Match 8609364046: fetch overview
2026-02-20 13:26:42,008 | INFO | Match 8609364046: parse overview
2026-02-20 13:26:45,357 | INFO | Match 8609364046: fetch lanes
2026-02-20 13:29:08,533 | INFO | Match 8609364046: parse lanes
2026-02-20 13:29:08,537 | INFO | Match 8609364046: append to Excel
2026-02-20 13:29:08,838 | INFO | [39/3609] Match 8609364046 DONE in 289.9s
2026-02-20 13:29:12,192 | INFO | [40/3609] Match 8609337408 START
2026-02-20 13:29:12,192 | INFO | Match 8609337408: fetch overview
2026-02-20 13:31:34,933 | INFO | Match 8609337408: parse overview
2026-02-20 13:31:37,888 | INFO | Match 8609337408: fetch lanes
2026-02-20 13:34:01,655 | INFO | Match 8609337408: parse lanes
2026-02-20 13:34:01,659 | INFO | Match 8609337408: append to Excel
2026-02-20 13:34:01,970 | INFO | [40/3609] Match 8609337408 DONE in 289.8s
2026-02-20 13:34:04,260 | INFO | [41/3609] Match 8609339242 START
2026-02-20 13:34:04,260 | INFO | Match 8609339242: fetch overview
2026-02-20 13:36:27,737 | INFO | Match 8609339242: parse overview
2026-02-20 13:36:31,468 | INFO | Match 8609339242: fetch lanes
2026-02-20 13:38:54,536 | INFO | Match 8609339242: parse lanes
2026-02-20 13:38:54,539 | INFO | Match 8609339242: append to Excel
2026-02-20 13:38:54,741 | INFO | [41/3609] Match 8609339242 DONE in 290.5s
2026-02-20 13:38:57,418 | INFO | [42/3609] Match 8609353825 START
2026-02-20 13:38:57,418 | INFO | Match 8609353825: fetch overview
2026-02-20 13:41:20,395 | INFO | Match 8609353825: parse overview
2026-02-20 13:41:25,903 | INFO | Match 8609353825: fetch lanes
2026-02-20 13:43:48,555 | INFO | Match 8609353825: parse lanes
2026-02-20 13:43:48,556 | INFO | Match 8609353825: append to Excel
2026-02-20 13:43:48,847 | INFO | [42/3609] Match 8609353825 DONE in 291.4s
2026-02-20 13:43:52,735 | INFO | [43/3609] Match 8609357693 START
2026-02-20 13:43:52,735 | INFO | Match 8609357693: fetch overview
2026-02-20 13:46:15,487 | INFO | Match 8609357693: parse overview
2026-02-20 13:46:19,395 | INFO | Match 8609357693: fetch lanes
2026-02-20 13:48:43,401 | INFO | Match 8609357693: parse lanes
2026-02-20 13:48:43,403 | INFO | Match 8609357693: append to Excel
2026-02-20 13:48:43,606 | INFO | [43/3609] Match 8609357693 DONE in 290.9s
2026-02-20 13:48:46,638 | INFO | [44/3609] Match 8609348818 START
2026-02-20 13:48:46,638 | INFO | Match 8609348818: fetch overview
2026-02-20 13:51:10,021 | INFO | Match 8609348818: parse overview
2026-02-20 13:51:12,786 | INFO | Match 8609348818: fetch lanes
2026-02-20 13:53:36,521 | INFO | Match 8609348818: parse lanes
2026-02-20 13:53:36,585 | INFO | Match 8609348818: append to Excel
2026-02-20 13:53:36,797 | INFO | [44/3609] Match 8609348818 DONE in 290.2s
2026-02-20 13:53:39,815 | INFO | [45/3609] Match 8609346400 START
2026-02-20 13:53:39,815 | INFO | Match 8609346400: fetch overview
2026-02-20 13:56:02,773 | INFO | Match 8609346400: parse overview
2026-02-20 13:56:05,780 | INFO | Match 8609346400: fetch lanes
2026-02-20 13:58:29,019 | INFO | Match 8609346400: parse lanes
2026-02-20 13:58:29,022 | INFO | Match 8609346400: append to Excel
2026-02-20 13:58:29,326 | INFO | [45/3609] Match 8609346400 DONE in 289.5s
2026-02-20 13:58:33,044 | INFO | [46/3609] Match 8609337147 START
2026-02-20 13:58:33,044 | INFO | Match 8609337147: fetch overview
2026-02-20 13:58:43,202 | INFO | Match 8609337147: parse overview
2026-02-20 13:58:46,695 | INFO | Match 8609337147: fetch lanes
2026-02-20 14:01:11,060 | INFO | Match 8609337147: parse lanes
2026-02-20 14:01:11,061 | INFO | Match 8609337147: append to Excel
2026-02-20 14:01:11,268 | INFO | [46/3609] Match 8609337147 DONE in 158.2s
2026-02-20 14:01:14,047 | INFO | [47/3609] Match 8609362474 START
2026-02-20 14:01:14,048 | INFO | Match 8609362474: fetch overview
2026-02-20 14:03:38,640 | INFO | Match 8609362474: parse overview
2026-02-20 14:03:47,251 | INFO | Match 8609362474: fetch lanes
2026-02-20 14:06:10,740 | INFO | Match 8609362474: parse lanes
2026-02-20 14:06:10,743 | INFO | Match 8609362474: append to Excel
2026-02-20 14:06:10,967 | INFO | [47/3609] Match 8609362474 DONE in 296.9s
2026-02-20 14:06:13,474 | INFO | [48/3609] Match 8609329483 START
2026-02-20 14:06:13,475 | INFO | Match 8609329483: fetch overview
2026-02-20 14:08:37,059 | INFO | Match 8609329483: parse overview
2026-02-20 14:08:40,864 | INFO | Match 8609329483: fetch lanes
2026-02-20 14:11:04,233 | INFO | Match 8609329483: parse lanes
2026-02-20 14:11:04,234 | INFO | Match 8609329483: append to Excel
2026-02-20 14:11:04,516 | INFO | [48/3609] Match 8609329483 DONE in 291.0s
2026-02-20 14:11:06,945 | INFO | [49/3609] Match 8609356378 START
2026-02-20 14:11:06,945 | INFO | Match 8609356378: fetch overview
2026-02-20 14:13:29,610 | INFO | Match 8609356378: parse overview
2026-02-20 14:13:32,799 | INFO | Match 8609356378: fetch lanes
2026-02-20 14:15:57,178 | INFO | Match 8609356378: parse lanes
2026-02-20 14:15:57,181 | INFO | Match 8609356378: append to Excel
2026-02-20 14:15:57,395 | INFO | [49/3609] Match 8609356378 DONE in 290.4s
2026-02-20 14:16:01,302 | INFO | [50/3609] Match 8609361645 START
2026-02-20 14:16:01,302 | INFO | Match 8609361645: fetch overview
2026-02-20 14:18:26,567 | INFO | Match 8609361645: parse overview
2026-02-20 14:18:29,597 | INFO | Match 8609361645: fetch lanes
2026-02-20 14:20:51,968 | INFO | Match 8609361645: parse lanes
2026-02-20 14:20:51,969 | INFO | Match 8609361645: append to Excel
2026-02-20 14:20:52,187 | INFO | [50/3609] Match 8609361645 DONE in 290.9s
2026-02-20 14:20:55,621 | INFO | [51/3609] Match 8609342787 START
2026-02-20 14:20:55,622 | INFO | Match 8609342787: fetch overview
2026-02-20 14:23:20,092 | INFO | Match 8609342787: parse overview
2026-02-20 14:23:22,842 | INFO | Match 8609342787: fetch lanes
2026-02-20 14:25:46,235 | INFO | Match 8609342787: parse lanes
2026-02-20 14:25:46,238 | INFO | Match 8609342787: append to Excel
2026-02-20 14:25:46,448 | INFO | [51/3609] Match 8609342787 DONE in 290.8s
2026-02-20 14:25:49,695 | INFO | [52/3609] Match 8609371987 START
2026-02-20 14:25:49,695 | INFO | Match 8609371987: fetch overview
2026-02-20 14:28:14,950 | INFO | Match 8609371987: parse overview
2026-02-20 14:28:18,036 | INFO | Match 8609371987: fetch lanes
2026-02-20 14:28:26,763 | INFO | Match 8609371987: parse lanes
2026-02-20 14:28:26,937 | INFO | Match 8609371987: append to Excel
2026-02-20 14:28:27,157 | INFO | [52/3609] Match 8609371987 DONE in 157.5s
2026-02-20 14:28:29,423 | INFO | [53/3609] Match 8609345937 START
2026-02-20 14:28:29,424 | INFO | Match 8609345937: fetch overview
2026-02-20 14:30:52,420 | INFO | Match 8609345937: parse overview
2026-02-20 14:30:55,623 | INFO | Match 8609345937: fetch lanes
2026-02-20 14:33:19,174 | INFO | Match 8609345937: parse lanes
2026-02-20 14:33:19,177 | INFO | Match 8609345937: append to Excel
2026-02-20 14:33:19,416 | INFO | [53/3609] Match 8609345937 DONE in 290.0s
2026-02-20 14:33:23,335 | INFO | [54/3609] Match 8609361567 START
2026-02-20 14:33:23,335 | INFO | Match 8609361567: fetch overview
2026-02-20 14:35:48,141 | INFO | Match 8609361567: parse overview
2026-02-20 14:35:52,975 | INFO | Match 8609361567: fetch lanes
2026-02-20 14:38:16,329 | INFO | Match 8609361567: parse lanes
2026-02-20 14:38:16,330 | INFO | Match 8609361567: append to Excel
2026-02-20 14:38:16,559 | INFO | [54/3609] Match 8609361567 DONE in 293.2s
2026-02-20 14:38:18,840 | INFO | [55/3609] Match 8609345119 START
2026-02-20 14:38:18,840 | INFO | Match 8609345119: fetch overview
2026-02-20 14:40:41,308 | INFO | Match 8609345119: parse overview
2026-02-20 14:40:44,847 | INFO | Match 8609345119: fetch lanes
2026-02-20 14:43:08,903 | INFO | Match 8609345119: parse lanes
2026-02-20 14:43:08,961 | INFO | Match 8609345119: append to Excel
2026-02-20 14:43:09,190 | INFO | [55/3609] Match 8609345119 DONE in 290.4s
2026-02-20 14:43:12,212 | INFO | [56/3609] Match 8609361984 START
2026-02-20 14:43:12,212 | INFO | Match 8609361984: fetch overview
2026-02-20 14:45:36,906 | INFO | Match 8609361984: parse overview
2026-02-20 14:45:41,925 | INFO | Match 8609361984: fetch lanes
2026-02-20 14:48:05,460 | INFO | Match 8609361984: parse lanes
2026-02-20 14:48:05,463 | INFO | Match 8609361984: append to Excel
2026-02-20 14:48:05,708 | INFO | [56/3609] Match 8609361984 DONE in 293.5s
2026-02-20 14:48:07,820 | INFO | [57/3609] Match 8609349054 START
2026-02-20 14:48:07,821 | INFO | Match 8609349054: fetch overview
2026-02-20 14:50:35,355 | INFO | Match 8609349054: parse overview
2026-02-20 14:50:39,107 | INFO | Match 8609349054: fetch lanes
2026-02-20 14:53:02,412 | INFO | Match 8609349054: parse lanes
2026-02-20 14:53:02,590 | INFO | Match 8609349054: append to Excel
2026-02-20 14:53:02,976 | INFO | [57/3609] Match 8609349054 DONE in 295.2s
2026-02-20 14:53:06,627 | INFO | [58/3609] Match 8609356410 START
2026-02-20 14:53:06,628 | INFO | Match 8609356410: fetch overview
2026-02-20 14:55:29,813 | INFO | Match 8609356410: parse overview
2026-02-20 14:55:34,305 | INFO | Match 8609356410: fetch lanes
2026-02-20 14:57:57,145 | INFO | Match 8609356410: parse lanes
2026-02-20 14:57:57,352 | INFO | Match 8609356410: append to Excel
2026-02-20 14:57:57,665 | INFO | [58/3609] Match 8609356410 DONE in 291.0s
2026-02-20 14:57:59,952 | INFO | [59/3609] Match 8609352922 START
2026-02-20 14:57:59,952 | INFO | Match 8609352922: fetch overview
2026-02-20 15:00:23,627 | INFO | Match 8609352922: parse overview
2026-02-20 15:00:27,896 | INFO | Match 8609352922: fetch lanes
2026-02-20 15:02:51,228 | INFO | Match 8609352922: parse lanes
2026-02-20 15:02:51,295 | INFO | Match 8609352922: append to Excel
2026-02-20 15:02:51,687 | INFO | [59/3609] Match 8609352922 DONE in 291.7s
2026-02-20 15:02:55,319 | INFO | [60/3609] Match 8609361307 START
2026-02-20 15:02:55,319 | INFO | Match 8609361307: fetch overview
2026-02-20 15:05:18,710 | INFO | Match 8609361307: parse overview
2026-02-20 15:05:23,638 | INFO | Match 8609361307: fetch lanes
2026-02-20 15:07:45,915 | INFO | Match 8609361307: parse lanes
2026-02-20 15:07:45,919 | INFO | Match 8609361307: append to Excel
2026-02-20 15:07:46,315 | INFO | [60/3609] Match 8609361307 DONE in 291.0s
2026-02-20 15:07:48,818 | INFO | [61/3609] Match 8609372256 START
2026-02-20 15:07:48,818 | INFO | Match 8609372256: fetch overview
2026-02-20 15:10:13,815 | INFO | Match 8609372256: parse overview
2026-02-20 15:10:18,008 | INFO | Match 8609372256: fetch lanes
2026-02-20 15:12:41,699 | INFO | Match 8609372256: parse lanes
2026-02-20 15:12:41,701 | INFO | Match 8609372256: append to Excel
2026-02-20 15:12:42,003 | INFO | [61/3609] Match 8609372256 DONE in 293.2s
2026-02-20 15:12:44,294 | INFO | [62/3609] Match 8609335948 START
2026-02-20 15:12:44,295 | INFO | Match 8609335948: fetch overview
2026-02-20 15:15:10,197 | INFO | Match 8609335948: parse overview
2026-02-20 15:15:13,845 | INFO | Match 8609335948: fetch lanes
2026-02-20 15:17:36,915 | INFO | Match 8609335948: parse lanes
2026-02-20 15:17:36,917 | INFO | Match 8609335948: append to Excel
2026-02-20 15:17:37,204 | INFO | [62/3609] Match 8609335948 DONE in 292.9s
2026-02-20 15:17:39,814 | INFO | [63/3609] Match 8609359455 START
2026-02-20 15:17:39,814 | INFO | Match 8609359455: fetch overview
2026-02-20 15:20:03,572 | INFO | Match 8609359455: parse overview
2026-02-20 15:20:07,269 | INFO | Match 8609359455: fetch lanes
2026-02-20 15:22:31,341 | INFO | Match 8609359455: parse lanes
2026-02-20 15:22:31,345 | INFO | Match 8609359455: append to Excel
2026-02-20 15:22:31,979 | INFO | [63/3609] Match 8609359455 DONE in 292.2s
2026-02-20 15:22:35,898 | INFO | [64/3609] Match 8609357886 START
2026-02-20 15:22:35,899 | INFO | Match 8609357886: fetch overview
2026-02-20 15:25:01,132 | INFO | Match 8609357886: parse overview
2026-02-20 15:25:05,468 | INFO | Match 8609357886: fetch lanes
2026-02-20 15:27:29,104 | INFO | Match 8609357886: parse lanes
2026-02-20 15:27:29,161 | INFO | Match 8609357886: append to Excel
2026-02-20 15:27:29,611 | INFO | [64/3609] Match 8609357886 DONE in 293.7s
2026-02-20 15:27:33,595 | INFO | [65/3609] Match 8609380672 START
2026-02-20 15:27:33,596 | INFO | Match 8609380672: fetch overview
2026-02-20 15:29:58,122 | INFO | Match 8609380672: parse overview
2026-02-20 15:30:01,074 | INFO | Match 8609380672: fetch lanes
2026-02-20 15:32:24,993 | INFO | Match 8609380672: parse lanes
2026-02-20 15:32:24,996 | INFO | Match 8609380672: append to Excel
2026-02-20 15:32:25,321 | INFO | [65/3609] Match 8609380672 DONE in 291.7s
2026-02-20 15:32:27,938 | INFO | [66/3609] Match 8609344465 START
2026-02-20 15:32:27,938 | INFO | Match 8609344465: fetch overview
2026-02-20 15:34:50,316 | INFO | Match 8609344465: parse overview
2026-02-20 15:34:53,631 | INFO | Match 8609344465: fetch lanes
2026-02-20 15:37:16,143 | INFO | Match 8609344465: parse lanes
2026-02-20 15:37:16,147 | INFO | Match 8609344465: append to Excel
2026-02-20 15:37:16,583 | INFO | [66/3609] Match 8609344465 DONE in 288.6s
2026-02-20 15:37:19,113 | INFO | [67/3609] Match 8609363019 START
2026-02-20 15:37:19,114 | INFO | Match 8609363019: fetch overview
2026-02-20 15:39:41,433 | INFO | Match 8609363019: parse overview
2026-02-20 15:39:43,985 | INFO | Match 8609363019: fetch lanes
2026-02-20 15:42:07,217 | INFO | Match 8609363019: parse lanes
2026-02-20 15:42:07,218 | INFO | Match 8609363019: append to Excel
2026-02-20 15:42:07,544 | INFO | [67/3609] Match 8609363019 DONE in 288.4s
2026-02-20 15:42:09,787 | INFO | [68/3609] Match 8609331670 START
2026-02-20 15:42:09,787 | INFO | Match 8609331670: fetch overview
2026-02-20 15:44:32,673 | INFO | Match 8609331670: parse overview
2026-02-20 15:44:36,154 | INFO | Match 8609331670: fetch lanes
2026-02-20 15:46:58,720 | INFO | Match 8609331670: parse lanes
2026-02-20 15:46:58,724 | INFO | Match 8609331670: append to Excel
2026-02-20 15:46:59,128 | INFO | [68/3609] Match 8609331670 DONE in 289.3s
2026-02-20 15:47:01,276 | INFO | [69/3609] Match 8609373576 START
2026-02-20 15:47:01,277 | INFO | Match 8609373576: fetch overview
2026-02-20 15:49:24,664 | INFO | Match 8609373576: parse overview
2026-02-20 15:49:28,829 | INFO | Match 8609373576: fetch lanes
2026-02-20 15:51:52,032 | INFO | Match 8609373576: parse lanes
2026-02-20 15:51:52,035 | INFO | Match 8609373576: append to Excel
2026-02-20 15:51:52,479 | INFO | [69/3609] Match 8609373576 DONE in 291.2s
2026-02-20 15:51:55,612 | INFO | [70/3609] Match 8609370258 START
2026-02-20 15:51:55,612 | INFO | Match 8609370258: fetch overview
2026-02-20 15:54:18,991 | INFO | Match 8609370258: parse overview
2026-02-20 15:54:23,137 | INFO | Match 8609370258: fetch lanes
2026-02-20 15:56:45,749 | INFO | Match 8609370258: parse lanes
2026-02-20 15:56:45,751 | INFO | Match 8609370258: append to Excel
2026-02-20 15:56:46,214 | INFO | [70/3609] Match 8609370258 DONE in 290.6s
2026-02-20 15:56:49,357 | INFO | [71/3609] Match 8609305605 START
2026-02-20 15:56:49,358 | INFO | Match 8609305605: fetch overview
2026-02-20 15:59:12,430 | INFO | Match 8609305605: parse overview
2026-02-20 15:59:15,828 | INFO | Match 8609305605: fetch lanes
2026-02-20 16:01:38,451 | INFO | Match 8609305605: parse lanes
2026-02-20 16:01:38,453 | INFO | Match 8609305605: append to Excel
2026-02-20 16:01:38,781 | INFO | [71/3609] Match 8609305605 DONE in 289.4s
2026-02-20 16:01:41,334 | INFO | [72/3609] Match 8609370259 START
2026-02-20 16:01:41,335 | INFO | Match 8609370259: fetch overview
2026-02-20 16:04:04,114 | INFO | Match 8609370259: parse overview
2026-02-20 16:04:07,014 | INFO | Match 8609370259: fetch lanes
2026-02-20 16:06:29,537 | INFO | Match 8609370259: parse lanes
2026-02-20 16:06:29,539 | INFO | Match 8609370259: append to Excel
2026-02-20 16:06:29,987 | INFO | [72/3609] Match 8609370259 DONE in 288.7s
2026-02-20 16:06:33,310 | INFO | [73/3609] Match 8609350088 START
2026-02-20 16:06:33,310 | INFO | Match 8609350088: fetch overview
2026-02-20 16:08:55,866 | INFO | Match 8609350088: parse overview
2026-02-20 16:08:58,703 | INFO | Match 8609350088: fetch lanes
2026-02-20 16:11:21,793 | INFO | Match 8609350088: parse lanes
2026-02-20 16:11:21,796 | INFO | Match 8609350088: append to Excel
2026-02-20 16:11:22,329 | INFO | [73/3609] Match 8609350088 DONE in 289.0s
2026-02-20 16:11:26,224 | INFO | [74/3609] Match 8609373988 START
2026-02-20 16:11:26,225 | INFO | Match 8609373988: fetch overview
2026-02-20 16:13:49,967 | INFO | Match 8609373988: parse overview
2026-02-20 16:13:53,183 | INFO | Match 8609373988: fetch lanes
2026-02-20 16:16:15,907 | INFO | Match 8609373988: parse lanes
2026-02-20 16:16:15,910 | INFO | Match 8609373988: append to Excel
2026-02-20 16:16:16,301 | INFO | [74/3609] Match 8609373988 DONE in 290.1s
2026-02-20 16:16:19,449 | INFO | [75/3609] Match 8609366453 START
2026-02-20 16:16:19,449 | INFO | Match 8609366453: fetch overview
2026-02-20 16:18:42,723 | INFO | Match 8609366453: parse overview
2026-02-20 16:18:47,874 | INFO | Match 8609366453: fetch lanes
2026-02-20 16:21:11,299 | INFO | Match 8609366453: parse lanes
2026-02-20 16:21:11,304 | INFO | Match 8609366453: append to Excel
2026-02-20 16:21:11,735 | INFO | [75/3609] Match 8609366453 DONE in 292.3s
2026-02-20 16:21:14,989 | INFO | [76/3609] Match 8609374525 START
2026-02-20 16:21:14,990 | INFO | Match 8609374525: fetch overview
2026-02-20 16:23:38,480 | INFO | Match 8609374525: parse overview
2026-02-20 16:23:42,808 | INFO | Match 8609374525: fetch lanes
2026-02-20 16:26:05,856 | INFO | Match 8609374525: parse lanes
2026-02-20 16:26:05,858 | INFO | Match 8609374525: append to Excel
2026-02-20 16:26:06,202 | INFO | [76/3609] Match 8609374525 DONE in 291.2s
2026-02-20 16:26:09,293 | INFO | [77/3609] Match 8609347493 START
2026-02-20 16:26:09,293 | INFO | Match 8609347493: fetch overview
2026-02-20 16:28:32,421 | INFO | Match 8609347493: parse overview
2026-02-20 16:28:36,780 | INFO | Match 8609347493: fetch lanes
2026-02-20 16:30:59,337 | INFO | Match 8609347493: parse lanes
2026-02-20 16:30:59,341 | INFO | Match 8609347493: append to Excel
2026-02-20 16:30:59,812 | INFO | [77/3609] Match 8609347493 DONE in 290.5s
2026-02-20 16:31:02,268 | INFO | [78/3609] Match 8609367770 START
2026-02-20 16:31:02,268 | INFO | Match 8609367770: fetch overview
2026-02-20 16:33:25,447 | INFO | Match 8609367770: parse overview
2026-02-20 16:33:28,934 | INFO | Match 8609367770: fetch lanes
2026-02-20 16:35:52,240 | INFO | Match 8609367770: parse lanes
2026-02-20 16:35:52,248 | INFO | Match 8609367770: append to Excel
2026-02-20 16:35:52,795 | INFO | [78/3609] Match 8609367770 DONE in 290.5s
2026-02-20 16:35:56,611 | INFO | [79/3609] Match 8609321651 START
2026-02-20 16:35:56,611 | INFO | Match 8609321651: fetch overview
2026-02-20 16:38:19,124 | INFO | Match 8609321651: parse overview
2026-02-20 16:38:22,601 | INFO | Match 8609321651: fetch lanes
2026-02-20 16:40:46,347 | INFO | Match 8609321651: parse lanes
2026-02-20 16:40:46,349 | INFO | Match 8609321651: append to Excel
2026-02-20 16:40:46,766 | INFO | [79/3609] Match 8609321651 DONE in 290.2s
2026-02-20 16:40:50,288 | INFO | [80/3609] Match 8609366369 START
2026-02-20 16:40:50,288 | INFO | Match 8609366369: fetch overview
2026-02-20 16:43:13,428 | INFO | Match 8609366369: parse overview
2026-02-20 16:43:16,177 | INFO | Match 8609366369: fetch lanes
2026-02-20 16:45:39,262 | INFO | Match 8609366369: parse lanes
2026-02-20 16:45:39,332 | INFO | Match 8609366369: append to Excel
2026-02-20 16:45:39,672 | INFO | [80/3609] Match 8609366369 DONE in 289.4s
2026-02-20 16:45:42,712 | INFO | [81/3609] Match 8609358565 START
2026-02-20 16:45:42,713 | INFO | Match 8609358565: fetch overview
2026-02-20 16:48:06,359 | INFO | Match 8609358565: parse overview
2026-02-20 16:48:10,619 | INFO | Match 8609358565: fetch lanes
2026-02-20 16:50:33,992 | INFO | Match 8609358565: parse lanes
2026-02-20 16:50:33,995 | INFO | Match 8609358565: append to Excel
2026-02-20 16:50:34,333 | INFO | [81/3609] Match 8609358565 DONE in 291.6s
2026-02-20 16:50:36,678 | INFO | [82/3609] Match 8609352427 START
2026-02-20 16:50:36,678 | INFO | Match 8609352427: fetch overview
2026-02-20 16:53:01,875 | INFO | Match 8609352427: parse overview
2026-02-20 16:53:06,708 | INFO | Match 8609352427: fetch lanes
2026-02-20 16:55:29,898 | INFO | Match 8609352427: parse lanes
2026-02-20 16:55:29,901 | INFO | Match 8609352427: append to Excel
2026-02-20 16:55:30,220 | INFO | [82/3609] Match 8609352427 DONE in 293.5s
2026-02-20 16:55:33,639 | INFO | [83/3609] Match 8609363906 START
2026-02-20 16:55:33,639 | INFO | Match 8609363906: fetch overview
2026-02-20 16:57:59,088 | INFO | Match 8609363906: parse overview
2026-02-20 16:58:02,889 | INFO | Match 8609363906: fetch lanes
2026-02-20 17:00:26,951 | INFO | Match 8609363906: parse lanes
2026-02-20 17:00:27,192 | INFO | Match 8609363906: append to Excel
2026-02-20 17:00:27,532 | INFO | [83/3609] Match 8609363906 DONE in 293.9s
2026-02-20 17:00:29,608 | INFO | [84/3609] Match 8609377539 START
2026-02-20 17:00:29,608 | INFO | Match 8609377539: fetch overview
2026-02-20 17:02:52,591 | INFO | Match 8609377539: parse overview
2026-02-20 17:02:56,726 | INFO | Match 8609377539: fetch lanes
2026-02-20 17:05:22,264 | INFO | Match 8609377539: parse lanes
2026-02-20 17:05:22,332 | INFO | Match 8609377539: append to Excel
2026-02-20 17:05:22,776 | INFO | [84/3609] Match 8609377539 DONE in 293.2s
2026-02-20 17:05:24,783 | INFO | [85/3609] Match 8609378347 START
2026-02-20 17:05:24,783 | INFO | Match 8609378347: fetch overview
2026-02-20 17:07:47,677 | INFO | Match 8609378347: parse overview
2026-02-20 17:07:50,547 | INFO | Match 8609378347: fetch lanes
2026-02-20 17:10:13,036 | INFO | Match 8609378347: parse lanes
2026-02-20 17:10:13,040 | INFO | Match 8609378347: append to Excel
2026-02-20 17:10:13,448 | INFO | [85/3609] Match 8609378347 DONE in 288.7s
2026-02-20 17:10:15,925 | INFO | [86/3609] Match 8609363229 START
2026-02-20 17:10:15,926 | INFO | Match 8609363229: fetch overview
2026-02-20 17:12:41,259 | INFO | Match 8609363229: parse overview
2026-02-20 17:12:44,985 | INFO | Match 8609363229: fetch lanes
2026-02-20 17:15:07,449 | INFO | Match 8609363229: parse lanes
2026-02-20 17:15:07,453 | INFO | Match 8609363229: append to Excel
2026-02-20 17:15:07,906 | INFO | [86/3609] Match 8609363229 DONE in 292.0s
2026-02-20 17:15:11,157 | INFO | [87/3609] Match 8609346062 START
2026-02-20 17:15:11,157 | INFO | Match 8609346062: fetch overview
2026-02-20 17:17:36,550 | INFO | Match 8609346062: parse overview
2026-02-20 17:17:41,131 | INFO | Match 8609346062: fetch lanes
2026-02-20 17:20:05,250 | INFO | Match 8609346062: parse lanes
2026-02-20 17:20:05,252 | INFO | Match 8609346062: append to Excel
2026-02-20 17:20:05,972 | INFO | [87/3609] Match 8609346062 DONE in 294.8s
2026-02-20 17:20:09,330 | INFO | [88/3609] Match 8609365346 START
2026-02-20 17:20:09,330 | INFO | Match 8609365346: fetch overview
2026-02-20 17:22:34,515 | INFO | Match 8609365346: parse overview
2026-02-20 17:22:37,456 | INFO | Match 8609365346: fetch lanes
2026-02-20 17:24:59,926 | INFO | Match 8609365346: parse lanes
2026-02-20 17:24:59,929 | INFO | Match 8609365346: append to Excel
2026-02-20 17:25:00,401 | INFO | [88/3609] Match 8609365346 DONE in 291.1s
2026-02-20 17:25:03,542 | INFO | [89/3609] Match 8609377828 START
2026-02-20 17:25:03,542 | INFO | Match 8609377828: fetch overview
2026-02-20 17:27:26,920 | INFO | Match 8609377828: parse overview
2026-02-20 17:27:30,624 | INFO | Match 8609377828: fetch lanes
2026-02-20 17:29:55,280 | INFO | Match 8609377828: parse lanes
2026-02-20 17:29:55,338 | INFO | Match 8609377828: append to Excel
2026-02-20 17:29:55,712 | INFO | [89/3609] Match 8609377828 DONE in 292.2s
2026-02-20 17:29:58,956 | INFO | [90/3609] Match 8609368907 START
2026-02-20 17:29:58,956 | INFO | Match 8609368907: fetch overview
2026-02-20 17:32:21,543 | INFO | Match 8609368907: parse overview
2026-02-20 17:32:25,037 | INFO | Match 8609368907: fetch lanes
2026-02-20 17:34:48,249 | INFO | Match 8609368907: parse lanes
2026-02-20 17:34:48,258 | INFO | Match 8609368907: append to Excel
2026-02-20 17:34:49,652 | INFO | [90/3609] Match 8609368907 DONE in 290.7s
2026-02-20 17:34:53,409 | INFO | [91/3609] Match 8609362322 START
2026-02-20 17:34:53,409 | INFO | Match 8609362322: fetch overview
2026-02-20 17:37:18,862 | INFO | Match 8609362322: parse overview
2026-02-20 17:37:23,850 | INFO | Match 8609362322: fetch lanes
2026-02-20 17:39:46,672 | INFO | Match 8609362322: parse lanes
2026-02-20 17:39:46,676 | INFO | Match 8609362322: append to Excel
2026-02-20 17:39:47,170 | INFO | [91/3609] Match 8609362322 DONE in 293.8s
2026-02-20 17:39:50,404 | INFO | [92/3609] Match 8609375527 START
2026-02-20 17:39:50,404 | INFO | Match 8609375527: fetch overview
2026-02-20 17:42:15,937 | INFO | Match 8609375527: parse overview
2026-02-20 17:42:19,276 | INFO | Match 8609375527: fetch lanes
2026-02-20 17:44:42,395 | INFO | Match 8609375527: parse lanes
2026-02-20 17:44:42,404 | INFO | Match 8609375527: append to Excel
2026-02-20 17:44:43,095 | INFO | [92/3609] Match 8609375527 DONE in 292.7s
2026-02-20 17:44:45,140 | INFO | [93/3609] Match 8609371728 START
2026-02-20 17:44:45,140 | INFO | Match 8609371728: fetch overview
2026-02-20 17:47:07,653 | INFO | Match 8609371728: parse overview
2026-02-20 17:47:10,168 | INFO | Match 8609371728: fetch lanes
2026-02-20 17:49:34,344 | INFO | Match 8609371728: parse lanes
2026-02-20 17:49:34,345 | INFO | Match 8609371728: append to Excel
2026-02-20 17:49:34,774 | INFO | [93/3609] Match 8609371728 DONE in 289.6s
2026-02-20 17:49:38,215 | INFO | [94/3609] Match 8609375015 START
2026-02-20 17:49:38,216 | INFO | Match 8609375015: fetch overview
2026-02-20 17:52:01,973 | INFO | Match 8609375015: parse overview
2026-02-20 17:52:05,401 | INFO | Match 8609375015: fetch lanes
2026-02-20 17:54:30,026 | INFO | Match 8609375015: parse lanes
2026-02-20 17:54:30,029 | INFO | Match 8609375015: append to Excel
2026-02-20 17:54:30,640 | INFO | [94/3609] Match 8609375015 DONE in 292.4s
2026-02-20 17:54:33,005 | INFO | [95/3609] Match 8609372827 START
2026-02-20 17:54:33,005 | INFO | Match 8609372827: fetch overview
2026-02-20 17:56:59,403 | INFO | Match 8609372827: parse overview
2026-02-20 17:57:03,463 | INFO | Match 8609372827: fetch lanes
2026-02-20 17:59:26,799 | INFO | Match 8609372827: parse lanes
2026-02-20 17:59:26,802 | INFO | Match 8609372827: append to Excel
2026-02-20 17:59:27,182 | INFO | [95/3609] Match 8609372827 DONE in 294.2s
2026-02-20 17:59:30,826 | INFO | [96/3609] Match 8609329595 START
2026-02-20 17:59:30,826 | INFO | Match 8609329595: fetch overview
2026-02-20 18:01:54,214 | INFO | Match 8609329595: parse overview
2026-02-20 18:01:57,665 | INFO | Match 8609329595: fetch lanes
2026-02-20 18:04:21,126 | INFO | Match 8609329595: parse lanes
2026-02-20 18:04:21,129 | INFO | Match 8609329595: append to Excel
2026-02-20 18:04:21,518 | INFO | [96/3609] Match 8609329595 DONE in 290.7s
2026-02-20 18:04:24,089 | INFO | [97/3609] Match 8609325732 START
2026-02-20 18:04:24,089 | INFO | Match 8609325732: fetch overview
2026-02-20 18:06:46,880 | INFO | Match 8609325732: parse overview
2026-02-20 18:06:50,712 | INFO | Match 8609325732: fetch lanes
2026-02-20 18:09:14,114 | INFO | Match 8609325732: parse lanes
2026-02-20 18:09:14,237 | INFO | Match 8609325732: append to Excel
2026-02-20 18:09:14,738 | INFO | [97/3609] Match 8609325732 DONE in 290.6s
2026-02-20 18:09:18,044 | INFO | [98/3609] Match 8609361434 START
2026-02-20 18:09:18,044 | INFO | Match 8609361434: fetch overview
2026-02-20 18:11:43,380 | INFO | Match 8609361434: parse overview
2026-02-20 18:11:46,521 | INFO | Match 8609361434: fetch lanes
2026-02-20 18:14:10,919 | INFO | Match 8609361434: parse lanes
2026-02-20 18:14:10,922 | INFO | Match 8609361434: append to Excel
2026-02-20 18:14:11,305 | INFO | [98/3609] Match 8609361434 DONE in 293.3s
2026-02-20 18:14:13,932 | INFO | [99/3609] Match 8609379940 START
2026-02-20 18:14:13,932 | INFO | Match 8609379940: fetch overview
2026-02-20 18:16:39,397 | INFO | Match 8609379940: parse overview
2026-02-20 18:16:43,092 | INFO | Match 8609379940: fetch lanes
2026-02-20 18:19:05,625 | INFO | Match 8609379940: parse lanes
2026-02-20 18:19:05,630 | INFO | Match 8609379940: append to Excel
2026-02-20 18:19:06,092 | INFO | [99/3609] Match 8609379940 DONE in 292.2s
2026-02-20 18:19:08,422 | INFO | [100/3609] Match 8609353529 START
2026-02-20 18:19:08,422 | INFO | Match 8609353529: fetch overview
2026-02-20 18:21:31,529 | INFO | Match 8609353529: parse overview
2026-02-20 18:21:35,477 | INFO | Match 8609353529: fetch lanes
2026-02-20 18:23:58,145 | INFO | Match 8609353529: parse lanes
2026-02-20 18:23:58,148 | INFO | Match 8609353529: append to Excel
2026-02-20 18:23:58,666 | INFO | [100/3609] Match 8609353529 DONE in 290.2s
2026-02-20 18:24:00,887 | INFO | [101/3609] Match 8609325384 START
2026-02-20 18:24:00,887 | INFO | Match 8609325384: fetch overview
2026-02-20 18:26:24,573 | INFO | Match 8609325384: parse overview
2026-02-20 18:26:27,960 | INFO | Match 8609325384: fetch lanes
2026-02-20 18:28:51,951 | INFO | Match 8609325384: parse lanes
2026-02-20 18:28:51,955 | INFO | Match 8609325384: append to Excel
2026-02-20 18:28:52,350 | INFO | [101/3609] Match 8609325384 DONE in 291.5s
2026-02-20 18:28:54,646 | INFO | [102/3609] Match 8609385005 START
2026-02-20 18:28:54,647 | INFO | Match 8609385005: fetch overview
2026-02-20 18:31:20,909 | INFO | Match 8609385005: parse overview
2026-02-20 18:31:24,358 | INFO | Match 8609385005: fetch lanes
2026-02-20 18:33:48,039 | INFO | Match 8609385005: parse lanes
2026-02-20 18:33:48,043 | INFO | Match 8609385005: append to Excel
2026-02-20 18:33:48,622 | INFO | [102/3609] Match 8609385005 DONE in 294.0s
2026-02-20 18:33:52,384 | INFO | [103/3609] Match 8609364175 START
2026-02-20 18:33:52,384 | INFO | Match 8609364175: fetch overview
2026-02-20 18:36:16,466 | INFO | Match 8609364175: parse overview
2026-02-20 18:36:20,331 | INFO | Match 8609364175: fetch lanes
2026-02-20 18:38:43,082 | INFO | Match 8609364175: parse lanes
2026-02-20 18:38:43,085 | INFO | Match 8609364175: append to Excel
2026-02-20 18:38:43,607 | INFO | [103/3609] Match 8609364175 DONE in 291.2s
2026-02-20 18:38:47,019 | INFO | [104/3609] Match 8609373236 START
2026-02-20 18:38:47,019 | INFO | Match 8609373236: fetch overview
2026-02-20 18:41:10,270 | INFO | Match 8609373236: parse overview
2026-02-20 18:41:14,459 | INFO | Match 8609373236: fetch lanes
2026-02-20 18:43:39,178 | INFO | Match 8609373236: parse lanes
2026-02-20 18:43:39,181 | INFO | Match 8609373236: append to Excel
2026-02-20 18:43:39,579 | INFO | [104/3609] Match 8609373236 DONE in 292.6s
2026-02-20 18:43:41,959 | INFO | [105/3609] Match 8609392663 START
2026-02-20 18:43:41,960 | INFO | Match 8609392663: fetch overview
2026-02-20 18:46:04,475 | INFO | Match 8609392663: parse overview
2026-02-20 18:46:08,244 | INFO | Match 8609392663: fetch lanes
2026-02-20 18:48:32,002 | INFO | Match 8609392663: parse lanes
2026-02-20 18:48:32,006 | INFO | Match 8609392663: append to Excel
2026-02-20 18:48:32,549 | INFO | [105/3609] Match 8609392663 DONE in 290.6s
2026-02-20 18:48:35,925 | INFO | [106/3609] Match 8609390362 START
2026-02-20 18:48:35,925 | INFO | Match 8609390362: fetch overview
2026-02-20 18:50:58,618 | INFO | Match 8609390362: parse overview
2026-02-20 18:51:02,573 | INFO | Match 8609390362: fetch lanes
2026-02-20 18:53:25,838 | INFO | Match 8609390362: parse lanes
2026-02-20 18:53:25,842 | INFO | Match 8609390362: append to Excel
2026-02-20 18:53:26,245 | INFO | [106/3609] Match 8609390362 DONE in 290.3s
2026-02-20 18:53:28,442 | INFO | [107/3609] Match 8609370385 START
2026-02-20 18:53:28,443 | INFO | Match 8609370385: fetch overview
2026-02-20 18:55:51,297 | INFO | Match 8609370385: parse overview
2026-02-20 18:55:54,384 | INFO | Match 8609370385: fetch lanes
2026-02-20 18:58:17,245 | INFO | Match 8609370385: parse lanes
2026-02-20 18:58:17,249 | INFO | Match 8609370385: append to Excel
2026-02-20 18:58:17,777 | INFO | [107/3609] Match 8609370385 DONE in 289.3s
2026-02-20 18:58:20,686 | INFO | [108/3609] Match 8609327450 START
2026-02-20 18:58:20,686 | INFO | Match 8609327450: fetch overview
2026-02-20 18:58:30,716 | INFO | Match 8609327450: parse overview
2026-02-20 18:58:35,076 | INFO | Match 8609327450: fetch lanes
2026-02-20 19:00:58,056 | INFO | Match 8609327450: parse lanes
2026-02-20 19:00:58,058 | INFO | Match 8609327450: append to Excel
2026-02-20 19:00:58,792 | INFO | [108/3609] Match 8609327450 DONE in 158.1s
2026-02-20 19:01:02,304 | INFO | [109/3609] Match 8609380024 START
2026-02-20 19:01:02,305 | INFO | Match 8609380024: fetch overview
2026-02-20 19:03:25,822 | INFO | Match 8609380024: parse overview
2026-02-20 19:03:28,987 | INFO | Match 8609380024: fetch lanes
2026-02-20 19:05:52,184 | INFO | Match 8609380024: parse lanes
2026-02-20 19:05:52,187 | INFO | Match 8609380024: append to Excel
2026-02-20 19:05:52,716 | INFO | [109/3609] Match 8609380024 DONE in 290.4s
2026-02-20 19:05:56,075 | INFO | [110/3609] Match 8609375222 START
2026-02-20 19:05:56,076 | INFO | Match 8609375222: fetch overview
2026-02-20 19:08:19,183 | INFO | Match 8609375222: parse overview
2026-02-20 19:08:23,972 | INFO | Match 8609375222: fetch lanes
2026-02-20 19:10:46,859 | INFO | Match 8609375222: parse lanes
2026-02-20 19:10:46,861 | INFO | Match 8609375222: append to Excel
2026-02-20 19:10:47,288 | INFO | [110/3609] Match 8609375222 DONE in 291.2s
2026-02-20 19:10:49,972 | INFO | [111/3609] Match 8609361125 START
2026-02-20 19:10:49,972 | INFO | Match 8609361125: fetch overview
2026-02-20 19:13:12,440 | INFO | Match 8609361125: parse overview
2026-02-20 19:13:15,946 | INFO | Match 8609361125: fetch lanes
2026-02-20 19:15:39,600 | INFO | Match 8609361125: parse lanes
2026-02-20 19:15:39,604 | INFO | Match 8609361125: append to Excel
2026-02-20 19:15:40,140 | INFO | [111/3609] Match 8609361125 DONE in 290.2s
2026-02-20 19:15:42,483 | INFO | [112/3609] Match 8609350284 START
2026-02-20 19:15:42,484 | INFO | Match 8609350284: fetch overview
2026-02-20 19:18:05,916 | INFO | Match 8609350284: parse overview
2026-02-20 19:18:09,699 | INFO | Match 8609350284: fetch lanes
2026-02-20 19:20:32,127 | INFO | Match 8609350284: parse lanes
2026-02-20 19:20:32,129 | INFO | Match 8609350284: append to Excel
2026-02-20 19:20:32,619 | INFO | [112/3609] Match 8609350284 DONE in 290.1s
2026-02-20 19:20:34,950 | INFO | [113/3609] Match 8609365728 START
2026-02-20 19:20:34,950 | INFO | Match 8609365728: fetch overview
2026-02-20 19:22:57,607 | INFO | Match 8609365728: parse overview
2026-02-20 19:23:00,433 | INFO | Match 8609365728: fetch lanes
2026-02-20 19:25:23,483 | INFO | Match 8609365728: parse lanes
2026-02-20 19:25:23,486 | INFO | Match 8609365728: append to Excel
2026-02-20 19:25:24,218 | INFO | [113/3609] Match 8609365728 DONE in 289.3s
2026-02-20 19:25:26,240 | INFO | [114/3609] Match 8609371558 START
2026-02-20 19:25:26,241 | INFO | Match 8609371558: fetch overview
2026-02-20 19:27:49,294 | INFO | Match 8609371558: parse overview
2026-02-20 19:27:53,290 | INFO | Match 8609371558: fetch lanes
2026-02-20 19:30:16,389 | INFO | Match 8609371558: parse lanes
2026-02-20 19:30:16,392 | INFO | Match 8609371558: append to Excel
2026-02-20 19:30:16,959 | INFO | [114/3609] Match 8609371558 DONE in 290.7s
2026-02-20 19:30:19,891 | INFO | [115/3609] Match 8609371316 START
2026-02-20 19:30:19,892 | INFO | Match 8609371316: fetch overview
2026-02-20 19:32:42,408 | INFO | Match 8609371316: parse overview
2026-02-20 19:32:45,181 | INFO | Match 8609371316: fetch lanes
2026-02-20 19:35:08,090 | INFO | Match 8609371316: parse lanes
2026-02-20 19:35:08,094 | INFO | Match 8609371316: append to Excel
2026-02-20 19:35:08,619 | INFO | [115/3609] Match 8609371316 DONE in 288.7s
2026-02-20 19:35:12,224 | INFO | [116/3609] Match 8609386843 START
2026-02-20 19:35:12,224 | INFO | Match 8609386843: fetch overview
2026-02-20 19:37:35,419 | INFO | Match 8609386843: parse overview
2026-02-20 19:37:38,343 | INFO | Match 8609386843: fetch lanes
2026-02-20 19:40:02,132 | INFO | Match 8609386843: parse lanes
2026-02-20 19:40:02,134 | INFO | Match 8609386843: append to Excel
2026-02-20 19:40:02,602 | INFO | [116/3609] Match 8609386843 DONE in 290.4s
2026-02-20 19:40:06,096 | INFO | [117/3609] Match 8609380307 START
2026-02-20 19:40:06,097 | INFO | Match 8609380307: fetch overview
2026-02-20 19:42:29,841 | INFO | Match 8609380307: parse overview
2026-02-20 19:42:32,968 | INFO | Match 8609380307: fetch lanes
2026-02-20 19:44:55,414 | INFO | Match 8609380307: parse lanes
2026-02-20 19:44:55,417 | INFO | Match 8609380307: append to Excel
2026-02-20 19:44:55,975 | INFO | [117/3609] Match 8609380307 DONE in 289.9s
2026-02-20 19:44:59,847 | INFO | [118/3609] Match 8609341999 START
2026-02-20 19:44:59,847 | INFO | Match 8609341999: fetch overview
2026-02-20 19:47:22,498 | INFO | Match 8609341999: parse overview
2026-02-20 19:47:25,522 | INFO | Match 8609341999: fetch lanes
2026-02-20 19:49:48,479 | INFO | Match 8609341999: parse lanes
2026-02-20 19:49:48,573 | INFO | Match 8609341999: append to Excel
2026-02-20 19:49:49,096 | INFO | [118/3609] Match 8609341999 DONE in 289.2s
2026-02-20 19:49:52,370 | INFO | [119/3609] Match 8609390877 START
2026-02-20 19:49:52,370 | INFO | Match 8609390877: fetch overview
2026-02-20 19:52:15,515 | INFO | Match 8609390877: parse overview
2026-02-20 19:52:18,672 | INFO | Match 8609390877: fetch lanes
2026-02-20 19:54:42,333 | INFO | Match 8609390877: parse lanes
2026-02-20 19:54:42,401 | INFO | Match 8609390877: append to Excel
2026-02-20 19:54:42,944 | INFO | [119/3609] Match 8609390877 DONE in 290.6s
2026-02-20 19:54:46,320 | INFO | [120/3609] Match 8609379912 START
2026-02-20 19:54:46,320 | INFO | Match 8609379912: fetch overview
2026-02-20 19:57:11,358 | INFO | Match 8609379912: parse overview
2026-02-20 19:57:14,700 | INFO | Match 8609379912: fetch lanes
2026-02-20 19:59:38,185 | INFO | Match 8609379912: parse lanes
2026-02-20 19:59:38,188 | INFO | Match 8609379912: append to Excel
2026-02-20 19:59:38,818 | INFO | [120/3609] Match 8609379912 DONE in 292.5s
2026-02-20 19:59:42,195 | INFO | [121/3609] Match 8609354673 START
2026-02-20 19:59:42,195 | INFO | Match 8609354673: fetch overview
2026-02-20 20:02:07,498 | INFO | Match 8609354673: parse overview
2026-02-20 20:02:11,496 | INFO | Match 8609354673: fetch lanes
2026-02-20 20:04:33,961 | INFO | Match 8609354673: parse lanes
2026-02-20 20:04:33,963 | INFO | Match 8609354673: append to Excel
2026-02-20 20:04:34,565 | INFO | [121/3609] Match 8609354673 DONE in 292.4s
2026-02-20 20:04:36,733 | INFO | [122/3609] Match 8609384032 START
2026-02-20 20:04:36,733 | INFO | Match 8609384032: fetch overview
2026-02-20 20:06:59,430 | INFO | Match 8609384032: parse overview
2026-02-20 20:07:03,974 | INFO | Match 8609384032: fetch lanes
2026-02-20 20:09:28,717 | INFO | Match 8609384032: parse lanes
2026-02-20 20:09:28,721 | INFO | Match 8609384032: append to Excel
2026-02-20 20:09:29,216 | INFO | [122/3609] Match 8609384032 DONE in 292.5s
2026-02-20 20:09:31,938 | INFO | [123/3609] Match 8609354591 START
2026-02-20 20:09:31,938 | INFO | Match 8609354591: fetch overview
2026-02-20 20:10:36,820 | INFO | Match 8609354591: parse overview
2026-02-20 20:10:40,555 | INFO | Match 8609354591: fetch lanes
2026-02-20 20:13:03,072 | INFO | Match 8609354591: parse lanes
2026-02-20 20:13:03,076 | INFO | Match 8609354591: append to Excel
2026-02-20 20:13:03,531 | INFO | [123/3609] Match 8609354591 DONE in 211.6s
2026-02-20 20:13:06,259 | INFO | [124/3609] Match 8609372872 START
2026-02-20 20:13:06,260 | INFO | Match 8609372872: fetch overview
2026-02-20 20:15:31,796 | INFO | Match 8609372872: parse overview
2026-02-20 20:15:35,848 | INFO | Match 8609372872: fetch lanes
2026-02-20 20:18:00,109 | INFO | Match 8609372872: parse lanes
2026-02-20 20:18:00,191 | INFO | Match 8609372872: append to Excel
2026-02-20 20:18:00,679 | INFO | [124/3609] Match 8609372872 DONE in 294.4s
2026-02-20 20:18:03,971 | INFO | [125/3609] Match 8609379925 START
2026-02-20 20:18:03,972 | INFO | Match 8609379925: fetch overview
2026-02-20 20:20:29,860 | INFO | Match 8609379925: parse overview
2026-02-20 20:20:33,997 | INFO | Match 8609379925: fetch lanes
2026-02-20 20:22:56,521 | INFO | Match 8609379925: parse lanes
2026-02-20 20:22:56,525 | INFO | Match 8609379925: append to Excel
2026-02-20 20:22:56,970 | INFO | [125/3609] Match 8609379925 DONE in 293.0s
2026-02-20 20:22:59,075 | INFO | [126/3609] Match 8609380585 START
2026-02-20 20:22:59,076 | INFO | Match 8609380585: fetch overview
2026-02-20 20:25:22,164 | INFO | Match 8609380585: parse overview
2026-02-20 20:25:26,130 | INFO | Match 8609380585: fetch lanes
2026-02-20 20:27:50,146 | INFO | Match 8609380585: parse lanes
2026-02-20 20:27:50,149 | INFO | Match 8609380585: append to Excel
2026-02-20 20:27:50,706 | INFO | [126/3609] Match 8609380585 DONE in 291.6s
2026-02-20 20:27:53,376 | INFO | [127/3609] Match 8609392261 START
2026-02-20 20:27:53,376 | INFO | Match 8609392261: fetch overview
2026-02-20 20:30:16,062 | INFO | Match 8609392261: parse overview
2026-02-20 20:30:19,546 | INFO | Match 8609392261: fetch lanes
2026-02-20 20:32:42,854 | INFO | Match 8609392261: parse lanes
2026-02-20 20:32:42,858 | INFO | Match 8609392261: append to Excel
2026-02-20 20:32:43,507 | INFO | [127/3609] Match 8609392261 DONE in 290.1s
2026-02-20 20:32:46,266 | INFO | [128/3609] Match 8609384600 START
2026-02-20 20:32:46,266 | INFO | Match 8609384600: fetch overview
2026-02-20 20:35:08,880 | INFO | Match 8609384600: parse overview
2026-02-20 20:35:11,803 | INFO | Match 8609384600: fetch lanes
2026-02-20 20:37:36,480 | INFO | Match 8609384600: parse lanes
2026-02-20 20:37:36,543 | INFO | Match 8609384600: append to Excel
2026-02-20 20:37:37,029 | INFO | [128/3609] Match 8609384600 DONE in 290.8s
2026-02-20 20:37:40,539 | INFO | [129/3609] Match 8609377107 START
2026-02-20 20:37:40,539 | INFO | Match 8609377107: fetch overview
2026-02-20 20:40:05,789 | INFO | Match 8609377107: parse overview
2026-02-20 20:40:09,862 | INFO | Match 8609377107: fetch lanes
2026-02-20 20:42:32,590 | INFO | Match 8609377107: parse lanes
2026-02-20 20:42:32,594 | INFO | Match 8609377107: append to Excel
2026-02-20 20:42:33,078 | INFO | [129/3609] Match 8609377107 DONE in 292.5s
2026-02-20 20:42:35,507 | INFO | [130/3609] Match 8609379372 START
2026-02-20 20:42:35,508 | INFO | Match 8609379372: fetch overview
2026-02-20 20:44:57,967 | INFO | Match 8609379372: parse overview
2026-02-20 20:45:00,910 | INFO | Match 8609379372: fetch lanes
2026-02-20 20:47:25,965 | INFO | Match 8609379372: parse lanes
2026-02-20 20:47:26,134 | INFO | Match 8609379372: append to Excel
2026-02-20 20:47:26,704 | INFO | [130/3609] Match 8609379372 DONE in 291.2s
2026-02-20 20:47:30,610 | INFO | [131/3609] Match 8609367431 START
2026-02-20 20:47:30,611 | INFO | Match 8609367431: fetch overview
2026-02-20 20:48:23,201 | INFO | Match 8609367431: parse overview
2026-02-20 20:48:26,441 | INFO | Match 8609367431: fetch lanes
2026-02-20 20:50:49,761 | INFO | Match 8609367431: parse lanes
2026-02-20 20:50:49,765 | INFO | Match 8609367431: append to Excel
2026-02-20 20:50:50,270 | INFO | [131/3609] Match 8609367431 DONE in 199.7s
2026-02-20 20:50:52,753 | INFO | [132/3609] Match 8609353429 START
2026-02-20 20:50:52,753 | INFO | Match 8609353429: fetch overview
2026-02-20 20:53:16,621 | INFO | Match 8609353429: parse overview
2026-02-20 20:53:21,186 | INFO | Match 8609353429: fetch lanes
2026-02-20 20:55:44,998 | INFO | Match 8609353429: parse lanes
2026-02-20 20:55:45,001 | INFO | Match 8609353429: append to Excel
2026-02-20 20:55:45,853 | INFO | [132/3609] Match 8609353429 DONE in 293.1s
2026-02-20 20:55:49,616 | INFO | [133/3609] Match 8609375510 START
2026-02-20 20:55:49,617 | INFO | Match 8609375510: fetch overview
2026-02-20 20:58:15,408 | INFO | Match 8609375510: parse overview
2026-02-20 20:58:18,366 | INFO | Match 8609375510: fetch lanes
2026-02-20 21:00:41,077 | INFO | Match 8609375510: parse lanes
2026-02-20 21:00:41,080 | INFO | Match 8609375510: append to Excel
2026-02-20 21:00:41,726 | INFO | [133/3609] Match 8609375510 DONE in 292.1s
2026-02-20 21:00:44,205 | INFO | [134/3609] Match 8609375510 START
2026-02-20 21:00:44,206 | INFO | Match 8609375510: fetch overview
2026-02-20 21:03:06,854 | INFO | Match 8609375510: parse overview
2026-02-20 21:03:10,516 | INFO | Match 8609375510: fetch lanes
2026-02-20 21:05:33,370 | INFO | Match 8609375510: parse lanes
2026-02-20 21:05:33,373 | INFO | Match 8609375510: append to Excel
2026-02-20 21:05:33,753 | INFO | Match 8609375510: already in Excel, skip append
2026-02-20 21:05:33,754 | INFO | [134/3609] Match 8609375510 DONE in 289.5s
2026-02-20 21:05:36,894 | INFO | [135/3609] Match 8609400769 START
2026-02-20 21:05:36,894 | INFO | Match 8609400769: fetch overview
2026-02-20 21:08:00,513 | INFO | Match 8609400769: parse overview
2026-02-20 21:08:04,205 | INFO | Match 8609400769: fetch lanes
2026-02-20 21:10:27,187 | INFO | Match 8609400769: parse lanes
2026-02-20 21:10:27,258 | INFO | Match 8609400769: append to Excel
2026-02-20 21:10:27,910 | INFO | [135/3609] Match 8609400769 DONE in 291.0s
2026-02-20 21:10:30,945 | INFO | [136/3609] Match 8609373714 START
2026-02-20 21:10:30,945 | INFO | Match 8609373714: fetch overview
2026-02-20 21:12:56,314 | INFO | Match 8609373714: parse overview
2026-02-20 21:13:00,142 | INFO | Match 8609373714: fetch lanes
2026-02-20 21:15:24,376 | INFO | Match 8609373714: parse lanes
2026-02-20 21:15:24,419 | INFO | Match 8609373714: append to Excel
2026-02-20 21:15:24,948 | INFO | [136/3609] Match 8609373714 DONE in 294.0s
2026-02-20 21:15:27,077 | INFO | [137/3609] Match 8609338118 START
2026-02-20 21:15:27,077 | INFO | Match 8609338118: fetch overview
2026-02-20 21:17:50,090 | INFO | Match 8609338118: parse overview
2026-02-20 21:17:54,116 | INFO | Match 8609338118: fetch lanes
2026-02-20 21:20:17,375 | INFO | Match 8609338118: parse lanes
2026-02-20 21:20:17,377 | INFO | Match 8609338118: append to Excel
2026-02-20 21:20:18,444 | INFO | [137/3609] Match 8609338118 DONE in 291.4s
2026-02-20 21:20:20,650 | INFO | [138/3609] Match 8609373353 START
2026-02-20 21:20:20,651 | INFO | Match 8609373353: fetch overview
2026-02-20 21:22:43,541 | INFO | Match 8609373353: parse overview
2026-02-20 21:22:46,956 | INFO | Match 8609373353: fetch lanes
2026-02-20 21:25:10,518 | INFO | Match 8609373353: parse lanes
2026-02-20 21:25:10,519 | INFO | Match 8609373353: append to Excel
2026-02-20 21:25:11,092 | INFO | [138/3609] Match 8609373353 DONE in 290.4s
2026-02-20 21:25:13,344 | INFO | [139/3609] Match 8609368000 START
2026-02-20 21:25:13,344 | INFO | Match 8609368000: fetch overview
2026-02-20 21:27:38,366 | INFO | Match 8609368000: parse overview
2026-02-20 21:27:41,876 | INFO | Match 8609368000: fetch lanes
2026-02-20 21:28:34,403 | INFO | Match 8609368000: parse lanes
2026-02-20 21:28:34,464 | INFO | Match 8609368000: append to Excel
2026-02-20 21:28:35,067 | INFO | [139/3609] Match 8609368000 DONE in 201.7s
2026-02-20 21:28:37,614 | INFO | [140/3609] Match 8609389918 START
2026-02-20 21:28:37,614 | INFO | Match 8609389918: fetch overview
2026-02-20 21:31:00,359 | INFO | Match 8609389918: parse overview
2026-02-20 21:31:04,189 | INFO | Match 8609389918: fetch lanes
2026-02-20 21:33:28,381 | INFO | Match 8609389918: parse lanes
2026-02-20 21:33:28,383 | INFO | Match 8609389918: append to Excel
2026-02-20 21:33:29,088 | INFO | [140/3609] Match 8609389918 DONE in 291.5s
2026-02-20 21:33:32,926 | INFO | [141/3609] Match 8609364627 START
2026-02-20 21:33:32,926 | INFO | Match 8609364627: fetch overview
2026-02-20 21:35:58,162 | INFO | Match 8609364627: parse overview
2026-02-20 21:36:02,820 | INFO | Match 8609364627: fetch lanes
2026-02-20 21:38:26,731 | INFO | Match 8609364627: parse lanes
2026-02-20 21:38:26,794 | INFO | Match 8609364627: append to Excel
2026-02-20 21:38:27,451 | INFO | [141/3609] Match 8609364627 DONE in 294.5s
2026-02-20 21:38:30,160 | INFO | [142/3609] Match 8609380105 START
2026-02-20 21:38:30,160 | INFO | Match 8609380105: fetch overview
2026-02-20 21:40:55,397 | INFO | Match 8609380105: parse overview
2026-02-20 21:40:59,749 | INFO | Match 8609380105: fetch lanes
2026-02-20 21:43:23,590 | INFO | Match 8609380105: parse lanes
2026-02-20 21:43:23,593 | INFO | Match 8609380105: append to Excel
2026-02-20 21:43:24,222 | INFO | [142/3609] Match 8609380105 DONE in 294.1s
2026-02-20 21:43:27,360 | INFO | [143/3609] Match 8609362677 START
2026-02-20 21:43:27,360 | INFO | Match 8609362677: fetch overview
2026-02-20 21:45:53,080 | INFO | Match 8609362677: parse overview
2026-02-20 21:45:56,581 | INFO | Match 8609362677: fetch lanes
2026-02-20 21:48:19,469 | INFO | Match 8609362677: parse lanes
2026-02-20 21:48:19,473 | INFO | Match 8609362677: append to Excel
2026-02-20 21:48:20,092 | INFO | [143/3609] Match 8609362677 DONE in 292.7s
2026-02-20 21:48:22,157 | INFO | [144/3609] Match 8609391418 START
2026-02-20 21:48:22,157 | INFO | Match 8609391418: fetch overview
2026-02-20 21:50:45,101 | INFO | Match 8609391418: parse overview
2026-02-20 21:50:48,916 | INFO | Match 8609391418: fetch lanes
2026-02-20 21:53:11,814 | INFO | Match 8609391418: parse lanes
2026-02-20 21:53:11,816 | INFO | Match 8609391418: append to Excel
2026-02-20 21:53:12,431 | INFO | [144/3609] Match 8609391418 DONE in 290.3s
2026-02-20 21:53:16,384 | INFO | [145/3609] Match 8609351494 START
2026-02-20 21:53:16,384 | INFO | Match 8609351494: fetch overview
2026-02-20 21:55:39,315 | INFO | Match 8609351494: parse overview
2026-02-20 21:55:43,585 | INFO | Match 8609351494: fetch lanes
2026-02-20 21:58:07,159 | INFO | Match 8609351494: parse lanes
2026-02-20 21:58:07,163 | INFO | Match 8609351494: append to Excel
2026-02-20 21:58:07,849 | INFO | [145/3609] Match 8609351494 DONE in 291.5s
2026-02-20 21:58:11,554 | INFO | [146/3609] Match 8609368555 START
2026-02-20 21:58:11,554 | INFO | Match 8609368555: fetch overview
2026-02-20 22:00:35,047 | INFO | Match 8609368555: parse overview
2026-02-20 22:00:38,894 | INFO | Match 8609368555: fetch lanes
2026-02-20 22:03:02,036 | INFO | Match 8609368555: parse lanes
2026-02-20 22:03:02,040 | INFO | Match 8609368555: append to Excel
2026-02-20 22:03:02,585 | INFO | [146/3609] Match 8609368555 DONE in 291.0s
2026-02-20 22:03:05,942 | INFO | [147/3609] Match 8609390478 START
2026-02-20 22:03:05,942 | INFO | Match 8609390478: fetch overview
2026-02-20 22:05:28,603 | INFO | Match 8609390478: parse overview
2026-02-20 22:05:31,771 | INFO | Match 8609390478: fetch lanes
2026-02-20 22:07:54,471 | INFO | Match 8609390478: parse lanes
2026-02-20 22:07:54,474 | INFO | Match 8609390478: append to Excel
2026-02-20 22:07:55,154 | INFO | [147/3609] Match 8609390478 DONE in 289.2s
2026-02-20 22:07:57,226 | INFO | [148/3609] Match 8609386043 START
2026-02-20 22:07:57,227 | INFO | Match 8609386043: fetch overview
2026-02-20 22:10:19,791 | INFO | Match 8609386043: parse overview
2026-02-20 22:10:23,329 | INFO | Match 8609386043: fetch lanes
2026-02-20 22:12:46,175 | INFO | Match 8609386043: parse lanes
2026-02-20 22:12:46,179 | INFO | Match 8609386043: append to Excel
2026-02-20 22:12:46,816 | INFO | [148/3609] Match 8609386043 DONE in 289.6s
2026-02-20 22:12:49,410 | INFO | [149/3609] Match 8609394709 START
2026-02-20 22:12:49,410 | INFO | Match 8609394709: fetch overview
2026-02-20 22:15:12,312 | INFO | Match 8609394709: parse overview
2026-02-20 22:15:15,265 | INFO | Match 8609394709: fetch lanes
2026-02-20 22:17:37,844 | INFO | Match 8609394709: parse lanes
2026-02-20 22:17:37,847 | INFO | Match 8609394709: append to Excel
2026-02-20 22:17:38,448 | INFO | [149/3609] Match 8609394709 DONE in 289.0s
2026-02-20 22:17:41,512 | INFO | [150/3609] Match 8609394274 START
2026-02-20 22:17:41,512 | INFO | Match 8609394274: fetch overview
2026-02-20 22:20:04,063 | INFO | Match 8609394274: parse overview
2026-02-20 22:20:06,622 | INFO | Match 8609394274: fetch lanes
2026-02-20 22:22:29,210 | INFO | Match 8609394274: parse lanes
2026-02-20 22:22:29,214 | INFO | Match 8609394274: append to Excel
2026-02-20 22:22:29,754 | INFO | [150/3609] Match 8609394274 DONE in 288.2s
2026-02-20 22:22:32,880 | INFO | [151/3609] Match 8609407243 START
2026-02-20 22:22:32,880 | INFO | Match 8609407243: fetch overview
2026-02-20 22:24:56,142 | INFO | Match 8609407243: parse overview
2026-02-20 22:25:00,314 | INFO | Match 8609407243: fetch lanes
2026-02-20 22:27:22,679 | INFO | Match 8609407243: parse lanes
2026-02-20 22:27:22,680 | INFO | Match 8609407243: append to Excel
2026-02-20 22:27:23,361 | INFO | [151/3609] Match 8609407243 DONE in 290.5s
2026-02-20 22:27:26,922 | INFO | [152/3609] Match 8609366825 START
2026-02-20 22:27:26,922 | INFO | Match 8609366825: fetch overview
2026-02-20 22:29:50,232 | INFO | Match 8609366825: parse overview
2026-02-20 22:29:53,883 | INFO | Match 8609366825: fetch lanes
2026-02-20 22:32:16,542 | INFO | Match 8609366825: parse lanes
2026-02-20 22:32:16,544 | INFO | Match 8609366825: append to Excel
2026-02-20 22:32:17,152 | INFO | [152/3609] Match 8609366825 DONE in 290.2s
2026-02-20 22:32:19,507 | INFO | [153/3609] Match 8609408596 START
2026-02-20 22:32:19,507 | INFO | Match 8609408596: fetch overview
2026-02-20 22:34:41,870 | INFO | Match 8609408596: parse overview
2026-02-20 22:34:45,995 | INFO | Match 8609408596: fetch lanes
2026-02-20 22:37:08,438 | INFO | Match 8609408596: parse lanes
2026-02-20 22:37:08,439 | INFO | Match 8609408596: append to Excel
2026-02-20 22:37:08,957 | INFO | [153/3609] Match 8609408596 DONE in 289.5s
2026-02-20 22:37:11,826 | INFO | [154/3609] Match 8609369868 START
2026-02-20 22:37:11,826 | INFO | Match 8609369868: fetch overview
2026-02-20 22:39:34,181 | INFO | Match 8609369868: parse overview
2026-02-20 22:39:37,519 | INFO | Match 8609369868: fetch lanes
2026-02-20 22:42:00,503 | INFO | Match 8609369868: parse lanes
2026-02-20 22:42:00,505 | INFO | Match 8609369868: append to Excel
2026-02-20 22:42:01,198 | INFO | [154/3609] Match 8609369868 DONE in 289.4s
2026-02-20 22:42:04,989 | INFO | [155/3609] Match 8609333748 START
2026-02-20 22:42:04,989 | INFO | Match 8609333748: fetch overview
2026-02-20 22:44:28,382 | INFO | Match 8609333748: parse overview
2026-02-20 22:44:32,433 | INFO | Match 8609333748: fetch lanes
2026-02-20 22:46:55,321 | INFO | Match 8609333748: parse lanes
2026-02-20 22:46:55,323 | INFO | Match 8609333748: append to Excel
2026-02-20 22:46:55,906 | INFO | [155/3609] Match 8609333748 DONE in 290.9s
2026-02-20 22:46:58,427 | INFO | [156/3609] Match 8609397555 START
2026-02-20 22:46:58,427 | INFO | Match 8609397555: fetch overview
2026-02-20 22:49:21,362 | INFO | Match 8609397555: parse overview
2026-02-20 22:49:24,929 | INFO | Match 8609397555: fetch lanes
2026-02-20 22:51:47,292 | INFO | Match 8609397555: parse lanes
2026-02-20 22:51:47,295 | INFO | Match 8609397555: append to Excel
2026-02-20 22:51:47,961 | INFO | [156/3609] Match 8609397555 DONE in 289.5s
2026-02-20 22:51:51,132 | INFO | [157/3609] Match 8609391367 START
2026-02-20 22:51:51,132 | INFO | Match 8609391367: fetch overview
2026-02-20 22:54:14,504 | INFO | Match 8609391367: parse overview
2026-02-20 22:54:17,828 | INFO | Match 8609391367: fetch lanes
2026-02-20 22:54:26,336 | INFO | Match 8609391367: parse lanes
2026-02-20 22:54:26,408 | INFO | Match 8609391367: append to Excel
2026-02-20 22:54:27,029 | INFO | [157/3609] Match 8609391367 DONE in 155.9s
2026-02-20 22:54:29,346 | INFO | [158/3609] Match 8609409831 START
2026-02-20 22:54:29,346 | INFO | Match 8609409831: fetch overview
2026-02-20 22:54:38,910 | INFO | Match 8609409831: parse overview
2026-02-20 22:54:43,258 | INFO | Match 8609409831: fetch lanes
2026-02-20 22:57:06,244 | INFO | Match 8609409831: parse lanes
2026-02-20 22:57:06,245 | INFO | Match 8609409831: append to Excel
2026-02-20 22:57:06,883 | INFO | [158/3609] Match 8609409831 DONE in 157.5s
2026-02-20 22:57:09,365 | INFO | [159/3609] Match 8609378574 START
2026-02-20 22:57:09,365 | INFO | Match 8609378574: fetch overview
2026-02-20 22:59:32,557 | INFO | Match 8609378574: parse overview
2026-02-20 22:59:36,249 | INFO | Match 8609378574: fetch lanes
2026-02-20 23:01:59,622 | INFO | Match 8609378574: parse lanes
2026-02-20 23:01:59,624 | INFO | Match 8609378574: append to Excel
2026-02-20 23:02:00,162 | INFO | [159/3609] Match 8609378574 DONE in 290.8s
2026-02-20 23:02:03,129 | INFO | [160/3609] Match 8609406043 START
2026-02-20 23:02:03,129 | INFO | Match 8609406043: fetch overview
2026-02-20 23:04:25,514 | INFO | Match 8609406043: parse overview
2026-02-20 23:04:29,710 | INFO | Match 8609406043: fetch lanes
2026-02-20 23:06:53,061 | INFO | Match 8609406043: parse lanes
2026-02-20 23:06:53,063 | INFO | Match 8609406043: append to Excel
2026-02-20 23:06:53,723 | INFO | [160/3609] Match 8609406043 DONE in 290.6s
2026-02-20 23:06:55,740 | INFO | [161/3609] Match 8609395898 START
2026-02-20 23:06:55,740 | INFO | Match 8609395898: fetch overview
2026-02-20 23:09:18,549 | INFO | Match 8609395898: parse overview
2026-02-20 23:09:21,912 | INFO | Match 8609395898: fetch lanes
2026-02-20 23:11:45,260 | INFO | Match 8609395898: parse lanes
2026-02-20 23:11:45,264 | INFO | Match 8609395898: append to Excel
2026-02-20 23:11:45,900 | INFO | [161/3609] Match 8609395898 DONE in 290.2s
2026-02-20 23:11:48,150 | INFO | [162/3609] Match 8609406006 START
2026-02-20 23:11:48,151 | INFO | Match 8609406006: fetch overview
2026-02-20 23:14:11,521 | INFO | Match 8609406006: parse overview
2026-02-20 23:14:14,840 | INFO | Match 8609406006: fetch lanes
2026-02-20 23:16:38,458 | INFO | Match 8609406006: parse lanes
2026-02-20 23:16:38,518 | INFO | Match 8609406006: append to Excel
2026-02-20 23:16:39,182 | INFO | [162/3609] Match 8609406006 DONE in 291.0s
2026-02-20 23:16:42,535 | INFO | [163/3609] Match 8609386784 START
2026-02-20 23:16:42,536 | INFO | Match 8609386784: fetch overview
2026-02-20 23:19:07,346 | INFO | Match 8609386784: parse overview
2026-02-20 23:19:10,276 | INFO | Match 8609386784: fetch lanes
2026-02-20 23:21:34,049 | INFO | Match 8609386784: parse lanes
2026-02-20 23:21:34,052 | INFO | Match 8609386784: append to Excel
2026-02-20 23:21:34,770 | INFO | [163/3609] Match 8609386784 DONE in 292.2s
2026-02-20 23:21:38,562 | INFO | [164/3609] Match 8609392100 START
2026-02-20 23:21:38,562 | INFO | Match 8609392100: fetch overview
2026-02-20 23:24:03,438 | INFO | Match 8609392100: parse overview
2026-02-20 23:24:07,900 | INFO | Match 8609392100: fetch lanes
2026-02-20 23:26:32,526 | INFO | Match 8609392100: parse lanes
2026-02-20 23:26:32,529 | INFO | Match 8609392100: append to Excel
2026-02-20 23:26:33,224 | INFO | [164/3609] Match 8609392100 DONE in 294.7s
2026-02-20 23:26:35,771 | INFO | [165/3609] Match 8609390622 START
2026-02-20 23:26:35,772 | INFO | Match 8609390622: fetch overview
2026-02-20 23:29:00,838 | INFO | Match 8609390622: parse overview
2026-02-20 23:29:04,641 | INFO | Match 8609390622: fetch lanes
2026-02-20 23:31:27,262 | INFO | Match 8609390622: parse lanes
2026-02-20 23:31:27,264 | INFO | Match 8609390622: append to Excel
2026-02-20 23:31:28,010 | INFO | [165/3609] Match 8609390622 DONE in 292.2s
2026-02-20 23:31:30,622 | INFO | [166/3609] Match 8609419790 START
2026-02-20 23:31:30,622 | INFO | Match 8609419790: fetch overview
2026-02-20 23:33:53,215 | INFO | Match 8609419790: parse overview
2026-02-20 23:33:56,886 | INFO | Match 8609419790: fetch lanes
2026-02-20 23:34:05,643 | INFO | Match 8609419790: parse lanes
2026-02-20 23:34:05,710 | INFO | Match 8609419790: append to Excel
2026-02-20 23:34:06,360 | INFO | [166/3609] Match 8609419790 DONE in 155.7s
2026-02-20 23:34:09,922 | INFO | [167/3609] Match 8609400559 START
2026-02-20 23:34:09,923 | INFO | Match 8609400559: fetch overview
2026-02-20 23:36:34,349 | INFO | Match 8609400559: parse overview
2026-02-20 23:36:39,058 | INFO | Match 8609400559: fetch lanes
2026-02-20 23:39:01,502 | INFO | Match 8609400559: parse lanes
2026-02-20 23:39:01,505 | INFO | Match 8609400559: append to Excel
2026-02-20 23:39:02,253 | INFO | [167/3609] Match 8609400559 DONE in 292.3s
2026-02-20 23:39:05,688 | INFO | [168/3609] Match 8609404011 START
2026-02-20 23:39:05,688 | INFO | Match 8609404011: fetch overview
2026-02-20 23:41:31,190 | INFO | Match 8609404011: parse overview
2026-02-20 23:41:35,293 | INFO | Match 8609404011: fetch lanes
2026-02-20 23:43:58,026 | INFO | Match 8609404011: parse lanes
2026-02-20 23:43:58,029 | INFO | Match 8609404011: append to Excel
2026-02-20 23:43:58,695 | INFO | [168/3609] Match 8609404011 DONE in 293.0s
2026-02-20 23:44:02,480 | INFO | [169/3609] Match 8609404333 START
2026-02-20 23:44:02,480 | INFO | Match 8609404333: fetch overview
2026-02-20 23:44:12,492 | INFO | Match 8609404333: parse overview
2026-02-20 23:44:16,376 | INFO | Match 8609404333: fetch lanes
2026-02-20 23:44:25,102 | INFO | Match 8609404333: parse lanes
2026-02-20 23:44:25,178 | INFO | Match 8609404333: append to Excel
2026-02-20 23:44:25,857 | INFO | [169/3609] Match 8609404333 DONE in 23.4s
2026-02-20 23:44:29,256 | INFO | [170/3609] Match 8609398894 START
2026-02-20 23:44:29,256 | INFO | Match 8609398894: fetch overview
2026-02-20 23:44:39,154 | INFO | Match 8609398894: parse overview
2026-02-20 23:44:43,185 | INFO | Match 8609398894: fetch lanes
2026-02-20 23:44:51,042 | INFO | Match 8609398894: parse lanes
2026-02-20 23:44:51,113 | INFO | Match 8609398894: append to Excel
2026-02-20 23:44:51,756 | INFO | [170/3609] Match 8609398894 DONE in 22.5s
2026-02-20 23:44:53,987 | INFO | [171/3609] Match 8609406194 START
2026-02-20 23:44:53,987 | INFO | Match 8609406194: fetch overview
2026-02-20 23:45:04,381 | INFO | Match 8609406194: parse overview
2026-02-20 23:45:08,433 | INFO | Match 8609406194: fetch lanes
2026-02-20 23:45:17,161 | INFO | Match 8609406194: parse lanes
2026-02-20 23:45:17,221 | INFO | Match 8609406194: append to Excel
2026-02-20 23:45:17,914 | INFO | [171/3609] Match 8609406194 DONE in 23.9s
2026-02-20 23:45:21,634 | INFO | [172/3609] Match 8609387894 START
2026-02-20 23:45:21,634 | INFO | Match 8609387894: fetch overview
2026-02-20 23:45:31,068 | INFO | Match 8609387894: parse overview
2026-02-20 23:45:34,440 | INFO | Match 8609387894: fetch lanes
2026-02-20 23:45:42,785 | INFO | Match 8609387894: parse lanes
2026-02-20 23:45:42,851 | INFO | Match 8609387894: append to Excel
2026-02-20 23:45:43,564 | INFO | [172/3609] Match 8609387894 DONE in 21.9s
2026-02-20 23:45:45,785 | INFO | [173/3609] Match 8609388629 START
2026-02-20 23:45:45,786 | INFO | Match 8609388629: fetch overview
2026-02-20 23:45:56,322 | INFO | Match 8609388629: parse overview
2026-02-20 23:46:00,430 | INFO | Match 8609388629: fetch lanes
2026-02-20 23:46:09,153 | INFO | Match 8609388629: parse lanes
2026-02-20 23:46:09,235 | INFO | Match 8609388629: append to Excel
2026-02-20 23:46:10,236 | INFO | [173/3609] Match 8609388629 DONE in 24.5s
2026-02-20 23:46:13,355 | INFO | [174/3609] Match 8609412473 START
2026-02-20 23:46:13,355 | INFO | Match 8609412473: fetch overview
2026-02-20 23:46:23,675 | INFO | Match 8609412473: parse overview
2026-02-20 23:46:28,007 | INFO | Match 8609412473: fetch lanes
2026-02-20 23:48:51,706 | INFO | Match 8609412473: parse lanes
2026-02-20 23:48:51,709 | INFO | Match 8609412473: append to Excel
2026-02-20 23:48:52,452 | INFO | [174/3609] Match 8609412473 DONE in 159.1s
2026-02-20 23:48:54,790 | INFO | [175/3609] Match 8609336816 START
2026-02-20 23:48:54,791 | INFO | Match 8609336816: fetch overview
2026-02-20 23:49:05,890 | INFO | Match 8609336816: parse overview
2026-02-20 23:49:10,297 | INFO | Match 8609336816: fetch lanes
2026-02-20 23:49:19,249 | INFO | Match 8609336816: parse lanes
2026-02-20 23:49:19,310 | INFO | Match 8609336816: append to Excel
2026-02-20 23:49:20,015 | INFO | [175/3609] Match 8609336816 DONE in 25.2s
2026-02-20 23:49:22,328 | INFO | [176/3609] Match 8609402516 START
2026-02-20 23:49:22,329 | INFO | Match 8609402516: fetch overview
2026-02-20 23:49:33,624 | INFO | Match 8609402516: parse overview
2026-02-20 23:49:37,469 | INFO | Match 8609402516: fetch lanes
2026-02-20 23:49:46,644 | INFO | Match 8609402516: parse lanes
2026-02-20 23:49:46,717 | INFO | Match 8609402516: append to Excel
2026-02-20 23:49:47,509 | INFO | [176/3609] Match 8609402516 DONE in 25.2s
2026-02-20 23:49:50,433 | INFO | [177/3609] Match 8609405841 START
2026-02-20 23:49:50,434 | INFO | Match 8609405841: fetch overview
2026-02-20 23:50:00,688 | INFO | Match 8609405841: parse overview
2026-02-20 23:50:05,583 | INFO | Match 8609405841: fetch lanes
2026-02-20 23:50:13,712 | INFO | Match 8609405841: parse lanes
2026-02-20 23:50:13,772 | INFO | Match 8609405841: append to Excel
2026-02-20 23:50:14,500 | INFO | [177/3609] Match 8609405841 DONE in 24.1s
2026-02-20 23:50:17,126 | INFO | [178/3609] Match 8609356370 START
2026-02-20 23:50:17,126 | INFO | Match 8609356370: fetch overview
2026-02-20 23:50:27,911 | INFO | Match 8609356370: parse overview
2026-02-20 23:50:32,260 | INFO | Match 8609356370: fetch lanes
2026-02-20 23:50:41,322 | INFO | Match 8609356370: parse lanes
2026-02-20 23:50:41,381 | INFO | Match 8609356370: append to Excel
2026-02-20 23:50:42,415 | INFO | [178/3609] Match 8609356370 DONE in 25.3s
2026-02-20 23:50:44,758 | INFO | [179/3609] Match 8609388377 START
2026-02-20 23:50:44,758 | INFO | Match 8609388377: fetch overview
2026-02-20 23:50:55,827 | INFO | Match 8609388377: parse overview
2026-02-20 23:50:59,242 | INFO | Match 8609388377: fetch lanes
2026-02-20 23:53:22,815 | INFO | Match 8609388377: parse lanes
2026-02-20 23:53:22,816 | INFO | Match 8609388377: append to Excel
2026-02-20 23:53:23,604 | INFO | [179/3609] Match 8609388377 DONE in 158.8s
2026-02-20 23:53:26,181 | INFO | [180/3609] Match 8609420048 START
2026-02-20 23:53:26,181 | INFO | Match 8609420048: fetch overview
2026-02-20 23:53:35,800 | INFO | Match 8609420048: parse overview
2026-02-20 23:53:40,392 | INFO | Match 8609420048: fetch lanes
2026-02-20 23:56:03,185 | INFO | Match 8609420048: parse lanes
2026-02-20 23:56:03,186 | INFO | Match 8609420048: append to Excel
2026-02-20 23:56:04,132 | INFO | [180/3609] Match 8609420048 DONE in 158.0s
2026-02-20 23:56:06,879 | INFO | [181/3609] Match 8609414255 START
2026-02-20 23:56:06,879 | INFO | Match 8609414255: fetch overview
2026-02-20 23:56:17,300 | INFO | Match 8609414255: parse overview
2026-02-20 23:56:21,824 | INFO | Match 8609414255: fetch lanes
2026-02-20 23:58:44,507 | INFO | Match 8609414255: parse lanes
2026-02-20 23:58:44,508 | INFO | Match 8609414255: append to Excel
2026-02-20 23:58:45,369 | INFO | [181/3609] Match 8609414255 DONE in 158.5s
2026-02-20 23:58:49,278 | INFO | [182/3609] Match 8609414255 START
2026-02-20 23:58:49,278 | INFO | Match 8609414255: fetch overview
2026-02-20 23:58:59,143 | INFO | Match 8609414255: parse overview
2026-02-20 23:59:02,368 | INFO | Match 8609414255: fetch lanes
2026-02-21 00:01:25,493 | INFO | Match 8609414255: parse lanes
2026-02-21 00:01:25,495 | INFO | Match 8609414255: append to Excel
2026-02-21 00:01:26,083 | INFO | Match 8609414255: already in Excel, skip append
2026-02-21 00:01:26,084 | INFO | [182/3609] Match 8609414255 DONE in 156.8s
2026-02-21 00:01:28,171 | INFO | [183/3609] Match 8609415648 START
2026-02-21 00:01:28,171 | INFO | Match 8609415648: fetch overview
2026-02-21 00:01:38,932 | INFO | Match 8609415648: parse overview
2026-02-21 00:01:42,965 | INFO | Match 8609415648: fetch lanes
2026-02-21 00:04:05,316 | INFO | Match 8609415648: parse lanes
2026-02-21 00:04:05,317 | INFO | Match 8609415648: append to Excel
2026-02-21 00:04:06,158 | INFO | [183/3609] Match 8609415648 DONE in 158.0s
2026-02-21 00:04:08,304 | INFO | [184/3609] Match 8609363676 START
2026-02-21 00:04:08,305 | INFO | Match 8609363676: fetch overview
2026-02-21 00:04:19,018 | INFO | Match 8609363676: parse overview
2026-02-21 00:04:22,403 | INFO | Match 8609363676: fetch lanes
2026-02-21 00:06:44,964 | INFO | Match 8609363676: parse lanes
2026-02-21 00:06:44,965 | INFO | Match 8609363676: append to Excel
2026-02-21 00:06:45,648 | INFO | [184/3609] Match 8609363676 DONE in 157.3s
2026-02-21 00:06:49,504 | INFO | [185/3609] Match 8609415546 START
2026-02-21 00:06:49,504 | INFO | Match 8609415546: fetch overview
2026-02-21 00:06:59,779 | INFO | Match 8609415546: parse overview
2026-02-21 00:07:03,259 | INFO | Match 8609415546: fetch lanes
2026-02-21 00:09:26,136 | INFO | Match 8609415546: parse lanes
2026-02-21 00:09:26,137 | INFO | Match 8609415546: append to Excel
2026-02-21 00:09:26,884 | INFO | [185/3609] Match 8609415546 DONE in 157.4s
2026-02-21 00:09:30,294 | INFO | [186/3609] Match 8609422457 START
2026-02-21 00:09:30,294 | INFO | Match 8609422457: fetch overview
2026-02-21 00:09:40,058 | INFO | Match 8609422457: parse overview
2026-02-21 00:09:44,747 | INFO | Match 8609422457: fetch lanes
2026-02-21 00:09:53,099 | INFO | Match 8609422457: parse lanes
2026-02-21 00:09:53,162 | INFO | Match 8609422457: append to Excel
2026-02-21 00:09:53,944 | INFO | [186/3609] Match 8609422457 DONE in 23.7s
2026-02-21 00:09:56,119 | INFO | [187/3609] Match 8609401303 START
2026-02-21 00:09:56,119 | INFO | Match 8609401303: fetch overview
2026-02-21 00:10:06,606 | INFO | Match 8609401303: parse overview
2026-02-21 00:10:09,624 | INFO | Match 8609401303: fetch lanes
2026-02-21 00:10:18,083 | INFO | Match 8609401303: parse lanes
2026-02-21 00:10:18,149 | INFO | Match 8609401303: append to Excel
2026-02-21 00:10:18,954 | INFO | [187/3609] Match 8609401303 DONE in 22.8s
2026-02-21 00:10:22,202 | INFO | [188/3609] Match 8609417941 START
2026-02-21 00:10:22,202 | INFO | Match 8609417941: fetch overview
2026-02-21 00:10:32,431 | INFO | Match 8609417941: parse overview
2026-02-21 00:10:35,866 | INFO | Match 8609417941: fetch lanes
2026-02-21 00:12:58,831 | INFO | Match 8609417941: parse lanes
2026-02-21 00:12:58,832 | INFO | Match 8609417941: append to Excel
2026-02-21 00:12:59,876 | INFO | [188/3609] Match 8609417941 DONE in 157.7s
2026-02-21 00:13:03,870 | INFO | [189/3609] Match 8609415123 START
2026-02-21 00:13:03,870 | INFO | Match 8609415123: fetch overview
2026-02-21 00:13:14,099 | INFO | Match 8609415123: parse overview
2026-02-21 00:13:18,246 | INFO | Match 8609415123: fetch lanes
2026-02-21 00:13:26,862 | INFO | Match 8609415123: parse lanes
2026-02-21 00:13:26,925 | INFO | Match 8609415123: append to Excel
2026-02-21 00:13:27,799 | INFO | [189/3609] Match 8609415123 DONE in 23.9s
2026-02-21 00:13:31,311 | INFO | [190/3609] Match 8609403857 START
2026-02-21 00:13:31,311 | INFO | Match 8609403857: fetch overview
2026-02-21 00:13:41,254 | INFO | Match 8609403857: parse overview
2026-02-21 00:13:45,884 | INFO | Match 8609403857: fetch lanes
2026-02-21 00:16:08,305 | INFO | Match 8609403857: parse lanes
2026-02-21 00:16:08,308 | INFO | Match 8609403857: append to Excel
2026-02-21 00:16:09,202 | INFO | [190/3609] Match 8609403857 DONE in 157.9s
2026-02-21 00:16:11,803 | INFO | [191/3609] Match 8609416952 START
2026-02-21 00:16:11,803 | INFO | Match 8609416952: fetch overview
2026-02-21 00:16:22,592 | INFO | Match 8609416952: parse overview
2026-02-21 00:16:27,135 | INFO | Match 8609416952: fetch lanes
2026-02-21 00:18:49,758 | INFO | Match 8609416952: parse lanes
2026-02-21 00:18:49,759 | INFO | Match 8609416952: append to Excel
2026-02-21 00:18:50,614 | INFO | [191/3609] Match 8609416952 DONE in 158.8s
2026-02-21 00:18:53,565 | INFO | [192/3609] Match 8609406248 START
2026-02-21 00:18:53,566 | INFO | Match 8609406248: fetch overview
2026-02-21 00:19:04,157 | INFO | Match 8609406248: parse overview
2026-02-21 00:19:08,751 | INFO | Match 8609406248: fetch lanes
2026-02-21 00:21:31,372 | INFO | Match 8609406248: parse lanes
2026-02-21 00:21:31,373 | INFO | Match 8609406248: append to Excel
2026-02-21 00:21:32,181 | INFO | [192/3609] Match 8609406248 DONE in 158.6s
2026-02-21 00:21:34,410 | INFO | [193/3609] Match 8609412207 START
2026-02-21 00:21:34,410 | INFO | Match 8609412207: fetch overview
2026-02-21 00:21:45,184 | INFO | Match 8609412207: parse overview
2026-02-21 00:21:48,800 | INFO | Match 8609412207: fetch lanes
2026-02-21 00:21:57,534 | INFO | Match 8609412207: parse lanes
2026-02-21 00:21:57,592 | INFO | Match 8609412207: append to Excel
2026-02-21 00:21:58,376 | INFO | [193/3609] Match 8609412207 DONE in 24.0s
2026-02-21 00:22:00,874 | INFO | [194/3609] Match 8609413478 START
2026-02-21 00:22:00,874 | INFO | Match 8609413478: fetch overview
2026-02-21 00:22:10,982 | INFO | Match 8609413478: parse overview
2026-02-21 00:22:15,836 | INFO | Match 8609413478: fetch lanes
2026-02-21 00:24:39,311 | INFO | Match 8609413478: parse lanes
2026-02-21 00:24:39,315 | INFO | Match 8609413478: append to Excel
2026-02-21 00:24:40,271 | INFO | [194/3609] Match 8609413478 DONE in 159.4s
2026-02-21 00:24:44,167 | INFO | [195/3609] Match 8609381354 START
2026-02-21 00:24:44,167 | INFO | Match 8609381354: fetch overview
2026-02-21 00:24:53,694 | INFO | Match 8609381354: parse overview
2026-02-21 00:24:57,584 | INFO | Match 8609381354: fetch lanes
2026-02-21 00:27:21,072 | INFO | Match 8609381354: parse lanes
2026-02-21 00:27:21,073 | INFO | Match 8609381354: append to Excel
2026-02-21 00:27:21,882 | INFO | [195/3609] Match 8609381354 DONE in 157.7s
2026-02-21 00:27:23,895 | INFO | [196/3609] Match 8609415686 START
2026-02-21 00:27:23,895 | INFO | Match 8609415686: fetch overview
2026-02-21 00:27:34,478 | INFO | Match 8609415686: parse overview
2026-02-21 00:27:38,837 | INFO | Match 8609415686: fetch lanes
2026-02-21 00:30:01,459 | INFO | Match 8609415686: parse lanes
2026-02-21 00:30:01,461 | INFO | Match 8609415686: append to Excel
2026-02-21 00:30:02,856 | INFO | [196/3609] Match 8609415686 DONE in 159.0s
2026-02-21 00:30:05,873 | INFO | [197/3609] Match 8609364240 START
2026-02-21 00:30:05,873 | INFO | Match 8609364240: fetch overview
2026-02-21 00:30:16,212 | INFO | Match 8609364240: parse overview
2026-02-21 00:30:18,914 | INFO | Match 8609364240: fetch lanes
2026-02-21 00:32:41,291 | INFO | Match 8609364240: parse lanes
2026-02-21 00:32:41,292 | INFO | Match 8609364240: append to Excel
2026-02-21 00:32:42,443 | INFO | [197/3609] Match 8609364240 DONE in 156.6s
2026-02-21 00:32:44,898 | INFO | [198/3609] Match 8609430640 START
2026-02-21 00:32:44,899 | INFO | Match 8609430640: fetch overview
2026-02-21 00:32:54,998 | INFO | Match 8609430640: parse overview
2026-02-21 00:32:58,553 | INFO | Match 8609430640: fetch lanes
2026-02-21 00:35:21,941 | INFO | Match 8609430640: parse lanes
2026-02-21 00:35:21,944 | INFO | Match 8609430640: append to Excel
2026-02-21 00:35:22,799 | INFO | [198/3609] Match 8609430640 DONE in 157.9s
2026-02-21 00:35:25,696 | INFO | [199/3609] Match 8609413400 START
2026-02-21 00:35:25,696 | INFO | Match 8609413400: fetch overview
2026-02-21 00:35:35,580 | INFO | Match 8609413400: parse overview
2026-02-21 00:35:38,486 | INFO | Match 8609413400: fetch lanes
2026-02-21 00:38:01,856 | INFO | Match 8609413400: parse lanes
2026-02-21 00:38:01,857 | INFO | Match 8609413400: append to Excel
2026-02-21 00:38:02,750 | INFO | [199/3609] Match 8609413400 DONE in 157.1s
2026-02-21 00:38:06,438 | INFO | [200/3609] Match 8609387012 START
2026-02-21 00:38:06,438 | INFO | Match 8609387012: fetch overview
2026-02-21 00:38:15,476 | INFO | Match 8609387012: parse overview
2026-02-21 00:38:19,122 | INFO | Match 8609387012: fetch lanes
2026-02-21 00:40:42,445 | INFO | Match 8609387012: parse lanes
2026-02-21 00:40:42,446 | INFO | Match 8609387012: append to Excel
2026-02-21 00:40:43,301 | INFO | [200/3609] Match 8609387012 DONE in 156.9s
2026-02-21 00:40:45,903 | INFO | [201/3609] Match 8609422109 START
2026-02-21 00:40:45,903 | INFO | Match 8609422109: fetch overview
2026-02-21 00:40:55,781 | INFO | Match 8609422109: parse overview
2026-02-21 00:40:58,744 | INFO | Match 8609422109: fetch lanes
2026-02-21 00:43:21,895 | INFO | Match 8609422109: parse lanes
2026-02-21 00:43:21,896 | INFO | Match 8609422109: append to Excel
2026-02-21 00:43:22,712 | INFO | [201/3609] Match 8609422109 DONE in 156.8s
2026-02-21 00:43:25,164 | INFO | [202/3609] Match 8609384697 START
2026-02-21 00:43:25,165 | INFO | Match 8609384697: fetch overview
2026-02-21 00:43:35,999 | INFO | Match 8609384697: parse overview
2026-02-21 00:43:39,558 | INFO | Match 8609384697: fetch lanes
2026-02-21 00:46:02,889 | INFO | Match 8609384697: parse lanes
2026-02-21 00:46:02,892 | INFO | Match 8609384697: append to Excel
2026-02-21 00:46:04,145 | INFO | [202/3609] Match 8609384697 DONE in 159.0s
2026-02-21 00:46:07,621 | INFO | [203/3609] Match 8609396944 START
2026-02-21 00:46:07,622 | INFO | Match 8609396944: fetch overview
2026-02-21 00:46:18,363 | INFO | Match 8609396944: parse overview
2026-02-21 00:46:23,139 | INFO | Match 8609396944: fetch lanes
2026-02-21 00:48:45,744 | INFO | Match 8609396944: parse lanes
2026-02-21 00:48:45,745 | INFO | Match 8609396944: append to Excel
2026-02-21 00:48:46,621 | INFO | [203/3609] Match 8609396944 DONE in 159.0s
2026-02-21 00:48:49,658 | INFO | [204/3609] Match 8609419445 START
2026-02-21 00:48:49,659 | INFO | Match 8609419445: fetch overview
2026-02-21 00:48:59,357 | INFO | Match 8609419445: parse overview
2026-02-21 00:49:03,782 | INFO | Match 8609419445: fetch lanes
2026-02-21 00:51:26,722 | INFO | Match 8609419445: parse lanes
2026-02-21 00:51:26,723 | INFO | Match 8609419445: append to Excel
2026-02-21 00:51:27,561 | INFO | [204/3609] Match 8609419445 DONE in 157.9s
2026-02-21 00:51:31,263 | INFO | [205/3609] Match 8609418671 START
2026-02-21 00:51:31,263 | INFO | Match 8609418671: fetch overview
2026-02-21 00:51:40,777 | INFO | Match 8609418671: parse overview
2026-02-21 00:51:45,213 | INFO | Match 8609418671: fetch lanes
2026-02-21 00:54:08,049 | INFO | Match 8609418671: parse lanes
2026-02-21 00:54:08,049 | INFO | Match 8609418671: append to Excel
2026-02-21 00:54:08,917 | INFO | [205/3609] Match 8609418671 DONE in 157.7s
2026-02-21 00:54:12,609 | INFO | [206/3609] Match 8609391977 START
2026-02-21 00:54:12,610 | INFO | Match 8609391977: fetch overview
2026-02-21 00:54:23,447 | INFO | Match 8609391977: parse overview
2026-02-21 00:54:27,886 | INFO | Match 8609391977: fetch lanes
2026-02-21 00:54:37,227 | INFO | Match 8609391977: parse lanes
2026-02-21 00:54:37,287 | INFO | Match 8609391977: append to Excel
2026-02-21 00:54:38,169 | INFO | [206/3609] Match 8609391977 DONE in 25.6s
2026-02-21 00:54:41,949 | INFO | [207/3609] Match 8609417618 START
2026-02-21 00:54:41,949 | INFO | Match 8609417618: fetch overview
2026-02-21 00:54:52,150 | INFO | Match 8609417618: parse overview
2026-02-21 00:54:55,108 | INFO | Match 8609417618: fetch lanes
2026-02-21 00:55:03,253 | INFO | Match 8609417618: parse lanes
2026-02-21 00:55:03,329 | INFO | Match 8609417618: append to Excel
2026-02-21 00:55:04,679 | INFO | [207/3609] Match 8609417618 DONE in 22.7s
2026-02-21 00:55:07,993 | INFO | [208/3609] Match 8609418534 START
2026-02-21 00:55:07,993 | INFO | Match 8609418534: fetch overview
2026-02-21 00:57:30,632 | INFO | Match 8609418534: parse overview
2026-02-21 00:57:33,990 | INFO | Match 8609418534: fetch lanes
2026-02-21 00:59:56,407 | INFO | Match 8609418534: parse lanes
2026-02-21 00:59:56,410 | INFO | Match 8609418534: append to Excel
2026-02-21 00:59:57,498 | INFO | [208/3609] Match 8609418534 DONE in 289.5s
2026-02-21 01:00:00,357 | INFO | [209/3609] Match 8609421645 START
2026-02-21 01:00:00,357 | INFO | Match 8609421645: fetch overview
2026-02-21 01:00:11,125 | INFO | Match 8609421645: parse overview
2026-02-21 01:00:14,440 | INFO | Match 8609421645: fetch lanes
2026-02-21 01:00:22,531 | INFO | Match 8609421645: parse lanes
2026-02-21 01:00:22,595 | INFO | Match 8609421645: append to Excel
2026-02-21 01:00:23,599 | INFO | [209/3609] Match 8609421645 DONE in 23.2s
2026-02-21 01:00:27,168 | INFO | [210/3609] Match 8609405882 START
2026-02-21 01:00:27,168 | INFO | Match 8609405882: fetch overview
2026-02-21 01:00:37,625 | INFO | Match 8609405882: parse overview
2026-02-21 01:00:40,876 | INFO | Match 8609405882: fetch lanes
2026-02-21 01:03:04,285 | INFO | Match 8609405882: parse lanes
2026-02-21 01:03:04,286 | INFO | Match 8609405882: append to Excel
2026-02-21 01:03:05,242 | INFO | [210/3609] Match 8609405882 DONE in 158.1s
2026-02-21 01:03:08,008 | INFO | [211/3609] Match 8609411240 START
2026-02-21 01:03:08,009 | INFO | Match 8609411240: fetch overview
2026-02-21 01:03:18,026 | INFO | Match 8609411240: parse overview
2026-02-21 01:03:21,195 | INFO | Match 8609411240: fetch lanes
2026-02-21 01:05:44,155 | INFO | Match 8609411240: parse lanes
2026-02-21 01:05:44,156 | INFO | Match 8609411240: append to Excel
2026-02-21 01:05:45,091 | INFO | [211/3609] Match 8609411240 DONE in 157.1s
2026-02-21 01:05:48,948 | INFO | [212/3609] Match 8609395788 START
2026-02-21 01:05:48,948 | INFO | Match 8609395788: fetch overview
2026-02-21 01:05:59,083 | INFO | Match 8609395788: parse overview
2026-02-21 01:06:02,768 | INFO | Match 8609395788: fetch lanes
2026-02-21 01:06:11,550 | INFO | Match 8609395788: parse lanes
2026-02-21 01:06:11,611 | INFO | Match 8609395788: append to Excel
2026-02-21 01:06:12,497 | INFO | [212/3609] Match 8609395788 DONE in 23.5s
2026-02-21 01:06:16,484 | INFO | [213/3609] Match 8609393579 START
2026-02-21 01:06:16,484 | INFO | Match 8609393579: fetch overview
2026-02-21 01:06:27,713 | INFO | Match 8609393579: parse overview
2026-02-21 01:06:31,051 | INFO | Match 8609393579: fetch lanes
2026-02-21 01:08:54,497 | INFO | Match 8609393579: parse lanes
2026-02-21 01:08:54,498 | INFO | Match 8609393579: append to Excel
2026-02-21 01:08:55,592 | INFO | [213/3609] Match 8609393579 DONE in 159.1s
2026-02-21 01:08:57,847 | INFO | [214/3609] Match 8609400677 START
2026-02-21 01:08:57,847 | INFO | Match 8609400677: fetch overview
2026-02-21 01:09:08,451 | INFO | Match 8609400677: parse overview
2026-02-21 01:09:11,948 | INFO | Match 8609400677: fetch lanes
2026-02-21 01:09:20,916 | INFO | Match 8609400677: parse lanes
2026-02-21 01:09:20,987 | INFO | Match 8609400677: append to Excel
2026-02-21 01:09:22,033 | INFO | [214/3609] Match 8609400677 DONE in 24.2s
2026-02-21 01:09:25,071 | INFO | [215/3609] Match 8609429476 START
2026-02-21 01:09:25,071 | INFO | Match 8609429476: fetch overview
2026-02-21 01:09:34,956 | INFO | Match 8609429476: parse overview
2026-02-21 01:09:38,077 | INFO | Match 8609429476: fetch lanes
2026-02-21 01:12:00,688 | INFO | Match 8609429476: parse lanes
2026-02-21 01:12:00,689 | INFO | Match 8609429476: append to Excel
2026-02-21 01:12:01,731 | INFO | [215/3609] Match 8609429476 DONE in 156.7s
2026-02-21 01:12:05,422 | INFO | [216/3609] Match 8609424028 START
2026-02-21 01:12:05,423 | INFO | Match 8609424028: fetch overview
2026-02-21 01:12:15,941 | INFO | Match 8609424028: parse overview
2026-02-21 01:12:20,580 | INFO | Match 8609424028: fetch lanes
2026-02-21 01:14:43,504 | INFO | Match 8609424028: parse lanes
2026-02-21 01:14:43,505 | INFO | Match 8609424028: append to Excel
2026-02-21 01:14:44,490 | INFO | [216/3609] Match 8609424028 DONE in 159.1s
2026-02-21 01:14:47,505 | INFO | [217/3609] Match 8609414017 START
2026-02-21 01:14:47,505 | INFO | Match 8609414017: fetch overview
2026-02-21 01:14:57,169 | INFO | Match 8609414017: parse overview
2026-02-21 01:15:00,372 | INFO | Match 8609414017: fetch lanes
2026-02-21 01:15:09,568 | INFO | Match 8609414017: parse lanes
2026-02-21 01:15:09,630 | INFO | Match 8609414017: append to Excel
2026-02-21 01:15:10,564 | INFO | [217/3609] Match 8609414017 DONE in 23.1s
2026-02-21 01:15:13,468 | INFO | [218/3609] Match 8609427641 START
2026-02-21 01:15:13,468 | INFO | Match 8609427641: fetch overview
2026-02-21 01:15:23,633 | INFO | Match 8609427641: parse overview
2026-02-21 01:15:26,943 | INFO | Match 8609427641: fetch lanes
2026-02-21 01:15:35,692 | INFO | Match 8609427641: parse lanes
2026-02-21 01:15:35,753 | INFO | Match 8609427641: append to Excel
2026-02-21 01:15:36,817 | INFO | [218/3609] Match 8609427641 DONE in 23.3s
2026-02-21 01:15:39,371 | INFO | [219/3609] Match 8609431914 START
2026-02-21 01:15:39,371 | INFO | Match 8609431914: fetch overview
2026-02-21 01:15:48,856 | INFO | Match 8609431914: parse overview
2026-02-21 01:15:53,279 | INFO | Match 8609431914: fetch lanes
2026-02-21 01:18:15,827 | INFO | Match 8609431914: parse lanes
2026-02-21 01:18:15,829 | INFO | Match 8609431914: append to Excel
2026-02-21 01:18:16,876 | INFO | [219/3609] Match 8609431914 DONE in 157.5s
2026-02-21 01:18:19,030 | INFO | [220/3609] Match 8609407271 START
2026-02-21 01:18:19,031 | INFO | Match 8609407271: fetch overview
2026-02-21 01:18:29,156 | INFO | Match 8609407271: parse overview
2026-02-21 01:18:33,326 | INFO | Match 8609407271: fetch lanes
2026-02-21 01:20:56,157 | INFO | Match 8609407271: parse lanes
2026-02-21 01:20:56,157 | INFO | Match 8609407271: append to Excel
2026-02-21 01:20:57,399 | INFO | [220/3609] Match 8609407271 DONE in 158.4s
2026-02-21 01:20:59,911 | INFO | [221/3609] Match 8609425309 START
2026-02-21 01:20:59,911 | INFO | Match 8609425309: fetch overview
2026-02-21 01:21:09,447 | INFO | Match 8609425309: parse overview
2026-02-21 01:21:13,953 | INFO | Match 8609425309: fetch lanes
2026-02-21 01:23:36,769 | INFO | Match 8609425309: parse lanes
2026-02-21 01:23:36,770 | INFO | Match 8609425309: append to Excel
2026-02-21 01:23:38,272 | INFO | [221/3609] Match 8609425309 DONE in 158.4s
2026-02-21 01:23:40,460 | INFO | [222/3609] Match 8609438857 START
2026-02-21 01:23:40,460 | INFO | Match 8609438857: fetch overview
2026-02-21 01:23:50,384 | INFO | Match 8609438857: parse overview
2026-02-21 01:23:54,130 | INFO | Match 8609438857: fetch lanes
2026-02-21 01:26:17,695 | INFO | Match 8609438857: parse lanes
2026-02-21 01:26:17,949 | INFO | Match 8609438857: append to Excel
2026-02-21 01:26:18,987 | INFO | [222/3609] Match 8609438857 DONE in 158.5s
2026-02-21 01:26:21,107 | INFO | [223/3609] Match 8609403397 START
2026-02-21 01:26:21,107 | INFO | Match 8609403397: fetch overview
2026-02-21 01:26:31,680 | INFO | Match 8609403397: parse overview
2026-02-21 01:26:34,848 | INFO | Match 8609403397: fetch lanes
2026-02-21 01:26:43,286 | INFO | Match 8609403397: parse lanes
2026-02-21 01:26:43,379 | INFO | Match 8609403397: append to Excel
2026-02-21 01:26:44,524 | INFO | [223/3609] Match 8609403397 DONE in 23.4s
2026-02-21 01:26:47,102 | INFO | [224/3609] Match 8609400336 START
2026-02-21 01:26:47,103 | INFO | Match 8609400336: fetch overview
2026-02-21 01:26:57,293 | INFO | Match 8609400336: parse overview
2026-02-21 01:27:01,865 | INFO | Match 8609400336: fetch lanes
2026-02-21 01:29:25,120 | INFO | Match 8609400336: parse lanes
2026-02-21 01:29:25,122 | INFO | Match 8609400336: append to Excel
2026-02-21 01:29:26,391 | INFO | [224/3609] Match 8609400336 DONE in 159.3s
2026-02-21 01:29:30,191 | INFO | [225/3609] Match 8609425906 START
2026-02-21 01:29:30,192 | INFO | Match 8609425906: fetch overview
2026-02-21 01:29:40,427 | INFO | Match 8609425906: parse overview
2026-02-21 01:29:44,379 | INFO | Match 8609425906: fetch lanes
2026-02-21 01:32:07,636 | INFO | Match 8609425906: parse lanes
2026-02-21 01:32:07,637 | INFO | Match 8609425906: append to Excel
2026-02-21 01:32:08,805 | INFO | [225/3609] Match 8609425906 DONE in 158.6s
2026-02-21 01:32:10,859 | INFO | [226/3609] Match 8609418968 START
2026-02-21 01:32:10,859 | INFO | Match 8609418968: fetch overview
2026-02-21 01:32:20,706 | INFO | Match 8609418968: parse overview
2026-02-21 01:32:23,824 | INFO | Match 8609418968: fetch lanes
2026-02-21 01:32:32,022 | INFO | Match 8609418968: parse lanes
2026-02-21 01:32:32,082 | INFO | Match 8609418968: append to Excel
2026-02-21 01:32:33,110 | INFO | [226/3609] Match 8609418968 DONE in 22.3s
2026-02-21 01:32:36,486 | INFO | [227/3609] Match 8609422760 START
2026-02-21 01:32:36,486 | INFO | Match 8609422760: fetch overview
2026-02-21 01:32:46,650 | INFO | Match 8609422760: parse overview
2026-02-21 01:32:49,616 | INFO | Match 8609422760: fetch lanes
2026-02-21 01:35:11,947 | INFO | Match 8609422760: parse lanes
2026-02-21 01:35:11,950 | INFO | Match 8609422760: append to Excel
2026-02-21 01:35:13,002 | INFO | [227/3609] Match 8609422760 DONE in 156.5s
2026-02-21 01:35:16,919 | INFO | [228/3609] Match 8609414645 START
2026-02-21 01:35:16,920 | INFO | Match 8609414645: fetch overview
2026-02-21 01:35:27,076 | INFO | Match 8609414645: parse overview
2026-02-21 01:35:30,972 | INFO | Match 8609414645: fetch lanes
2026-02-21 01:35:39,743 | INFO | Match 8609414645: parse lanes
2026-02-21 01:35:39,937 | INFO | Match 8609414645: append to Excel
2026-02-21 01:35:40,898 | INFO | [228/3609] Match 8609414645 DONE in 24.0s
2026-02-21 01:35:43,439 | INFO | [229/3609] Match 8609400095 START
2026-02-21 01:35:43,439 | INFO | Match 8609400095: fetch overview
2026-02-21 01:35:53,892 | INFO | Match 8609400095: parse overview
2026-02-21 01:35:58,097 | INFO | Match 8609400095: fetch lanes
2026-02-21 01:36:06,778 | INFO | Match 8609400095: parse lanes
2026-02-21 01:36:06,849 | INFO | Match 8609400095: append to Excel
2026-02-21 01:36:08,065 | INFO | [229/3609] Match 8609400095 DONE in 24.6s
2026-02-21 01:36:11,979 | INFO | [230/3609] Match 8609423187 START
2026-02-21 01:36:11,979 | INFO | Match 8609423187: fetch overview
2026-02-21 01:36:22,053 | INFO | Match 8609423187: parse overview
2026-02-21 01:36:26,344 | INFO | Match 8609423187: fetch lanes
2026-02-21 01:36:35,312 | INFO | Match 8609423187: parse lanes
2026-02-21 01:36:35,376 | INFO | Match 8609423187: append to Excel
2026-02-21 01:36:36,525 | INFO | [230/3609] Match 8609423187 DONE in 24.5s
2026-02-21 01:36:38,824 | INFO | [231/3609] Match 8609420619 START
2026-02-21 01:36:38,825 | INFO | Match 8609420619: fetch overview
2026-02-21 01:36:48,923 | INFO | Match 8609420619: parse overview
2026-02-21 01:36:52,556 | INFO | Match 8609420619: fetch lanes
2026-02-21 01:37:00,874 | INFO | Match 8609420619: parse lanes
2026-02-21 01:37:00,939 | INFO | Match 8609420619: append to Excel
2026-02-21 01:37:02,040 | INFO | [231/3609] Match 8609420619 DONE in 23.2s
2026-02-21 01:37:05,639 | INFO | [232/3609] Match 8609411521 START
2026-02-21 01:37:05,639 | INFO | Match 8609411521: fetch overview
2026-02-21 01:37:15,484 | INFO | Match 8609411521: parse overview
2026-02-21 01:37:19,837 | INFO | Match 8609411521: fetch lanes
2026-02-21 01:37:28,090 | INFO | Match 8609411521: parse lanes
2026-02-21 01:37:28,151 | INFO | Match 8609411521: append to Excel
2026-02-21 01:37:29,236 | INFO | [232/3609] Match 8609411521 DONE in 23.6s
2026-02-21 01:37:32,273 | INFO | [233/3609] Match 8609433580 START
2026-02-21 01:37:32,273 | INFO | Match 8609433580: fetch overview
2026-02-21 01:37:42,361 | INFO | Match 8609433580: parse overview
2026-02-21 01:37:46,795 | INFO | Match 8609433580: fetch lanes
2026-02-21 01:37:56,036 | INFO | Match 8609433580: parse lanes
2026-02-21 01:37:56,105 | INFO | Match 8609433580: append to Excel
2026-02-21 01:37:57,335 | INFO | [233/3609] Match 8609433580 DONE in 25.1s
2026-02-21 01:38:01,035 | INFO | [234/3609] Match 8609373301 START
2026-02-21 01:38:01,035 | INFO | Match 8609373301: fetch overview
2026-02-21 01:38:11,699 | INFO | Match 8609373301: parse overview
2026-02-21 01:38:15,324 | INFO | Match 8609373301: fetch lanes
2026-02-21 01:40:38,220 | INFO | Match 8609373301: parse lanes
2026-02-21 01:40:38,223 | INFO | Match 8609373301: append to Excel
2026-02-21 01:40:39,502 | INFO | [234/3609] Match 8609373301 DONE in 158.5s
2026-02-21 01:40:41,694 | INFO | [235/3609] Match 8609422252 START
2026-02-21 01:40:41,694 | INFO | Match 8609422252: fetch overview
2026-02-21 01:40:52,482 | INFO | Match 8609422252: parse overview
2026-02-21 01:40:56,807 | INFO | Match 8609422252: fetch lanes
2026-02-21 01:41:05,613 | INFO | Match 8609422252: parse lanes
2026-02-21 01:41:05,677 | INFO | Match 8609422252: append to Excel
2026-02-21 01:41:06,887 | INFO | [235/3609] Match 8609422252 DONE in 25.2s
2026-02-21 01:41:09,630 | INFO | [236/3609] Match 8609424912 START
2026-02-21 01:41:09,630 | INFO | Match 8609424912: fetch overview
2026-02-21 01:43:34,095 | INFO | Match 8609424912: parse overview
2026-02-21 01:43:37,902 | INFO | Match 8609424912: fetch lanes
2026-02-21 01:46:01,911 | INFO | Match 8609424912: parse lanes
2026-02-21 01:46:01,912 | INFO | Match 8609424912: append to Excel
2026-02-21 01:46:03,207 | INFO | [236/3609] Match 8609424912 DONE in 293.6s
2026-02-21 01:46:05,783 | INFO | [237/3609] Match 8609443188 START
2026-02-21 01:46:05,783 | INFO | Match 8609443188: fetch overview
2026-02-21 01:46:16,346 | INFO | Match 8609443188: parse overview
2026-02-21 01:46:21,270 | INFO | Match 8609443188: fetch lanes
2026-02-21 01:48:44,478 | INFO | Match 8609443188: parse lanes
2026-02-21 01:48:44,480 | INFO | Match 8609443188: append to Excel
2026-02-21 01:48:45,716 | INFO | [237/3609] Match 8609443188 DONE in 159.9s
2026-02-21 01:48:48,194 | INFO | [238/3609] Match 8609400713 START
2026-02-21 01:48:48,194 | INFO | Match 8609400713: fetch overview
2026-02-21 01:48:58,257 | INFO | Match 8609400713: parse overview
2026-02-21 01:49:03,390 | INFO | Match 8609400713: fetch lanes
2026-02-21 01:49:12,337 | INFO | Match 8609400713: parse lanes
2026-02-21 01:49:12,396 | INFO | Match 8609400713: append to Excel
2026-02-21 01:49:13,469 | INFO | [238/3609] Match 8609400713 DONE in 25.3s
2026-02-21 01:49:16,795 | INFO | [239/3609] Match 8609408070 START
2026-02-21 01:49:16,795 | INFO | Match 8609408070: fetch overview
2026-02-21 01:49:27,780 | INFO | Match 8609408070: parse overview
2026-02-21 01:49:31,193 | INFO | Match 8609408070: fetch lanes
2026-02-21 01:51:53,904 | INFO | Match 8609408070: parse lanes
2026-02-21 01:51:53,907 | INFO | Match 8609408070: append to Excel
2026-02-21 01:51:55,304 | INFO | [239/3609] Match 8609408070 DONE in 158.5s
2026-02-21 01:51:58,529 | INFO | [240/3609] Match 8609419280 START
2026-02-21 01:51:58,529 | INFO | Match 8609419280: fetch overview
2026-02-21 01:52:08,990 | INFO | Match 8609419280: parse overview
2026-02-21 01:52:13,035 | INFO | Match 8609419280: fetch lanes
2026-02-21 01:54:36,277 | INFO | Match 8609419280: parse lanes
2026-02-21 01:54:36,278 | INFO | Match 8609419280: append to Excel
2026-02-21 01:54:37,559 | INFO | [240/3609] Match 8609419280 DONE in 159.0s
2026-02-21 01:54:40,450 | INFO | [241/3609] Match 8609423161 START
2026-02-21 01:54:40,450 | INFO | Match 8609423161: fetch overview
2026-02-21 01:54:50,060 | INFO | Match 8609423161: parse overview
2026-02-21 01:54:53,114 | INFO | Match 8609423161: fetch lanes
2026-02-21 01:57:16,228 | INFO | Match 8609423161: parse lanes
2026-02-21 01:57:16,229 | INFO | Match 8609423161: append to Excel
2026-02-21 01:57:17,716 | INFO | [241/3609] Match 8609423161 DONE in 157.3s
2026-02-21 01:57:21,496 | INFO | [242/3609] Match 8609404062 START
2026-02-21 01:57:21,496 | INFO | Match 8609404062: fetch overview
2026-02-21 01:57:31,042 | INFO | Match 8609404062: parse overview
2026-02-21 01:57:34,853 | INFO | Match 8609404062: fetch lanes
2026-02-21 01:59:57,305 | INFO | Match 8609404062: parse lanes
2026-02-21 01:59:57,308 | INFO | Match 8609404062: append to Excel
2026-02-21 01:59:58,465 | INFO | [242/3609] Match 8609404062 DONE in 157.0s
2026-02-21 02:00:01,262 | INFO | [243/3609] Match 8609426548 START
2026-02-21 02:00:01,262 | INFO | Match 8609426548: fetch overview
2026-02-21 02:00:11,277 | INFO | Match 8609426548: parse overview
2026-02-21 02:00:15,095 | INFO | Match 8609426548: fetch lanes
2026-02-21 02:02:37,516 | INFO | Match 8609426548: parse lanes
2026-02-21 02:02:37,517 | INFO | Match 8609426548: append to Excel
2026-02-21 02:02:38,986 | INFO | [243/3609] Match 8609426548 DONE in 157.7s
2026-02-21 02:02:41,890 | INFO | [244/3609] Match 8609424544 START
2026-02-21 02:02:41,890 | INFO | Match 8609424544: fetch overview
2026-02-21 02:02:51,785 | INFO | Match 8609424544: parse overview
2026-02-21 02:02:55,392 | INFO | Match 8609424544: fetch lanes
2026-02-21 02:03:03,953 | INFO | Match 8609424544: parse lanes
2026-02-21 02:03:04,026 | INFO | Match 8609424544: append to Excel
2026-02-21 02:03:05,641 | INFO | [244/3609] Match 8609424544 DONE in 23.8s
2026-02-21 02:03:07,924 | INFO | [245/3609] Match 8609414635 START
2026-02-21 02:03:07,924 | INFO | Match 8609414635: fetch overview
2026-02-21 02:03:18,481 | INFO | Match 8609414635: parse overview
2026-02-21 02:03:21,448 | INFO | Match 8609414635: fetch lanes
2026-02-21 02:05:44,466 | INFO | Match 8609414635: parse lanes
2026-02-21 02:05:44,468 | INFO | Match 8609414635: append to Excel
2026-02-21 02:05:45,815 | INFO | [245/3609] Match 8609414635 DONE in 157.9s
2026-02-21 02:05:49,157 | INFO | [246/3609] Match 8609424780 START
2026-02-21 02:05:49,157 | INFO | Match 8609424780: fetch overview
2026-02-21 02:05:58,983 | INFO | Match 8609424780: parse overview
2026-02-21 02:06:03,118 | INFO | Match 8609424780: fetch lanes
2026-02-21 02:06:12,319 | INFO | Match 8609424780: parse lanes
2026-02-21 02:06:12,418 | INFO | Match 8609424780: append to Excel
2026-02-21 02:06:13,879 | INFO | [246/3609] Match 8609424780 DONE in 24.7s
2026-02-21 02:06:17,371 | INFO | [247/3609] Match 8609431663 START
2026-02-21 02:06:17,371 | INFO | Match 8609431663: fetch overview
2026-02-21 02:06:27,401 | INFO | Match 8609431663: parse overview
2026-02-21 02:06:31,667 | INFO | Match 8609431663: fetch lanes
2026-02-21 02:08:54,210 | INFO | Match 8609431663: parse lanes
2026-02-21 02:08:54,212 | INFO | Match 8609431663: append to Excel
2026-02-21 02:08:55,848 | INFO | [247/3609] Match 8609431663 DONE in 158.5s
2026-02-21 02:08:57,857 | INFO | [248/3609] Match 8609433333 START
2026-02-21 02:08:57,857 | INFO | Match 8609433333: fetch overview
2026-02-21 02:09:08,335 | INFO | Match 8609433333: parse overview
2026-02-21 02:09:12,748 | INFO | Match 8609433333: fetch lanes
2026-02-21 02:11:35,808 | INFO | Match 8609433333: parse lanes
2026-02-21 02:11:35,809 | INFO | Match 8609433333: append to Excel
2026-02-21 02:11:37,014 | INFO | [248/3609] Match 8609433333 DONE in 159.2s
2026-02-21 02:11:40,910 | INFO | [249/3609] Match 8609412027 START
2026-02-21 02:11:40,910 | INFO | Match 8609412027: fetch overview
2026-02-21 02:11:51,420 | INFO | Match 8609412027: parse overview
2026-02-21 02:11:54,583 | INFO | Match 8609412027: fetch lanes
2026-02-21 02:12:02,833 | INFO | Match 8609412027: parse lanes
2026-02-21 02:12:02,892 | INFO | Match 8609412027: append to Excel
2026-02-21 02:12:04,060 | INFO | [249/3609] Match 8609412027 DONE in 23.1s
2026-02-21 02:12:06,635 | INFO | [250/3609] Match 8609435426 START
2026-02-21 02:12:06,635 | INFO | Match 8609435426: fetch overview
2026-02-21 02:12:16,307 | INFO | Match 8609435426: parse overview
2026-02-21 02:12:21,190 | INFO | Match 8609435426: fetch lanes
2026-02-21 02:14:44,427 | INFO | Match 8609435426: parse lanes
2026-02-21 02:14:44,429 | INFO | Match 8609435426: append to Excel
2026-02-21 02:14:45,948 | INFO | [250/3609] Match 8609435426 DONE in 159.3s
2026-02-21 02:14:49,159 | INFO | [251/3609] Match 8609426188 START
2026-02-21 02:14:49,159 | INFO | Match 8609426188: fetch overview
2026-02-21 02:14:59,454 | INFO | Match 8609426188: parse overview
2026-02-21 02:15:03,801 | INFO | Match 8609426188: fetch lanes
2026-02-21 02:15:12,537 | INFO | Match 8609426188: parse lanes
2026-02-21 02:15:12,815 | INFO | Match 8609426188: append to Excel
2026-02-21 02:15:14,022 | INFO | [251/3609] Match 8609426188 DONE in 24.9s
2026-02-21 02:15:17,539 | INFO | [252/3609] Match 8609418891 START
2026-02-21 02:15:17,539 | INFO | Match 8609418891: fetch overview
2026-02-21 02:15:27,745 | INFO | Match 8609418891: parse overview
2026-02-21 02:15:30,787 | INFO | Match 8609418891: fetch lanes
2026-02-21 02:17:53,253 | INFO | Match 8609418891: parse lanes
2026-02-21 02:17:53,254 | INFO | Match 8609418891: append to Excel
2026-02-21 02:17:54,557 | INFO | [252/3609] Match 8609418891 DONE in 157.0s
2026-02-21 02:17:57,669 | INFO | [253/3609] Match 8609422158 START
2026-02-21 02:17:57,669 | INFO | Match 8609422158: fetch overview
2026-02-21 02:18:07,789 | INFO | Match 8609422158: parse overview
2026-02-21 02:18:11,140 | INFO | Match 8609422158: fetch lanes
2026-02-21 02:20:35,079 | INFO | Match 8609422158: parse lanes
2026-02-21 02:20:35,080 | INFO | Match 8609422158: append to Excel
2026-02-21 02:20:36,550 | INFO | [253/3609] Match 8609422158 DONE in 158.9s
2026-02-21 02:20:40,114 | INFO | [254/3609] Match 8609412528 START
2026-02-21 02:20:40,114 | INFO | Match 8609412528: fetch overview
2026-02-21 02:20:49,456 | INFO | Match 8609412528: parse overview
2026-02-21 02:20:52,494 | INFO | Match 8609412528: fetch lanes
2026-02-21 02:23:15,049 | INFO | Match 8609412528: parse lanes
2026-02-21 02:23:15,050 | INFO | Match 8609412528: append to Excel
2026-02-21 02:23:16,912 | INFO | [254/3609] Match 8609412528 DONE in 156.8s
2026-02-21 02:23:20,114 | INFO | [255/3609] Match 8609447093 START
2026-02-21 02:23:20,114 | INFO | Match 8609447093: fetch overview
2026-02-21 02:23:31,039 | INFO | Match 8609447093: parse overview
2026-02-21 02:23:34,564 | INFO | Match 8609447093: fetch lanes
2026-02-21 02:23:43,015 | INFO | Match 8609447093: parse lanes
2026-02-21 02:23:43,086 | INFO | Match 8609447093: append to Excel
2026-02-21 02:23:44,647 | INFO | [255/3609] Match 8609447093 DONE in 24.5s
2026-02-21 02:23:47,033 | INFO | [256/3609] Match 8609409285 START
2026-02-21 02:23:47,034 | INFO | Match 8609409285: fetch overview
2026-02-21 02:23:57,419 | INFO | Match 8609409285: parse overview
2026-02-21 02:24:02,243 | INFO | Match 8609409285: fetch lanes
2026-02-21 02:26:24,740 | INFO | Match 8609409285: parse lanes
2026-02-21 02:26:24,741 | INFO | Match 8609409285: append to Excel
2026-02-21 02:26:26,334 | INFO | [256/3609] Match 8609409285 DONE in 159.3s
2026-02-21 02:26:29,743 | INFO | [257/3609] Match 8609377263 START
2026-02-21 02:26:29,744 | INFO | Match 8609377263: fetch overview
2026-02-21 02:26:39,433 | INFO | Match 8609377263: parse overview
2026-02-21 02:26:42,497 | INFO | Match 8609377263: fetch lanes
2026-02-21 02:29:05,344 | INFO | Match 8609377263: parse lanes
2026-02-21 02:29:05,347 | INFO | Match 8609377263: append to Excel
2026-02-21 02:29:06,755 | INFO | [257/3609] Match 8609377263 DONE in 157.0s
2026-02-21 02:29:10,350 | INFO | [258/3609] Match 8609403295 START
2026-02-21 02:29:10,350 | INFO | Match 8609403295: fetch overview
2026-02-21 02:29:20,429 | INFO | Match 8609403295: parse overview
2026-02-21 02:29:23,332 | INFO | Match 8609403295: fetch lanes
2026-02-21 02:31:45,988 | INFO | Match 8609403295: parse lanes
2026-02-21 02:31:45,989 | INFO | Match 8609403295: append to Excel
2026-02-21 02:31:47,178 | INFO | [258/3609] Match 8609403295 DONE in 156.8s
2026-02-21 02:31:49,603 | INFO | [259/3609] Match 8609435936 START
2026-02-21 02:31:49,603 | INFO | Match 8609435936: fetch overview
2026-02-21 02:32:00,239 | INFO | Match 8609435936: parse overview
2026-02-21 02:32:03,783 | INFO | Match 8609435936: fetch lanes
2026-02-21 02:32:12,029 | INFO | Match 8609435936: parse lanes
2026-02-21 02:32:12,097 | INFO | Match 8609435936: append to Excel
2026-02-21 02:32:13,607 | INFO | [259/3609] Match 8609435936 DONE in 24.0s
2026-02-21 02:32:16,861 | INFO | [260/3609] Match 8609438600 START
2026-02-21 02:32:16,861 | INFO | Match 8609438600: fetch overview
2026-02-21 02:32:27,342 | INFO | Match 8609438600: parse overview
2026-02-21 02:32:31,000 | INFO | Match 8609438600: fetch lanes
2026-02-21 02:32:39,175 | INFO | Match 8609438600: parse lanes
2026-02-21 02:32:39,241 | INFO | Match 8609438600: append to Excel
2026-02-21 02:32:40,593 | INFO | [260/3609] Match 8609438600 DONE in 23.7s
2026-02-21 02:32:42,967 | INFO | [261/3609] Match 8609445000 START
2026-02-21 02:32:42,967 | INFO | Match 8609445000: fetch overview
2026-02-21 02:32:52,152 | INFO | Match 8609445000: parse overview
2026-02-21 02:32:56,890 | INFO | Match 8609445000: fetch lanes
2026-02-21 02:35:19,865 | INFO | Match 8609445000: parse lanes
2026-02-21 02:35:19,866 | INFO | Match 8609445000: append to Excel
2026-02-21 02:35:21,232 | INFO | [261/3609] Match 8609445000 DONE in 158.3s
2026-02-21 02:35:23,630 | INFO | [262/3609] Match 8609432565 START
2026-02-21 02:35:23,630 | INFO | Match 8609432565: fetch overview
2026-02-21 02:35:33,600 | INFO | Match 8609432565: parse overview
2026-02-21 02:35:38,158 | INFO | Match 8609432565: fetch lanes
2026-02-21 02:35:47,180 | INFO | Match 8609432565: parse lanes
2026-02-21 02:35:47,270 | INFO | Match 8609432565: append to Excel
2026-02-21 02:35:48,715 | INFO | [262/3609] Match 8609432565 DONE in 25.1s
2026-02-21 02:35:50,965 | INFO | [263/3609] Match 8609401814 START
2026-02-21 02:35:50,965 | INFO | Match 8609401814: fetch overview
2026-02-21 02:36:01,750 | INFO | Match 8609401814: parse overview
2026-02-21 02:36:05,385 | INFO | Match 8609401814: fetch lanes
2026-02-21 02:38:27,918 | INFO | Match 8609401814: parse lanes
2026-02-21 02:38:27,920 | INFO | Match 8609401814: append to Excel
2026-02-21 02:38:29,385 | INFO | [263/3609] Match 8609401814 DONE in 158.4s
2026-02-21 02:38:33,290 | INFO | [264/3609] Match 8609433329 START
2026-02-21 02:38:33,291 | INFO | Match 8609433329: fetch overview
2026-02-21 02:38:44,180 | INFO | Match 8609433329: parse overview
2026-02-21 02:38:48,546 | INFO | Match 8609433329: fetch lanes
2026-02-21 02:38:57,549 | INFO | Match 8609433329: parse lanes
2026-02-21 02:38:57,619 | INFO | Match 8609433329: append to Excel
2026-02-21 02:38:59,203 | INFO | [264/3609] Match 8609433329 DONE in 25.9s
2026-02-21 02:39:01,378 | INFO | [265/3609] Match 8609428011 START
2026-02-21 02:39:01,378 | INFO | Match 8609428011: fetch overview
2026-02-21 02:39:10,892 | INFO | Match 8609428011: parse overview
2026-02-21 02:39:14,381 | INFO | Match 8609428011: fetch lanes
2026-02-21 02:41:37,180 | INFO | Match 8609428011: parse lanes
2026-02-21 02:41:37,180 | INFO | Match 8609428011: append to Excel
2026-02-21 02:41:38,559 | INFO | [265/3609] Match 8609428011 DONE in 157.2s
2026-02-21 02:41:41,532 | INFO | [266/3609] Match 8609447982 START
2026-02-21 02:41:41,532 | INFO | Match 8609447982: fetch overview
2026-02-21 02:41:51,674 | INFO | Match 8609447982: parse overview
2026-02-21 02:41:55,912 | INFO | Match 8609447982: fetch lanes
2026-02-21 02:44:18,397 | INFO | Match 8609447982: parse lanes
2026-02-21 02:44:18,398 | INFO | Match 8609447982: append to Excel
2026-02-21 02:44:20,005 | INFO | [266/3609] Match 8609447982 DONE in 158.5s
2026-02-21 02:44:23,386 | INFO | [267/3609] Match 8609442173 START
2026-02-21 02:44:23,386 | INFO | Match 8609442173: fetch overview
2026-02-21 02:44:33,570 | INFO | Match 8609442173: parse overview
2026-02-21 02:44:37,109 | INFO | Match 8609442173: fetch lanes
2026-02-21 02:46:59,897 | INFO | Match 8609442173: parse lanes
2026-02-21 02:46:59,899 | INFO | Match 8609442173: append to Excel
2026-02-21 02:47:01,403 | INFO | [267/3609] Match 8609442173 DONE in 158.0s
2026-02-21 02:47:04,456 | INFO | [268/3609] Match 8609439406 START
2026-02-21 02:47:04,456 | INFO | Match 8609439406: fetch overview
2026-02-21 02:47:13,973 | INFO | Match 8609439406: parse overview
2026-02-21 02:47:17,537 | INFO | Match 8609439406: fetch lanes
2026-02-21 02:49:40,465 | INFO | Match 8609439406: parse lanes
2026-02-21 02:49:40,466 | INFO | Match 8609439406: append to Excel
2026-02-21 02:49:42,014 | INFO | [268/3609] Match 8609439406 DONE in 157.6s
2026-02-21 02:49:45,805 | INFO | [269/3609] Match 8609401344 START
2026-02-21 02:49:45,805 | INFO | Match 8609401344: fetch overview
2026-02-21 02:49:55,592 | INFO | Match 8609401344: parse overview
2026-02-21 02:49:58,936 | INFO | Match 8609401344: fetch lanes
2026-02-21 02:50:08,471 | INFO | Match 8609401344: parse lanes
2026-02-21 02:50:08,543 | INFO | Match 8609401344: append to Excel
2026-02-21 02:50:10,024 | INFO | [269/3609] Match 8609401344 DONE in 24.2s
2026-02-21 02:50:12,459 | INFO | [270/3609] Match 8609441235 START
2026-02-21 02:50:12,459 | INFO | Match 8609441235: fetch overview
2026-02-21 02:50:22,397 | INFO | Match 8609441235: parse overview
2026-02-21 02:50:26,022 | INFO | Match 8609441235: fetch lanes
2026-02-21 02:50:34,398 | INFO | Match 8609441235: parse lanes
2026-02-21 02:50:34,478 | INFO | Match 8609441235: append to Excel
2026-02-21 02:50:36,234 | INFO | [270/3609] Match 8609441235 DONE in 23.8s
2026-02-21 02:50:38,679 | INFO | [271/3609] Match 8609425655 START
2026-02-21 02:50:38,679 | INFO | Match 8609425655: fetch overview
2026-02-21 02:50:48,433 | INFO | Match 8609425655: parse overview
2026-02-21 02:50:51,443 | INFO | Match 8609425655: fetch lanes
2026-02-21 02:53:14,413 | INFO | Match 8609425655: parse lanes
2026-02-21 02:53:14,414 | INFO | Match 8609425655: append to Excel
2026-02-21 02:53:15,817 | INFO | [271/3609] Match 8609425655 DONE in 157.1s
2026-02-21 02:53:19,770 | INFO | [272/3609] Match 8609421741 START
2026-02-21 02:53:19,771 | INFO | Match 8609421741: fetch overview
2026-02-21 02:53:30,528 | INFO | Match 8609421741: parse overview
2026-02-21 02:53:33,965 | INFO | Match 8609421741: fetch lanes
2026-02-21 02:55:57,855 | INFO | Match 8609421741: parse lanes
2026-02-21 02:55:57,856 | INFO | Match 8609421741: append to Excel
2026-02-21 02:55:59,404 | INFO | [272/3609] Match 8609421741 DONE in 159.6s
2026-02-21 02:56:03,283 | INFO | [273/3609] Match 8609455866 START
2026-02-21 02:56:03,283 | INFO | Match 8609455866: fetch overview
2026-02-21 02:56:13,693 | INFO | Match 8609455866: parse overview
2026-02-21 02:56:17,936 | INFO | Match 8609455866: fetch lanes
2026-02-21 02:58:41,285 | INFO | Match 8609455866: parse lanes
2026-02-21 02:58:41,286 | INFO | Match 8609455866: append to Excel
2026-02-21 02:58:43,442 | INFO | [273/3609] Match 8609455866 DONE in 160.2s
2026-02-21 02:58:46,417 | INFO | [274/3609] Match 8609443975 START
2026-02-21 02:58:46,417 | INFO | Match 8609443975: fetch overview
2026-02-21 02:58:56,229 | INFO | Match 8609443975: parse overview
2026-02-21 02:59:00,893 | INFO | Match 8609443975: fetch lanes
2026-02-21 02:59:09,946 | INFO | Match 8609443975: parse lanes
2026-02-21 02:59:10,167 | INFO | Match 8609443975: append to Excel
2026-02-21 02:59:11,448 | INFO | [274/3609] Match 8609443975 DONE in 25.0s
2026-02-21 02:59:14,584 | INFO | [275/3609] Match 8609420872 START
2026-02-21 02:59:14,584 | INFO | Match 8609420872: fetch overview
2026-02-21 02:59:25,442 | INFO | Match 8609420872: parse overview
2026-02-21 02:59:28,955 | INFO | Match 8609420872: fetch lanes
2026-02-21 02:59:38,134 | INFO | Match 8609420872: parse lanes
2026-02-21 02:59:38,194 | INFO | Match 8609420872: append to Excel
2026-02-21 02:59:39,725 | INFO | [275/3609] Match 8609420872 DONE in 25.1s
2026-02-21 02:59:43,316 | INFO | [276/3609] Match 8609437442 START
2026-02-21 02:59:43,316 | INFO | Match 8609437442: fetch overview
2026-02-21 02:59:53,049 | INFO | Match 8609437442: parse overview
2026-02-21 02:59:56,123 | INFO | Match 8609437442: fetch lanes
2026-02-21 03:02:18,621 | INFO | Match 8609437442: parse lanes
2026-02-21 03:02:18,622 | INFO | Match 8609437442: append to Excel
2026-02-21 03:02:20,299 | INFO | [276/3609] Match 8609437442 DONE in 157.0s
2026-02-21 03:02:22,974 | INFO | [277/3609] Match 8609430648 START
2026-02-21 03:02:22,974 | INFO | Match 8609430648: fetch overview
2026-02-21 03:02:33,253 | INFO | Match 8609430648: parse overview
2026-02-21 03:02:37,816 | INFO | Match 8609430648: fetch lanes
2026-02-21 03:02:47,063 | INFO | Match 8609430648: parse lanes
2026-02-21 03:02:47,137 | INFO | Match 8609430648: append to Excel
2026-02-21 03:02:48,756 | INFO | [277/3609] Match 8609430648 DONE in 25.8s
2026-02-21 03:02:51,375 | INFO | [278/3609] Match 8609428653 START
2026-02-21 03:02:51,375 | INFO | Match 8609428653: fetch overview
2026-02-21 03:03:01,864 | INFO | Match 8609428653: parse overview
2026-02-21 03:03:06,193 | INFO | Match 8609428653: fetch lanes
2026-02-21 03:03:14,448 | INFO | Match 8609428653: parse lanes
2026-02-21 03:03:14,510 | INFO | Match 8609428653: append to Excel
2026-02-21 03:03:16,048 | INFO | [278/3609] Match 8609428653 DONE in 24.7s
2026-02-21 03:03:18,327 | INFO | [279/3609] Match 8609420530 START
2026-02-21 03:03:18,327 | INFO | Match 8609420530: fetch overview
2026-02-21 03:03:27,903 | INFO | Match 8609420530: parse overview
2026-02-21 03:03:30,954 | INFO | Match 8609420530: fetch lanes
2026-02-21 03:05:54,855 | INFO | Match 8609420530: parse lanes
2026-02-21 03:05:54,857 | INFO | Match 8609420530: append to Excel
2026-02-21 03:05:56,965 | INFO | [279/3609] Match 8609420530 DONE in 158.6s
2026-02-21 03:05:59,447 | INFO | [280/3609] Match 8609445507 START
2026-02-21 03:05:59,447 | INFO | Match 8609445507: fetch overview
2026-02-21 03:06:09,052 | INFO | Match 8609445507: parse overview
2026-02-21 03:06:12,117 | INFO | Match 8609445507: fetch lanes
2026-02-21 03:06:20,290 | INFO | Match 8609445507: parse lanes
2026-02-21 03:06:20,372 | INFO | Match 8609445507: append to Excel
2026-02-21 03:06:21,847 | INFO | [280/3609] Match 8609445507 DONE in 22.4s
2026-02-21 03:06:25,654 | INFO | [281/3609] Match 8609398976 START
2026-02-21 03:06:25,654 | INFO | Match 8609398976: fetch overview
2026-02-21 03:06:36,863 | INFO | Match 8609398976: parse overview
2026-02-21 03:06:40,257 | INFO | Match 8609398976: fetch lanes
2026-02-21 03:09:03,509 | INFO | Match 8609398976: parse lanes
2026-02-21 03:09:03,512 | INFO | Match 8609398976: append to Excel
2026-02-21 03:09:05,113 | INFO | [281/3609] Match 8609398976 DONE in 159.5s
2026-02-21 03:09:08,926 | INFO | [282/3609] Match 8609444611 START
2026-02-21 03:09:08,926 | INFO | Match 8609444611: fetch overview
2026-02-21 03:09:18,327 | INFO | Match 8609444611: parse overview
2026-02-21 03:09:22,633 | INFO | Match 8609444611: fetch lanes
2026-02-21 03:11:45,433 | INFO | Match 8609444611: parse lanes
2026-02-21 03:11:45,434 | INFO | Match 8609444611: append to Excel
2026-02-21 03:11:47,066 | INFO | [282/3609] Match 8609444611 DONE in 158.1s
2026-02-21 03:11:50,449 | INFO | [283/3609] Match 8609437048 START
2026-02-21 03:11:50,449 | INFO | Match 8609437048: fetch overview
2026-02-21 03:12:00,457 | INFO | Match 8609437048: parse overview
2026-02-21 03:12:04,524 | INFO | Match 8609437048: fetch lanes
2026-02-21 03:12:13,186 | INFO | Match 8609437048: parse lanes
2026-02-21 03:12:13,249 | INFO | Match 8609437048: append to Excel
2026-02-21 03:12:14,834 | INFO | [283/3609] Match 8609437048 DONE in 24.4s
2026-02-21 03:12:18,662 | INFO | [284/3609] Match 8609451480 START
2026-02-21 03:12:18,662 | INFO | Match 8609451480: fetch overview
2026-02-21 03:12:28,346 | INFO | Match 8609451480: parse overview
2026-02-21 03:12:31,426 | INFO | Match 8609451480: fetch lanes
2026-02-21 03:14:54,602 | INFO | Match 8609451480: parse lanes
2026-02-21 03:14:54,603 | INFO | Match 8609451480: append to Excel
2026-02-21 03:14:56,170 | INFO | [284/3609] Match 8609451480 DONE in 157.5s
2026-02-21 03:14:58,666 | INFO | [285/3609] Match 8609451141 START
2026-02-21 03:14:58,666 | INFO | Match 8609451141: fetch overview
2026-02-21 03:15:09,318 | INFO | Match 8609451141: parse overview
2026-02-21 03:15:13,719 | INFO | Match 8609451141: fetch lanes
2026-02-21 03:15:22,257 | INFO | Match 8609451141: parse lanes
2026-02-21 03:15:22,343 | INFO | Match 8609451141: append to Excel
2026-02-21 03:15:24,636 | INFO | [285/3609] Match 8609451141 DONE in 26.0s
2026-02-21 03:15:27,145 | INFO | [286/3609] Match 8609424777 START
2026-02-21 03:15:27,145 | INFO | Match 8609424777: fetch overview
2026-02-21 03:15:37,524 | INFO | Match 8609424777: parse overview
2026-02-21 03:15:41,219 | INFO | Match 8609424777: fetch lanes
2026-02-21 03:18:04,011 | INFO | Match 8609424777: parse lanes
2026-02-21 03:18:04,012 | INFO | Match 8609424777: append to Excel
2026-02-21 03:18:05,673 | INFO | [286/3609] Match 8609424777 DONE in 158.5s
2026-02-21 03:18:08,324 | INFO | [287/3609] Match 8609441026 START
2026-02-21 03:18:08,324 | INFO | Match 8609441026: fetch overview
2026-02-21 03:18:19,498 | INFO | Match 8609441026: parse overview
2026-02-21 03:18:23,866 | INFO | Match 8609441026: fetch lanes
2026-02-21 03:18:32,820 | INFO | Match 8609441026: parse lanes
2026-02-21 03:18:32,896 | INFO | Match 8609441026: append to Excel
2026-02-21 03:18:35,491 | INFO | [287/3609] Match 8609441026 DONE in 27.2s
2026-02-21 03:18:38,030 | INFO | [288/3609] Match 8609451674 START
2026-02-21 03:18:38,030 | INFO | Match 8609451674: fetch overview
2026-02-21 03:18:47,237 | INFO | Match 8609451674: parse overview
2026-02-21 03:18:50,639 | INFO | Match 8609451674: fetch lanes
2026-02-21 03:21:14,025 | INFO | Match 8609451674: parse lanes
2026-02-21 03:21:14,029 | INFO | Match 8609451674: append to Excel
2026-02-21 03:21:15,923 | INFO | [288/3609] Match 8609451674 DONE in 157.9s
2026-02-21 03:21:17,976 | INFO | [289/3609] Match 8609427182 START
2026-02-21 03:21:17,976 | INFO | Match 8609427182: fetch overview
2026-02-21 03:21:28,901 | INFO | Match 8609427182: parse overview
2026-02-21 03:21:32,836 | INFO | Match 8609427182: fetch lanes
2026-02-21 03:23:55,300 | INFO | Match 8609427182: parse lanes
2026-02-21 03:23:55,303 | INFO | Match 8609427182: append to Excel
2026-02-21 03:23:56,908 | INFO | [289/3609] Match 8609427182 DONE in 158.9s
2026-02-21 03:24:00,502 | INFO | [290/3609] Match 8609444876 START
2026-02-21 03:24:00,502 | INFO | Match 8609444876: fetch overview
2026-02-21 03:24:12,248 | INFO | Match 8609444876: parse overview
2026-02-21 03:24:15,304 | INFO | Match 8609444876: fetch lanes
2026-02-21 03:24:23,858 | INFO | Match 8609444876: parse lanes
2026-02-21 03:24:23,982 | INFO | Match 8609444876: append to Excel
2026-02-21 03:24:25,822 | INFO | [290/3609] Match 8609444876 DONE in 25.3s
2026-02-21 03:24:29,656 | INFO | [291/3609] Match 8609438958 START
2026-02-21 03:24:29,657 | INFO | Match 8609438958: fetch overview
2026-02-21 03:24:41,641 | INFO | Match 8609438958: parse overview
2026-02-21 03:24:46,421 | INFO | Match 8609438958: fetch lanes
2026-02-21 03:24:55,783 | INFO | Match 8609438958: parse lanes
2026-02-21 03:24:55,846 | INFO | Match 8609438958: append to Excel
2026-02-21 03:24:57,450 | INFO | [291/3609] Match 8609438958 DONE in 27.8s
2026-02-21 03:24:59,609 | INFO | [292/3609] Match 8609444322 START
2026-02-21 03:24:59,609 | INFO | Match 8609444322: fetch overview
2026-02-21 03:25:09,984 | INFO | Match 8609444322: parse overview
2026-02-21 03:25:12,795 | INFO | Match 8609444322: fetch lanes
2026-02-21 03:27:35,675 | INFO | Match 8609444322: parse lanes
2026-02-21 03:27:35,676 | INFO | Match 8609444322: append to Excel
2026-02-21 03:27:37,610 | INFO | [292/3609] Match 8609444322 DONE in 158.0s
2026-02-21 03:27:40,507 | INFO | [293/3609] Match 8609462151 START
2026-02-21 03:27:40,508 | INFO | Match 8609462151: fetch overview
2026-02-21 03:27:51,108 | INFO | Match 8609462151: parse overview
2026-02-21 03:27:54,437 | INFO | Match 8609462151: fetch lanes
2026-02-21 03:30:17,918 | INFO | Match 8609462151: parse lanes
2026-02-21 03:30:17,921 | INFO | Match 8609462151: append to Excel
2026-02-21 03:30:19,495 | INFO | [293/3609] Match 8609462151 DONE in 159.0s
2026-02-21 03:30:21,966 | INFO | [294/3609] Match 8609455577 START
2026-02-21 03:30:21,966 | INFO | Match 8609455577: fetch overview
2026-02-21 03:30:32,439 | INFO | Match 8609455577: parse overview
2026-02-21 03:30:36,736 | INFO | Match 8609455577: fetch lanes
2026-02-21 03:30:45,852 | INFO | Match 8609455577: parse lanes
2026-02-21 03:30:45,912 | INFO | Match 8609455577: append to Excel
2026-02-21 03:30:47,473 | INFO | [294/3609] Match 8609455577 DONE in 25.5s
2026-02-21 03:30:51,035 | INFO | [295/3609] Match 8609427027 START
2026-02-21 03:30:51,035 | INFO | Match 8609427027: fetch overview
2026-02-21 03:31:01,485 | INFO | Match 8609427027: parse overview
2026-02-21 03:31:04,573 | INFO | Match 8609427027: fetch lanes
2026-02-21 03:33:27,407 | INFO | Match 8609427027: parse lanes
2026-02-21 03:33:27,411 | INFO | Match 8609427027: append to Excel
2026-02-21 03:33:29,275 | INFO | [295/3609] Match 8609427027 DONE in 158.2s
2026-02-21 03:33:32,255 | INFO | [296/3609] Match 8609447467 START
2026-02-21 03:33:32,255 | INFO | Match 8609447467: fetch overview
2026-02-21 03:33:42,724 | INFO | Match 8609447467: parse overview
2026-02-21 03:33:46,230 | INFO | Match 8609447467: fetch lanes
2026-02-21 03:33:54,735 | INFO | Match 8609447467: parse lanes
2026-02-21 03:33:54,795 | INFO | Match 8609447467: append to Excel
2026-02-21 03:33:56,300 | INFO | [296/3609] Match 8609447467 DONE in 24.0s
2026-02-21 03:33:58,797 | INFO | [297/3609] Match 8609455129 START
2026-02-21 03:33:58,797 | INFO | Match 8609455129: fetch overview
2026-02-21 03:34:08,783 | INFO | Match 8609455129: parse overview
2026-02-21 03:34:12,668 | INFO | Match 8609455129: fetch lanes
2026-02-21 03:34:21,007 | INFO | Match 8609455129: parse lanes
2026-02-21 03:34:21,090 | INFO | Match 8609455129: append to Excel
2026-02-21 03:34:22,805 | INFO | [297/3609] Match 8609455129 DONE in 24.0s
2026-02-21 03:34:26,005 | INFO | [298/3609] Match 8609457127 START
2026-02-21 03:34:26,005 | INFO | Match 8609457127: fetch overview
2026-02-21 03:34:36,240 | INFO | Match 8609457127: parse overview
2026-02-21 03:34:39,522 | INFO | Match 8609457127: fetch lanes
2026-02-21 03:34:48,367 | INFO | Match 8609457127: parse lanes
2026-02-21 03:34:48,727 | INFO | Match 8609457127: append to Excel
2026-02-21 03:34:50,965 | INFO | [298/3609] Match 8609457127 DONE in 25.0s
2026-02-21 03:34:54,586 | INFO | [299/3609] Match 8609432783 START
2026-02-21 03:34:54,586 | INFO | Match 8609432783: fetch overview
2026-02-21 03:35:05,759 | INFO | Match 8609432783: parse overview
2026-02-21 03:35:10,329 | INFO | Match 8609432783: fetch lanes
2026-02-21 03:37:33,588 | INFO | Match 8609432783: parse lanes
2026-02-21 03:37:33,589 | INFO | Match 8609432783: append to Excel
2026-02-21 03:37:35,228 | INFO | [299/3609] Match 8609432783 DONE in 160.6s
2026-02-21 03:37:38,588 | INFO | [300/3609] Match 8609428908 START
2026-02-21 03:37:38,588 | INFO | Match 8609428908: fetch overview
2026-02-21 03:37:47,861 | INFO | Match 8609428908: parse overview
2026-02-21 03:37:51,803 | INFO | Match 8609428908: fetch lanes
2026-02-21 03:40:14,593 | INFO | Match 8609428908: parse lanes
2026-02-21 03:40:14,595 | INFO | Match 8609428908: append to Excel
2026-02-21 03:40:16,259 | INFO | [300/3609] Match 8609428908 DONE in 157.7s
2026-02-21 03:40:19,222 | INFO | [301/3609] Match 8609432314 START
2026-02-21 03:40:19,222 | INFO | Match 8609432314: fetch overview
2026-02-21 03:40:29,679 | INFO | Match 8609432314: parse overview
2026-02-21 03:40:33,862 | INFO | Match 8609432314: fetch lanes
2026-02-21 03:40:42,085 | INFO | Match 8609432314: parse lanes
2026-02-21 03:40:42,345 | INFO | Match 8609432314: append to Excel
2026-02-21 03:40:43,912 | INFO | [301/3609] Match 8609432314 DONE in 24.7s
2026-02-21 03:40:47,560 | INFO | [302/3609] Match 8609434384 START
2026-02-21 03:40:47,560 | INFO | Match 8609434384: fetch overview
2026-02-21 03:40:57,932 | INFO | Match 8609434384: parse overview
2026-02-21 03:41:02,282 | INFO | Match 8609434384: fetch lanes
2026-02-21 03:43:24,490 | INFO | Match 8609434384: parse lanes
2026-02-21 03:43:24,491 | INFO | Match 8609434384: append to Excel
2026-02-21 03:43:26,108 | INFO | [302/3609] Match 8609434384 DONE in 158.5s
2026-02-21 03:43:28,917 | INFO | [303/3609] Match 8609455056 START
2026-02-21 03:43:28,917 | INFO | Match 8609455056: fetch overview
2026-02-21 03:43:38,127 | INFO | Match 8609455056: parse overview
2026-02-21 03:43:42,235 | INFO | Match 8609455056: fetch lanes
2026-02-21 03:43:50,870 | INFO | Match 8609455056: parse lanes
2026-02-21 03:43:50,931 | INFO | Match 8609455056: append to Excel
2026-02-21 03:43:52,586 | INFO | [303/3609] Match 8609455056 DONE in 23.7s
2026-02-21 03:43:56,220 | INFO | [304/3609] Match 8609457094 START
2026-02-21 03:43:56,220 | INFO | Match 8609457094: fetch overview
2026-02-21 03:44:06,031 | INFO | Match 8609457094: parse overview
2026-02-21 03:44:09,123 | INFO | Match 8609457094: fetch lanes
2026-02-21 03:46:32,782 | INFO | Match 8609457094: parse lanes
2026-02-21 03:46:32,783 | INFO | Match 8609457094: append to Excel
2026-02-21 03:46:34,419 | INFO | [304/3609] Match 8609457094 DONE in 158.2s
2026-02-21 03:46:38,383 | INFO | [305/3609] Match 8609454842 START
2026-02-21 03:46:38,383 | INFO | Match 8609454842: fetch overview
2026-02-21 03:46:48,468 | INFO | Match 8609454842: parse overview
2026-02-21 03:46:52,030 | INFO | Match 8609454842: fetch lanes
2026-02-21 03:47:00,373 | INFO | Match 8609454842: parse lanes
2026-02-21 03:47:00,431 | INFO | Match 8609454842: append to Excel
2026-02-21 03:47:02,083 | INFO | [305/3609] Match 8609454842 DONE in 23.7s
2026-02-21 03:47:04,190 | INFO | [306/3609] Match 8609449149 START
2026-02-21 03:47:04,190 | INFO | Match 8609449149: fetch overview
2026-02-21 03:47:13,945 | INFO | Match 8609449149: parse overview
2026-02-21 03:47:18,419 | INFO | Match 8609449149: fetch lanes
2026-02-21 03:49:41,695 | INFO | Match 8609449149: parse lanes
2026-02-21 03:49:41,757 | INFO | Match 8609449149: append to Excel
2026-02-21 03:49:43,393 | INFO | [306/3609] Match 8609449149 DONE in 159.2s
2026-02-21 03:49:45,921 | INFO | [307/3609] Match 8609445884 START
2026-02-21 03:49:45,922 | INFO | Match 8609445884: fetch overview
2026-02-21 03:49:56,497 | INFO | Match 8609445884: parse overview
2026-02-21 03:50:00,421 | INFO | Match 8609445884: fetch lanes
2026-02-21 03:50:09,587 | INFO | Match 8609445884: parse lanes
2026-02-21 03:50:09,654 | INFO | Match 8609445884: append to Excel
2026-02-21 03:50:11,596 | INFO | [307/3609] Match 8609445884 DONE in 25.7s
2026-02-21 03:50:14,396 | INFO | [308/3609] Match 8609453374 START
2026-02-21 03:50:14,396 | INFO | Match 8609453374: fetch overview
2026-02-21 03:50:23,744 | INFO | Match 8609453374: parse overview
2026-02-21 03:50:26,796 | INFO | Match 8609453374: fetch lanes
2026-02-21 03:50:34,930 | INFO | Match 8609453374: parse lanes
2026-02-21 03:50:34,988 | INFO | Match 8609453374: append to Excel
2026-02-21 03:50:37,065 | INFO | [308/3609] Match 8609453374 DONE in 22.7s
2026-02-21 03:50:40,215 | INFO | [309/3609] Match 8609420239 START
2026-02-21 03:50:40,215 | INFO | Match 8609420239: fetch overview
2026-02-21 03:50:50,103 | INFO | Match 8609420239: parse overview
2026-02-21 03:50:53,506 | INFO | Match 8609420239: fetch lanes
2026-02-21 03:51:01,730 | INFO | Match 8609420239: parse lanes
2026-02-21 03:51:01,805 | INFO | Match 8609420239: append to Excel
2026-02-21 03:51:03,720 | INFO | [309/3609] Match 8609420239 DONE in 23.5s
2026-02-21 03:51:07,495 | INFO | [310/3609] Match 8609441772 START
2026-02-21 03:51:07,495 | INFO | Match 8609441772: fetch overview
2026-02-21 03:51:17,643 | INFO | Match 8609441772: parse overview
2026-02-21 03:51:22,329 | INFO | Match 8609441772: fetch lanes
2026-02-21 03:51:30,800 | INFO | Match 8609441772: parse lanes
2026-02-21 03:51:30,863 | INFO | Match 8609441772: append to Excel
2026-02-21 03:51:32,578 | INFO | [310/3609] Match 8609441772 DONE in 25.1s
2026-02-21 03:51:36,462 | INFO | [311/3609] Match 8609450153 START
2026-02-21 03:51:36,462 | INFO | Match 8609450153: fetch overview
2026-02-21 03:51:45,949 | INFO | Match 8609450153: parse overview
2026-02-21 03:51:49,071 | INFO | Match 8609450153: fetch lanes
2026-02-21 03:51:57,362 | INFO | Match 8609450153: parse lanes
2026-02-21 03:51:57,423 | INFO | Match 8609450153: append to Excel
2026-02-21 03:51:59,086 | INFO | [311/3609] Match 8609450153 DONE in 22.6s
2026-02-21 03:52:02,570 | INFO | [312/3609] Match 8609459894 START
2026-02-21 03:52:02,570 | INFO | Match 8609459894: fetch overview
2026-02-21 03:52:12,696 | INFO | Match 8609459894: parse overview
2026-02-21 03:52:17,767 | INFO | Match 8609459894: fetch lanes
2026-02-21 03:52:26,488 | INFO | Match 8609459894: parse lanes
2026-02-21 03:52:26,551 | INFO | Match 8609459894: append to Excel
2026-02-21 03:52:28,328 | INFO | [312/3609] Match 8609459894 DONE in 25.8s
2026-02-21 03:52:30,509 | INFO | [313/3609] Match 8609443452 START
2026-02-21 03:52:30,509 | INFO | Match 8609443452: fetch overview
2026-02-21 03:52:41,244 | INFO | Match 8609443452: parse overview
2026-02-21 03:52:45,765 | INFO | Match 8609443452: fetch lanes
2026-02-21 03:55:08,225 | INFO | Match 8609443452: parse lanes
2026-02-21 03:55:08,226 | INFO | Match 8609443452: append to Excel
2026-02-21 03:55:10,220 | INFO | [313/3609] Match 8609443452 DONE in 159.7s
2026-02-21 03:55:13,417 | INFO | [314/3609] Match 8609445800 START
2026-02-21 03:55:13,417 | INFO | Match 8609445800: fetch overview
2026-02-21 03:55:22,936 | INFO | Match 8609445800: parse overview
2026-02-21 03:55:27,698 | INFO | Match 8609445800: fetch lanes
2026-02-21 03:57:50,445 | INFO | Match 8609445800: parse lanes
2026-02-21 03:57:50,448 | INFO | Match 8609445800: append to Excel
2026-02-21 03:57:52,264 | INFO | [314/3609] Match 8609445800 DONE in 158.8s
2026-02-21 03:57:54,432 | INFO | [315/3609] Match 8609455798 START
2026-02-21 03:57:54,432 | INFO | Match 8609455798: fetch overview
2026-02-21 03:58:04,165 | INFO | Match 8609455798: parse overview
2026-02-21 03:58:07,825 | INFO | Match 8609455798: fetch lanes
2026-02-21 03:58:15,983 | INFO | Match 8609455798: parse lanes
2026-02-21 03:58:16,041 | INFO | Match 8609455798: append to Excel
2026-02-21 03:58:17,734 | INFO | [315/3609] Match 8609455798 DONE in 23.3s
2026-02-21 03:58:20,757 | INFO | [316/3609] Match 8609454491 START
2026-02-21 03:58:20,758 | INFO | Match 8609454491: fetch overview
2026-02-21 03:58:31,022 | INFO | Match 8609454491: parse overview
2026-02-21 03:58:34,275 | INFO | Match 8609454491: fetch lanes
2026-02-21 03:58:43,743 | INFO | Match 8609454491: parse lanes
2026-02-21 03:58:44,063 | INFO | Match 8609454491: append to Excel
2026-02-21 03:58:46,038 | INFO | [316/3609] Match 8609454491 DONE in 25.3s
2026-02-21 03:58:49,073 | INFO | [317/3609] Match 8609441624 START
2026-02-21 03:58:49,073 | INFO | Match 8609441624: fetch overview
2026-02-21 03:58:58,692 | INFO | Match 8609441624: parse overview
2026-02-21 03:59:01,954 | INFO | Match 8609441624: fetch lanes
2026-02-21 03:59:11,249 | INFO | Match 8609441624: parse lanes
2026-02-21 03:59:11,310 | INFO | Match 8609441624: append to Excel
2026-02-21 03:59:13,107 | INFO | [317/3609] Match 8609441624 DONE in 24.0s
2026-02-21 03:59:15,286 | INFO | [318/3609] Match 8609455114 START
2026-02-21 03:59:15,286 | INFO | Match 8609455114: fetch overview
2026-02-21 03:59:24,907 | INFO | Match 8609455114: parse overview
2026-02-21 03:59:29,549 | INFO | Match 8609455114: fetch lanes
2026-02-21 04:01:52,546 | INFO | Match 8609455114: parse lanes
2026-02-21 04:01:52,549 | INFO | Match 8609455114: append to Excel
2026-02-21 04:01:54,619 | INFO | [318/3609] Match 8609455114 DONE in 159.3s
2026-02-21 04:01:57,183 | INFO | [319/3609] Match 8609468995 START
2026-02-21 04:01:57,184 | INFO | Match 8609468995: fetch overview
2026-02-21 04:40:01,702 | INFO | Стартуем с матча №319 (ID 8609468995)
2026-02-21 04:40:01,703 | INFO | Матчей к обработке: 3291
2026-02-21 04:40:01,703 | INFO | [1/3291] Match 8609468995 START
2026-02-21 04:40:01,704 | INFO | Match 8609468995: fetch overview
2026-02-21 04:40:11,652 | INFO | Match 8609468995: parse overview
2026-02-21 04:40:16,025 | INFO | Match 8609468995: fetch lanes
2026-02-21 04:40:24,667 | INFO | Match 8609468995: parse lanes
2026-02-21 04:40:24,730 | INFO | Match 8609468995: append to Excel
2026-02-21 04:40:26,568 | INFO | [1/3291] Match 8609468995 DONE in 24.9s
2026-02-21 04:40:28,961 | INFO | [2/3291] Match 8609453317 START
2026-02-21 04:40:28,962 | INFO | Match 8609453317: fetch overview
2026-02-21 04:40:38,906 | INFO | Match 8609453317: parse overview
2026-02-21 04:40:43,379 | INFO | Match 8609453317: fetch lanes
2026-02-21 04:40:51,405 | INFO | Match 8609453317: parse lanes
2026-02-21 04:40:51,465 | INFO | Match 8609453317: append to Excel
2026-02-21 04:40:53,311 | INFO | [2/3291] Match 8609453317 DONE in 24.3s
2026-02-21 04:40:55,953 | INFO | [3/3291] Match 8609444381 START
2026-02-21 04:40:55,953 | INFO | Match 8609444381: fetch overview
2026-02-21 04:41:05,329 | INFO | Match 8609444381: parse overview
2026-02-21 04:41:09,286 | INFO | Match 8609444381: fetch lanes
2026-02-21 04:43:31,874 | INFO | Match 8609444381: parse lanes
2026-02-21 04:43:31,877 | INFO | Match 8609444381: append to Excel
2026-02-21 04:43:33,784 | INFO | [3/3291] Match 8609444381 DONE in 157.8s
2026-02-21 04:43:37,497 | INFO | [4/3291] Match 8609458927 START
2026-02-21 04:43:37,498 | INFO | Match 8609458927: fetch overview
2026-02-21 04:43:47,299 | INFO | Match 8609458927: parse overview
2026-02-21 04:43:51,469 | INFO | Match 8609458927: fetch lanes
2026-02-21 04:46:15,013 | INFO | Match 8609458927: parse lanes
2026-02-21 04:46:15,014 | INFO | Match 8609458927: append to Excel
2026-02-21 04:46:16,836 | INFO | [4/3291] Match 8609458927 DONE in 159.3s
2026-02-21 04:46:20,312 | INFO | [5/3291] Match 8609448600 START
2026-02-21 04:46:20,313 | INFO | Match 8609448600: fetch overview
2026-02-21 04:46:29,555 | INFO | Match 8609448600: parse overview
2026-02-21 04:46:33,655 | INFO | Match 8609448600: fetch lanes
2026-02-21 04:48:55,964 | INFO | Match 8609448600: parse lanes
2026-02-21 04:48:55,965 | INFO | Match 8609448600: append to Excel
2026-02-21 04:48:57,818 | INFO | [5/3291] Match 8609448600 DONE in 157.5s
2026-02-21 04:49:01,195 | INFO | [6/3291] Match 8609460454 START
2026-02-21 04:49:01,195 | INFO | Match 8609460454: fetch overview
2026-02-21 04:49:11,003 | INFO | Match 8609460454: parse overview
2026-02-21 04:49:13,710 | INFO | Match 8609460454: fetch lanes
2026-02-21 04:52:16,915 | INFO | Match 8609460454: parse lanes
2026-02-21 04:52:16,921 | INFO | Match 8609460454: append to Excel
2026-02-21 04:52:20,191 | INFO | [6/3291] Match 8609460454 DONE in 199.0s
2026-02-21 04:52:23,516 | INFO | [7/3291] Match 8609416822 START
2026-02-21 04:52:23,517 | INFO | Match 8609416822: fetch overview
2026-02-21 04:52:33,651 | INFO | Match 8609416822: parse overview
2026-02-21 04:52:37,268 | INFO | Match 8609416822: fetch lanes
2026-02-21 04:52:46,152 | INFO | Match 8609416822: parse lanes
2026-02-21 04:52:46,220 | INFO | Match 8609416822: append to Excel
2026-02-21 04:52:48,112 | INFO | [7/3291] Match 8609416822 DONE in 24.6s
2026-02-21 04:52:50,826 | INFO | [8/3291] Match 8609447746 START
2026-02-21 04:52:50,826 | INFO | Match 8609447746: fetch overview
2026-02-21 04:53:01,407 | INFO | Match 8609447746: parse overview
2026-02-21 04:53:06,811 | INFO | Match 8609447746: fetch lanes
2026-02-21 04:53:14,893 | INFO | Match 8609447746: parse lanes
2026-02-21 04:53:14,952 | INFO | Match 8609447746: append to Excel
2026-02-21 04:53:16,779 | INFO | [8/3291] Match 8609447746 DONE in 26.0s
2026-02-21 04:53:20,778 | INFO | [9/3291] Match 8609438953 START
2026-02-21 04:53:20,778 | INFO | Match 8609438953: fetch overview
2026-02-21 04:53:30,434 | INFO | Match 8609438953: parse overview
2026-02-21 04:53:34,730 | INFO | Match 8609438953: fetch lanes
2026-02-21 04:55:58,353 | INFO | Match 8609438953: parse lanes
2026-02-21 04:55:58,356 | INFO | Match 8609438953: append to Excel
2026-02-21 04:56:00,702 | INFO | [9/3291] Match 8609438953 DONE in 159.9s
2026-02-21 04:56:03,996 | INFO | [10/3291] Match 8609453772 START
2026-02-21 04:56:03,997 | INFO | Match 8609453772: fetch overview
2026-02-21 04:56:14,752 | INFO | Match 8609453772: parse overview
2026-02-21 04:56:17,927 | INFO | Match 8609453772: fetch lanes
2026-02-21 04:58:40,831 | INFO | Match 8609453772: parse lanes
2026-02-21 04:58:40,834 | INFO | Match 8609453772: append to Excel
2026-02-21 04:58:43,651 | INFO | [10/3291] Match 8609453772 DONE in 159.7s
2026-02-21 04:58:47,567 | INFO | [11/3291] Match 8609459311 START
2026-02-21 04:58:47,567 | INFO | Match 8609459311: fetch overview
2026-02-21 04:58:57,621 | INFO | Match 8609459311: parse overview
2026-02-21 04:59:00,783 | INFO | Match 8609459311: fetch lanes
2026-02-21 05:01:23,711 | INFO | Match 8609459311: parse lanes
2026-02-21 05:01:23,714 | INFO | Match 8609459311: append to Excel
2026-02-21 05:01:25,573 | INFO | [11/3291] Match 8609459311 DONE in 158.0s
2026-02-21 05:01:28,904 | INFO | [12/3291] Match 8609418989 START
2026-02-21 05:01:28,905 | INFO | Match 8609418989: fetch overview
2026-02-21 05:01:39,727 | INFO | Match 8609418989: parse overview
2026-02-21 05:01:43,893 | INFO | Match 8609418989: fetch lanes
2026-02-21 05:04:06,836 | INFO | Match 8609418989: parse lanes
2026-02-21 05:04:06,839 | INFO | Match 8609418989: append to Excel
2026-02-21 05:04:09,474 | INFO | [12/3291] Match 8609418989 DONE in 160.6s
2026-02-21 05:04:12,515 | INFO | [13/3291] Match 8609439533 START
2026-02-21 05:04:12,515 | INFO | Match 8609439533: fetch overview
2026-02-21 05:04:22,778 | INFO | Match 8609439533: parse overview
2026-02-21 05:04:26,738 | INFO | Match 8609439533: fetch lanes
2026-02-21 05:06:50,083 | INFO | Match 8609439533: parse lanes
2026-02-21 05:06:50,084 | INFO | Match 8609439533: append to Excel
2026-02-21 05:06:52,129 | INFO | [13/3291] Match 8609439533 DONE in 159.6s
2026-02-21 05:06:54,862 | INFO | [14/3291] Match 8609449965 START
2026-02-21 05:06:54,862 | INFO | Match 8609449965: fetch overview
2026-02-21 05:07:05,512 | INFO | Match 8609449965: parse overview
2026-02-21 05:07:10,385 | INFO | Match 8609449965: fetch lanes
2026-02-21 05:07:19,502 | INFO | Match 8609449965: parse lanes
2026-02-21 05:07:19,631 | INFO | Match 8609449965: append to Excel
2026-02-21 05:07:21,688 | INFO | [14/3291] Match 8609449965 DONE in 26.8s
2026-02-21 05:07:23,792 | INFO | [15/3291] Match 8609439956 START
2026-02-21 05:07:23,792 | INFO | Match 8609439956: fetch overview
2026-02-21 05:07:34,612 | INFO | Match 8609439956: parse overview
2026-02-21 05:07:38,613 | INFO | Match 8609439956: fetch lanes
2026-02-21 05:07:46,734 | INFO | Match 8609439956: parse lanes
2026-02-21 05:07:46,872 | INFO | Match 8609439956: append to Excel
2026-02-21 05:07:49,130 | INFO | [15/3291] Match 8609439956 DONE in 25.3s
2026-02-21 05:07:51,475 | INFO | [16/3291] Match 8609458607 START
2026-02-21 05:07:51,475 | INFO | Match 8609458607: fetch overview
2026-02-21 05:08:01,807 | INFO | Match 8609458607: parse overview
2026-02-21 05:08:05,069 | INFO | Match 8609458607: fetch lanes
2026-02-21 05:10:28,187 | INFO | Match 8609458607: parse lanes
2026-02-21 05:10:28,190 | INFO | Match 8609458607: append to Excel
2026-02-21 05:10:30,388 | INFO | [16/3291] Match 8609458607 DONE in 158.9s
2026-02-21 05:10:33,569 | INFO | [17/3291] Match 8609463540 START
2026-02-21 05:10:33,569 | INFO | Match 8609463540: fetch overview
2026-02-21 05:10:44,472 | INFO | Match 8609463540: parse overview
2026-02-21 05:10:48,281 | INFO | Match 8609463540: fetch lanes
2026-02-21 05:10:56,323 | INFO | Match 8609463540: parse lanes
2026-02-21 05:10:56,391 | INFO | Match 8609463540: append to Excel
2026-02-21 05:10:58,351 | INFO | [17/3291] Match 8609463540 DONE in 24.8s
2026-02-21 05:11:00,927 | INFO | [18/3291] Match 8609452957 START
2026-02-21 05:11:00,927 | INFO | Match 8609452957: fetch overview
2026-02-21 05:11:11,433 | INFO | Match 8609452957: parse overview
2026-02-21 05:11:16,323 | INFO | Match 8609452957: fetch lanes
2026-02-21 05:13:38,737 | INFO | Match 8609452957: parse lanes
2026-02-21 05:13:38,740 | INFO | Match 8609452957: append to Excel
2026-02-21 05:13:41,226 | INFO | [18/3291] Match 8609452957 DONE in 160.3s
2026-02-21 05:13:45,169 | INFO | [19/3291] Match 8609435274 START
2026-02-21 05:13:45,169 | INFO | Match 8609435274: fetch overview
2026-02-21 05:13:56,245 | INFO | Match 8609435274: parse overview
2026-02-21 05:13:59,483 | INFO | Match 8609435274: fetch lanes
2026-02-21 05:14:09,193 | INFO | Match 8609435274: parse lanes
2026-02-21 05:14:09,434 | INFO | Match 8609435274: append to Excel
2026-02-21 05:14:11,285 | INFO | [19/3291] Match 8609435274 DONE in 26.1s
2026-02-21 05:14:14,498 | INFO | [20/3291] Match 8609452313 START
2026-02-21 05:14:14,498 | INFO | Match 8609452313: fetch overview
2026-02-21 05:14:23,947 | INFO | Match 8609452313: parse overview
2026-02-21 05:14:27,217 | INFO | Match 8609452313: fetch lanes
2026-02-21 05:16:49,603 | INFO | Match 8609452313: parse lanes
2026-02-21 05:16:49,606 | INFO | Match 8609452313: append to Excel
2026-02-21 05:16:51,691 | INFO | [20/3291] Match 8609452313 DONE in 157.2s
2026-02-21 05:16:54,280 | INFO | [21/3291] Match 8609442004 START
2026-02-21 05:16:54,280 | INFO | Match 8609442004: fetch overview
2026-02-21 05:17:04,812 | INFO | Match 8609442004: parse overview
2026-02-21 05:17:08,581 | INFO | Match 8609442004: fetch lanes
2026-02-21 05:19:32,371 | INFO | Match 8609442004: parse lanes
2026-02-21 05:19:32,374 | INFO | Match 8609442004: append to Excel
2026-02-21 05:19:34,860 | INFO | [21/3291] Match 8609442004 DONE in 160.6s
2026-02-21 05:19:38,496 | INFO | [22/3291] Match 8609449161 START
2026-02-21 05:19:38,496 | INFO | Match 8609449161: fetch overview
2026-02-21 05:19:48,985 | INFO | Match 8609449161: parse overview
2026-02-21 05:19:54,679 | INFO | Match 8609449161: fetch lanes
2026-02-21 05:20:02,531 | INFO | Match 8609449161: parse lanes
2026-02-21 05:20:02,628 | INFO | Match 8609449161: append to Excel
2026-02-21 05:20:05,262 | INFO | [22/3291] Match 8609449161 DONE in 26.8s
2026-02-21 05:20:07,593 | INFO | [23/3291] Match 8609457522 START
2026-02-21 05:20:07,594 | INFO | Match 8609457522: fetch overview
2026-02-21 05:20:18,840 | INFO | Match 8609457522: parse overview
2026-02-21 05:20:23,035 | INFO | Match 8609457522: fetch lanes
2026-02-21 05:20:31,771 | INFO | Match 8609457522: parse lanes
2026-02-21 05:20:31,834 | INFO | Match 8609457522: append to Excel
2026-02-21 05:20:33,821 | INFO | [23/3291] Match 8609457522 DONE in 26.2s
2026-02-21 05:20:36,004 | INFO | [24/3291] Match 8609463924 START
2026-02-21 05:20:36,005 | INFO | Match 8609463924: fetch overview
2026-02-21 05:20:47,280 | INFO | Match 8609463924: parse overview
2026-02-21 05:20:52,221 | INFO | Match 8609463924: fetch lanes
2026-02-21 05:21:01,406 | INFO | Match 8609463924: parse lanes
2026-02-21 05:21:01,572 | INFO | Match 8609463924: append to Excel
2026-02-21 05:21:05,976 | INFO | [24/3291] Match 8609463924 DONE in 30.0s
2026-02-21 05:21:09,688 | INFO | [25/3291] Match 8609461902 START
2026-02-21 05:21:09,688 | INFO | Match 8609461902: fetch overview
2026-02-21 05:21:19,624 | INFO | Match 8609461902: parse overview
2026-02-21 05:21:23,076 | INFO | Match 8609461902: fetch lanes
2026-02-21 05:23:46,104 | INFO | Match 8609461902: parse lanes
2026-02-21 05:23:46,106 | INFO | Match 8609461902: append to Excel
2026-02-21 05:23:48,384 | INFO | [25/3291] Match 8609461902 DONE in 158.7s
2026-02-21 05:23:51,223 | INFO | [26/3291] Match 8609467098 START
2026-02-21 05:23:51,223 | INFO | Match 8609467098: fetch overview
2026-02-21 05:24:01,362 | INFO | Match 8609467098: parse overview
2026-02-21 05:24:05,218 | INFO | Match 8609467098: fetch lanes
2026-02-21 05:26:28,163 | INFO | Match 8609467098: parse lanes
2026-02-21 05:26:28,166 | INFO | Match 8609467098: append to Excel
2026-02-21 05:26:30,840 | INFO | [26/3291] Match 8609467098 DONE in 159.6s
2026-02-21 05:26:34,638 | INFO | [27/3291] Match 8609451335 START
2026-02-21 05:26:34,638 | INFO | Match 8609451335: fetch overview
2026-02-21 05:26:45,085 | INFO | Match 8609451335: parse overview
2026-02-21 05:26:48,452 | INFO | Match 8609451335: fetch lanes
2026-02-21 05:29:11,271 | INFO | Match 8609451335: parse lanes
2026-02-21 05:29:11,274 | INFO | Match 8609451335: append to Excel
2026-02-21 05:29:13,311 | INFO | [27/3291] Match 8609451335 DONE in 158.7s
2026-02-21 05:29:16,228 | INFO | [28/3291] Match 8609476001 START
2026-02-21 05:29:16,229 | INFO | Match 8609476001: fetch overview
2026-02-21 05:29:27,497 | INFO | Match 8609476001: parse overview
2026-02-21 05:29:31,584 | INFO | Match 8609476001: fetch lanes
2026-02-21 05:31:54,415 | INFO | Match 8609476001: parse lanes
2026-02-21 05:31:54,418 | INFO | Match 8609476001: append to Excel
2026-02-21 05:31:57,173 | INFO | [28/3291] Match 8609476001 DONE in 160.9s
2026-02-21 05:32:01,153 | INFO | [29/3291] Match 8609464780 START
2026-02-21 05:32:01,154 | INFO | Match 8609464780: fetch overview
2026-02-21 05:32:12,403 | INFO | Match 8609464780: parse overview
2026-02-21 05:32:16,934 | INFO | Match 8609464780: fetch lanes
2026-02-21 05:32:25,472 | INFO | Match 8609464780: parse lanes
2026-02-21 05:32:25,537 | INFO | Match 8609464780: append to Excel
2026-02-21 05:32:27,736 | INFO | [29/3291] Match 8609464780 DONE in 26.6s
2026-02-21 05:32:31,719 | INFO | [30/3291] Match 8609422169 START
2026-02-21 05:32:31,719 | INFO | Match 8609422169: fetch overview
2026-02-21 05:32:41,302 | INFO | Match 8609422169: parse overview
2026-02-21 05:32:44,960 | INFO | Match 8609422169: fetch lanes
2026-02-21 05:35:08,795 | INFO | Match 8609422169: parse lanes
2026-02-21 05:35:08,798 | INFO | Match 8609422169: append to Excel
2026-02-21 05:35:10,900 | INFO | [30/3291] Match 8609422169 DONE in 159.2s
2026-02-21 05:35:14,088 | INFO | [31/3291] Match 8609473234 START
2026-02-21 05:35:14,089 | INFO | Match 8609473234: fetch overview
2026-02-21 05:35:25,207 | INFO | Match 8609473234: parse overview
2026-02-21 05:35:28,747 | INFO | Match 8609473234: fetch lanes
2026-02-21 05:37:51,555 | INFO | Match 8609473234: parse lanes
2026-02-21 05:37:51,557 | INFO | Match 8609473234: append to Excel
2026-02-21 05:37:54,299 | INFO | [31/3291] Match 8609473234 DONE in 160.2s
2026-02-21 05:37:57,516 | INFO | [32/3291] Match 8609402814 START
2026-02-21 05:37:57,516 | INFO | Match 8609402814: fetch overview
2026-02-21 05:38:08,312 | INFO | Match 8609402814: parse overview
2026-02-21 05:38:12,292 | INFO | Match 8609402814: fetch lanes
2026-02-21 05:38:22,207 | INFO | Match 8609402814: parse lanes
2026-02-21 05:38:22,266 | INFO | Match 8609402814: append to Excel
2026-02-21 05:38:24,599 | INFO | [32/3291] Match 8609402814 DONE in 27.1s
2026-02-21 05:38:27,777 | INFO | [33/3291] Match 8609470035 START
2026-02-21 05:38:27,777 | INFO | Match 8609470035: fetch overview
2026-02-21 05:38:37,881 | INFO | Match 8609470035: parse overview
2026-02-21 05:38:41,851 | INFO | Match 8609470035: fetch lanes
2026-02-21 05:38:50,654 | INFO | Match 8609470035: parse lanes
2026-02-21 05:38:50,727 | INFO | Match 8609470035: append to Excel
2026-02-21 05:38:52,640 | INFO | [33/3291] Match 8609470035 DONE in 24.9s
2026-02-21 05:38:55,825 | INFO | [34/3291] Match 8609466178 START
2026-02-21 05:38:55,826 | INFO | Match 8609466178: fetch overview
2026-02-21 05:39:05,442 | INFO | Match 8609466178: parse overview
2026-02-21 05:39:10,926 | INFO | Match 8609466178: fetch lanes
2026-02-21 05:41:34,769 | INFO | Match 8609466178: parse lanes
2026-02-21 05:41:34,770 | INFO | Match 8609466178: append to Excel
2026-02-21 05:41:37,064 | INFO | [34/3291] Match 8609466178 DONE in 161.2s
2026-02-21 05:41:39,231 | INFO | [35/3291] Match 8609444096 START
2026-02-21 05:41:39,231 | INFO | Match 8609444096: fetch overview
2026-02-21 05:41:49,321 | INFO | Match 8609444096: parse overview
2026-02-21 05:41:54,977 | INFO | Match 8609444096: fetch lanes
2026-02-21 05:44:17,615 | INFO | Match 8609444096: parse lanes
2026-02-21 05:44:17,616 | INFO | Match 8609444096: append to Excel
2026-02-21 05:44:19,670 | INFO | [35/3291] Match 8609444096 DONE in 160.4s
2026-02-21 05:44:23,416 | INFO | [36/3291] Match 8609459405 START
2026-02-21 05:44:23,416 | INFO | Match 8609459405: fetch overview
2026-02-21 05:44:33,217 | INFO | Match 8609459405: parse overview
2026-02-21 05:44:36,208 | INFO | Match 8609459405: fetch lanes
2026-02-21 05:46:58,873 | INFO | Match 8609459405: parse lanes
2026-02-21 05:46:58,875 | INFO | Match 8609459405: append to Excel
2026-02-21 05:47:01,061 | INFO | [36/3291] Match 8609459405 DONE in 157.6s
2026-02-21 05:47:04,875 | INFO | [37/3291] Match 8609487737 START
2026-02-21 05:47:04,876 | INFO | Match 8609487737: fetch overview
2026-02-21 05:47:15,545 | INFO | Match 8609487737: parse overview
2026-02-21 05:47:20,054 | INFO | Match 8609487737: fetch lanes
2026-02-21 05:47:28,230 | INFO | Match 8609487737: parse lanes
2026-02-21 05:47:28,290 | INFO | Match 8609487737: append to Excel
2026-02-21 05:47:30,418 | INFO | [37/3291] Match 8609487737 DONE in 25.5s
2026-02-21 05:47:34,152 | INFO | [38/3291] Match 8609443334 START
2026-02-21 05:47:34,153 | INFO | Match 8609443334: fetch overview
2026-02-21 05:47:44,543 | INFO | Match 8609443334: parse overview
2026-02-21 05:47:48,915 | INFO | Match 8609443334: fetch lanes
2026-02-21 05:47:56,910 | INFO | Match 8609443334: parse lanes
2026-02-21 05:47:56,970 | INFO | Match 8609443334: append to Excel
2026-02-21 05:47:59,131 | INFO | [38/3291] Match 8609443334 DONE in 25.0s
2026-02-21 05:48:01,680 | INFO | [39/3291] Match 8609438242 START
2026-02-21 05:48:01,680 | INFO | Match 8609438242: fetch overview
2026-02-21 05:48:12,034 | INFO | Match 8609438242: parse overview
2026-02-21 05:48:15,112 | INFO | Match 8609438242: fetch lanes
2026-02-21 05:50:37,881 | INFO | Match 8609438242: parse lanes
2026-02-21 05:50:37,882 | INFO | Match 8609438242: append to Excel
2026-02-21 05:50:40,118 | INFO | [39/3291] Match 8609438242 DONE in 158.4s
2026-02-21 05:50:43,486 | INFO | [40/3291] Match 8609435448 START
2026-02-21 05:50:43,487 | INFO | Match 8609435448: fetch overview
2026-02-21 05:50:53,566 | INFO | Match 8609435448: parse overview
2026-02-21 05:50:58,176 | INFO | Match 8609435448: fetch lanes
2026-02-21 05:53:21,235 | INFO | Match 8609435448: parse lanes
2026-02-21 05:53:21,236 | INFO | Match 8609435448: append to Excel
2026-02-21 05:53:23,608 | INFO | [40/3291] Match 8609435448 DONE in 160.1s
2026-02-21 05:53:27,499 | INFO | [41/3291] Match 8609470339 START
2026-02-21 05:53:27,499 | INFO | Match 8609470339: fetch overview
2026-02-21 05:53:36,576 | INFO | Match 8609470339: parse overview
2026-02-21 05:53:39,191 | INFO | Match 8609470339: fetch lanes
2026-02-21 05:56:02,678 | INFO | Match 8609470339: parse lanes
2026-02-21 05:56:02,679 | INFO | Match 8609470339: append to Excel
2026-02-21 05:56:04,774 | INFO | [41/3291] Match 8609470339 DONE in 157.3s
2026-02-21 05:56:08,414 | INFO | [42/3291] Match 8609480041 START
2026-02-21 05:56:08,414 | INFO | Match 8609480041: fetch overview
2026-02-21 05:56:17,615 | INFO | Match 8609480041: parse overview
2026-02-21 05:56:21,512 | INFO | Match 8609480041: fetch lanes
2026-02-21 05:58:44,092 | INFO | Match 8609480041: parse lanes
2026-02-21 05:58:44,094 | INFO | Match 8609480041: append to Excel
2026-02-21 05:58:46,156 | INFO | [42/3291] Match 8609480041 DONE in 157.7s
2026-02-21 05:58:49,629 | INFO | [43/3291] Match 8609440623 START
2026-02-21 05:58:49,629 | INFO | Match 8609440623: fetch overview
2026-02-21 05:58:59,589 | INFO | Match 8609440623: parse overview
2026-02-21 05:59:04,028 | INFO | Match 8609440623: fetch lanes
2026-02-21 06:01:26,526 | INFO | Match 8609440623: parse lanes
2026-02-21 06:01:26,527 | INFO | Match 8609440623: append to Excel
2026-02-21 06:01:28,896 | INFO | [43/3291] Match 8609440623 DONE in 159.3s
2026-02-21 06:01:31,566 | INFO | [44/3291] Match 8609441980 START
2026-02-21 06:01:31,567 | INFO | Match 8609441980: fetch overview
2026-02-21 06:01:41,122 | INFO | Match 8609441980: parse overview
2026-02-21 06:01:44,792 | INFO | Match 8609441980: fetch lanes
2026-02-21 06:04:07,966 | INFO | Match 8609441980: parse lanes
2026-02-21 06:04:07,970 | INFO | Match 8609441980: append to Excel
2026-02-21 06:04:11,058 | INFO | [44/3291] Match 8609441980 DONE in 159.5s
2026-02-21 06:04:14,140 | INFO | [45/3291] Match 8609476136 START
2026-02-21 06:04:14,140 | INFO | Match 8609476136: fetch overview
2026-02-21 06:04:23,978 | INFO | Match 8609476136: parse overview
2026-02-21 06:04:27,631 | INFO | Match 8609476136: fetch lanes
2026-02-21 06:04:36,635 | INFO | Match 8609476136: parse lanes
2026-02-21 06:04:36,696 | INFO | Match 8609476136: append to Excel
2026-02-21 06:04:38,838 | INFO | [45/3291] Match 8609476136 DONE in 24.7s
2026-02-21 06:04:42,009 | INFO | [46/3291] Match 8609444225 START
2026-02-21 06:04:42,009 | INFO | Match 8609444225: fetch overview
2026-02-21 06:04:51,749 | INFO | Match 8609444225: parse overview
2026-02-21 06:04:54,772 | INFO | Match 8609444225: fetch lanes
2026-02-21 06:07:17,235 | INFO | Match 8609444225: parse lanes
2026-02-21 06:07:17,238 | INFO | Match 8609444225: append to Excel
2026-02-21 06:07:19,670 | INFO | [46/3291] Match 8609444225 DONE in 157.7s
2026-02-21 06:07:23,015 | INFO | [47/3291] Match 8609465292 START
2026-02-21 06:07:23,016 | INFO | Match 8609465292: fetch overview
2026-02-21 06:07:32,520 | INFO | Match 8609465292: parse overview
2026-02-21 06:07:36,251 | INFO | Match 8609465292: fetch lanes
2026-02-21 06:09:59,788 | INFO | Match 8609465292: parse lanes
2026-02-21 06:09:59,789 | INFO | Match 8609465292: append to Excel
2026-02-21 06:10:02,243 | INFO | [47/3291] Match 8609465292 DONE in 159.2s
2026-02-21 06:10:04,500 | INFO | [48/3291] Match 8609426955 START
2026-02-21 06:10:04,501 | INFO | Match 8609426955: fetch overview
2026-02-21 06:10:14,787 | INFO | Match 8609426955: parse overview
2026-02-21 06:10:18,918 | INFO | Match 8609426955: fetch lanes
2026-02-21 06:12:41,218 | INFO | Match 8609426955: parse lanes
2026-02-21 06:12:41,220 | INFO | Match 8609426955: append to Excel
2026-02-21 06:12:43,656 | INFO | [48/3291] Match 8609426955 DONE in 159.2s
2026-02-21 06:12:46,268 | INFO | [49/3291] Match 8609420340 START
2026-02-21 06:12:46,268 | INFO | Match 8609420340: fetch overview
2026-02-21 06:12:55,916 | INFO | Match 8609420340: parse overview
2026-02-21 06:13:00,727 | INFO | Match 8609420340: fetch lanes
2026-02-21 06:15:23,106 | INFO | Match 8609420340: parse lanes
2026-02-21 06:15:23,109 | INFO | Match 8609420340: append to Excel
2026-02-21 06:15:25,395 | INFO | [49/3291] Match 8609420340 DONE in 159.1s
2026-02-21 06:15:28,667 | INFO | [50/3291] Match 8609478490 START
2026-02-21 06:15:28,667 | INFO | Match 8609478490: fetch overview
2026-02-21 06:15:38,311 | INFO | Match 8609478490: parse overview
2026-02-21 06:15:43,022 | INFO | Match 8609478490: fetch lanes
2026-02-21 06:15:51,174 | INFO | Match 8609478490: parse lanes
2026-02-21 06:15:51,236 | INFO | Match 8609478490: append to Excel
2026-02-21 06:15:53,468 | INFO | [50/3291] Match 8609478490 DONE in 24.8s
2026-02-21 06:15:56,059 | INFO | [51/3291] Match 8609472213 START
2026-02-21 06:15:56,060 | INFO | Match 8609472213: fetch overview
2026-02-21 06:16:06,191 | INFO | Match 8609472213: parse overview
2026-02-21 06:16:09,670 | INFO | Match 8609472213: fetch lanes
2026-02-21 06:18:32,786 | INFO | Match 8609472213: parse lanes
2026-02-21 06:18:32,789 | INFO | Match 8609472213: append to Excel
2026-02-21 06:18:35,119 | INFO | [51/3291] Match 8609472213 DONE in 159.1s
2026-02-21 06:18:38,874 | INFO | [52/3291] Match 8609473413 START
2026-02-21 06:18:38,874 | INFO | Match 8609473413: fetch overview
2026-02-21 06:18:48,597 | INFO | Match 8609473413: parse overview
2026-02-21 06:18:52,761 | INFO | Match 8609473413: fetch lanes
2026-02-21 06:19:01,065 | INFO | Match 8609473413: parse lanes
2026-02-21 06:19:01,124 | INFO | Match 8609473413: append to Excel
2026-02-21 06:19:03,261 | INFO | [52/3291] Match 8609473413 DONE in 24.4s
2026-02-21 06:19:06,478 | INFO | [53/3291] Match 8609475475 START
2026-02-21 06:19:06,478 | INFO | Match 8609475475: fetch overview
2026-02-21 06:19:16,303 | INFO | Match 8609475475: parse overview
2026-02-21 06:19:19,107 | INFO | Match 8609475475: fetch lanes
2026-02-21 06:21:42,465 | INFO | Match 8609475475: parse lanes
2026-02-21 06:21:42,467 | INFO | Match 8609475475: append to Excel
2026-02-21 06:21:45,060 | INFO | [53/3291] Match 8609475475 DONE in 158.6s
2026-02-21 06:21:48,677 | INFO | [54/3291] Match 8609463315 START
2026-02-21 06:21:48,677 | INFO | Match 8609463315: fetch overview
2026-02-21 06:21:58,355 | INFO | Match 8609463315: parse overview
2026-02-21 06:22:01,222 | INFO | Match 8609463315: fetch lanes
2026-02-21 06:22:09,712 | INFO | Match 8609463315: parse lanes
2026-02-21 06:22:09,774 | INFO | Match 8609463315: append to Excel
2026-02-21 06:22:12,154 | INFO | [54/3291] Match 8609463315 DONE in 23.5s
2026-02-21 06:22:14,774 | INFO | [55/3291] Match 8609461438 START
2026-02-21 06:22:14,774 | INFO | Match 8609461438: fetch overview
2026-02-21 06:22:24,472 | INFO | Match 8609461438: parse overview
2026-02-21 06:22:27,394 | INFO | Match 8609461438: fetch lanes
2026-02-21 06:22:35,652 | INFO | Match 8609461438: parse lanes
2026-02-21 06:22:35,714 | INFO | Match 8609461438: append to Excel
2026-02-21 06:22:38,172 | INFO | [55/3291] Match 8609461438 DONE in 23.4s
2026-02-21 06:22:41,595 | INFO | [56/3291] Match 8609468692 START
2026-02-21 06:22:41,595 | INFO | Match 8609468692: fetch overview
2026-02-21 06:22:52,141 | INFO | Match 8609468692: parse overview
2026-02-21 06:22:56,359 | INFO | Match 8609468692: fetch lanes
2026-02-21 06:23:04,882 | INFO | Match 8609468692: parse lanes
2026-02-21 06:23:04,941 | INFO | Match 8609468692: append to Excel
2026-02-21 06:23:07,330 | INFO | [56/3291] Match 8609468692 DONE in 25.7s
2026-02-21 06:23:10,932 | INFO | [57/3291] Match 8609461840 START
2026-02-21 06:23:10,932 | INFO | Match 8609461840: fetch overview
2026-02-21 06:23:20,227 | INFO | Match 8609461840: parse overview
2026-02-21 06:23:23,108 | INFO | Match 8609461840: fetch lanes
2026-02-21 06:23:31,272 | INFO | Match 8609461840: parse lanes
2026-02-21 06:23:31,331 | INFO | Match 8609461840: append to Excel
2026-02-21 06:23:33,590 | INFO | [57/3291] Match 8609461840 DONE in 22.7s
2026-02-21 06:23:36,942 | INFO | [58/3291] Match 8609462560 START
2026-02-21 06:23:36,942 | INFO | Match 8609462560: fetch overview
2026-02-21 06:23:46,292 | INFO | Match 8609462560: parse overview
2026-02-21 06:23:51,147 | INFO | Match 8609462560: fetch lanes
2026-02-21 06:26:13,825 | INFO | Match 8609462560: parse lanes
2026-02-21 06:26:13,827 | INFO | Match 8609462560: append to Excel
2026-02-21 06:26:16,286 | INFO | [58/3291] Match 8609462560 DONE in 159.3s
2026-02-21 06:26:18,354 | INFO | [59/3291] Match 8609470771 START
2026-02-21 06:26:18,355 | INFO | Match 8609470771: fetch overview
2026-02-21 06:26:27,870 | INFO | Match 8609470771: parse overview
2026-02-21 06:26:31,713 | INFO | Match 8609470771: fetch lanes
2026-02-21 06:26:40,376 | INFO | Match 8609470771: parse lanes
2026-02-21 06:26:40,465 | INFO | Match 8609470771: append to Excel
2026-02-21 06:26:42,917 | INFO | [59/3291] Match 8609470771 DONE in 24.6s
2026-02-21 06:26:45,704 | INFO | [60/3291] Match 8609449198 START
2026-02-21 06:26:45,704 | INFO | Match 8609449198: fetch overview
2026-02-21 06:26:55,592 | INFO | Match 8609449198: parse overview
2026-02-21 06:26:58,456 | INFO | Match 8609449198: fetch lanes
2026-02-21 06:29:21,913 | INFO | Match 8609449198: parse lanes
2026-02-21 06:29:21,914 | INFO | Match 8609449198: append to Excel
2026-02-21 06:29:24,263 | INFO | [60/3291] Match 8609449198 DONE in 158.6s
2026-02-21 06:29:27,280 | INFO | [61/3291] Match 8609461229 START
2026-02-21 06:29:27,280 | INFO | Match 8609461229: fetch overview
2026-02-21 06:29:36,717 | INFO | Match 8609461229: parse overview
2026-02-21 06:29:40,707 | INFO | Match 8609461229: fetch lanes
2026-02-21 06:29:49,706 | INFO | Match 8609461229: parse lanes
2026-02-21 06:29:49,774 | INFO | Match 8609461229: append to Excel
2026-02-21 06:29:52,199 | INFO | [61/3291] Match 8609461229 DONE in 24.9s
2026-02-21 06:29:54,375 | INFO | [62/3291] Match 8609490315 START
2026-02-21 06:29:54,375 | INFO | Match 8609490315: fetch overview
2026-02-21 06:30:04,152 | INFO | Match 8609490315: parse overview
2026-02-21 06:30:08,803 | INFO | Match 8609490315: fetch lanes
2026-02-21 06:30:17,358 | INFO | Match 8609490315: parse lanes
2026-02-21 06:30:17,418 | INFO | Match 8609490315: append to Excel
2026-02-21 06:30:19,980 | INFO | [62/3291] Match 8609490315 DONE in 25.6s
2026-02-21 06:30:22,366 | INFO | [63/3291] Match 8609453594 START
2026-02-21 06:30:22,366 | INFO | Match 8609453594: fetch overview
2026-02-21 06:30:32,444 | INFO | Match 8609453594: parse overview
2026-02-21 06:30:36,948 | INFO | Match 8609453594: fetch lanes
2026-02-21 06:33:00,776 | INFO | Match 8609453594: parse lanes
2026-02-21 06:33:00,779 | INFO | Match 8609453594: append to Excel
2026-02-21 06:33:03,313 | INFO | [63/3291] Match 8609453594 DONE in 160.9s
2026-02-21 06:33:07,255 | INFO | [64/3291] Match 8609472450 START
2026-02-21 06:33:07,255 | INFO | Match 8609472450: fetch overview
2026-02-21 06:33:16,842 | INFO | Match 8609472450: parse overview
2026-02-21 06:33:19,938 | INFO | Match 8609472450: fetch lanes
2026-02-21 06:35:42,203 | INFO | Match 8609472450: parse lanes
2026-02-21 06:35:42,204 | INFO | Match 8609472450: append to Excel
2026-02-21 06:35:44,539 | INFO | [64/3291] Match 8609472450 DONE in 157.3s
2026-02-21 06:35:47,314 | INFO | [65/3291] Match 8609480988 START
2026-02-21 06:35:47,315 | INFO | Match 8609480988: fetch overview
2026-02-21 06:35:57,892 | INFO | Match 8609480988: parse overview
2026-02-21 06:36:02,505 | INFO | Match 8609480988: fetch lanes
2026-02-21 06:36:10,973 | INFO | Match 8609480988: parse lanes
2026-02-21 06:36:11,035 | INFO | Match 8609480988: append to Excel
2026-02-21 06:36:13,284 | INFO | [65/3291] Match 8609480988 DONE in 26.0s
2026-02-21 06:36:17,052 | INFO | [66/3291] Match 8609462245 START
2026-02-21 06:36:17,052 | INFO | Match 8609462245: fetch overview
2026-02-21 06:36:27,383 | INFO | Match 8609462245: parse overview
2026-02-21 06:36:31,846 | INFO | Match 8609462245: fetch lanes
2026-02-21 06:38:54,746 | INFO | Match 8609462245: parse lanes
2026-02-21 06:38:54,747 | INFO | Match 8609462245: append to Excel
2026-02-21 06:38:57,364 | INFO | [66/3291] Match 8609462245 DONE in 160.3s
2026-02-21 06:39:00,461 | INFO | [67/3291] Match 8609474224 START
2026-02-21 06:39:00,461 | INFO | Match 8609474224: fetch overview
2026-02-21 06:39:11,348 | INFO | Match 8609474224: parse overview
2026-02-21 06:39:14,657 | INFO | Match 8609474224: fetch lanes
2026-02-21 06:41:37,935 | INFO | Match 8609474224: parse lanes
2026-02-21 06:41:37,936 | INFO | Match 8609474224: append to Excel
2026-02-21 06:41:40,599 | INFO | [67/3291] Match 8609474224 DONE in 160.1s
2026-02-21 06:41:44,127 | INFO | [68/3291] Match 8609477385 START
2026-02-21 06:41:44,128 | INFO | Match 8609477385: fetch overview
2026-02-21 06:41:54,368 | INFO | Match 8609477385: parse overview
2026-02-21 06:41:57,213 | INFO | Match 8609477385: fetch lanes
2026-02-21 06:42:06,051 | INFO | Match 8609477385: parse lanes
2026-02-21 06:42:06,107 | INFO | Match 8609477385: append to Excel
2026-02-21 06:42:08,528 | INFO | [68/3291] Match 8609477385 DONE in 24.4s
2026-02-21 06:42:10,727 | INFO | [69/3291] Match 8609478569 START
2026-02-21 06:42:10,727 | INFO | Match 8609478569: fetch overview
2026-02-21 06:42:20,399 | INFO | Match 8609478569: parse overview
2026-02-21 06:42:24,793 | INFO | Match 8609478569: fetch lanes
2026-02-21 06:42:32,719 | INFO | Match 8609478569: parse lanes
2026-02-21 06:42:33,040 | INFO | Match 8609478569: append to Excel
2026-02-21 06:42:35,287 | INFO | [69/3291] Match 8609478569 DONE in 24.6s
2026-02-21 06:42:37,859 | INFO | [70/3291] Match 8609481901 START
2026-02-21 06:42:37,859 | INFO | Match 8609481901: fetch overview
2026-02-21 06:42:48,073 | INFO | Match 8609481901: parse overview
2026-02-21 06:42:51,671 | INFO | Match 8609481901: fetch lanes
2026-02-21 06:43:00,453 | INFO | Match 8609481901: parse lanes
2026-02-21 06:43:00,526 | INFO | Match 8609481901: append to Excel
2026-02-21 06:43:03,088 | INFO | [70/3291] Match 8609481901 DONE in 25.2s
2026-02-21 06:43:05,995 | INFO | [71/3291] Match 8609486184 START
2026-02-21 06:43:05,995 | INFO | Match 8609486184: fetch overview
2026-02-21 06:43:16,196 | INFO | Match 8609486184: parse overview
2026-02-21 06:43:19,315 | INFO | Match 8609486184: fetch lanes
2026-02-21 06:45:41,696 | INFO | Match 8609486184: parse lanes
2026-02-21 06:45:41,697 | INFO | Match 8609486184: append to Excel
2026-02-21 06:45:44,370 | INFO | [71/3291] Match 8609486184 DONE in 158.4s
2026-02-21 06:45:47,317 | INFO | [72/3291] Match 8609453828 START
2026-02-21 06:45:47,317 | INFO | Match 8609453828: fetch overview
2026-02-21 06:45:56,322 | INFO | Match 8609453828: parse overview
2026-02-21 06:46:00,319 | INFO | Match 8609453828: fetch lanes
2026-02-21 06:48:22,748 | INFO | Match 8609453828: parse lanes
2026-02-21 06:48:22,750 | INFO | Match 8609453828: append to Excel
2026-02-21 06:48:25,297 | INFO | [72/3291] Match 8609453828 DONE in 158.0s
2026-02-21 06:48:29,089 | INFO | [73/3291] Match 8609478448 START
2026-02-21 06:48:29,089 | INFO | Match 8609478448: fetch overview
2026-02-21 06:48:38,674 | INFO | Match 8609478448: parse overview
2026-02-21 06:48:43,139 | INFO | Match 8609478448: fetch lanes
2026-02-21 06:48:52,109 | INFO | Match 8609478448: parse lanes
2026-02-21 06:48:52,171 | INFO | Match 8609478448: append to Excel
2026-02-21 06:48:54,624 | INFO | [73/3291] Match 8609478448 DONE in 25.5s
2026-02-21 06:48:58,253 | INFO | [74/3291] Match 8609449348 START
2026-02-21 06:48:58,254 | INFO | Match 8609449348: fetch overview
2026-02-21 06:49:07,647 | INFO | Match 8609449348: parse overview
2026-02-21 06:49:11,717 | INFO | Match 8609449348: fetch lanes
2026-02-21 06:51:34,958 | INFO | Match 8609449348: parse lanes
2026-02-21 06:51:34,960 | INFO | Match 8609449348: append to Excel
2026-02-21 06:51:37,311 | INFO | [74/3291] Match 8609449348 DONE in 159.1s
2026-02-21 06:51:41,243 | INFO | [75/3291] Match 8609473813 START
2026-02-21 06:51:41,243 | INFO | Match 8609473813: fetch overview
2026-02-21 06:51:51,345 | INFO | Match 8609473813: parse overview
2026-02-21 06:51:55,137 | INFO | Match 8609473813: fetch lanes
2026-02-21 06:54:17,698 | INFO | Match 8609473813: parse lanes
2026-02-21 06:54:17,699 | INFO | Match 8609473813: append to Excel
2026-02-21 06:54:20,196 | INFO | [75/3291] Match 8609473813 DONE in 159.0s
2026-02-21 06:54:22,303 | INFO | [76/3291] Match 8609453635 START
2026-02-21 06:54:22,303 | INFO | Match 8609453635: fetch overview
2026-02-21 06:54:32,075 | INFO | Match 8609453635: parse overview
2026-02-21 06:54:36,049 | INFO | Match 8609453635: fetch lanes
2026-02-21 06:54:44,571 | INFO | Match 8609453635: parse lanes
2026-02-21 06:54:44,636 | INFO | Match 8609453635: append to Excel
2026-02-21 06:54:47,155 | INFO | [76/3291] Match 8609453635 DONE in 24.9s
2026-02-21 06:54:50,211 | INFO | [77/3291] Match 8609488029 START
2026-02-21 06:54:50,212 | INFO | Match 8609488029: fetch overview
2026-02-21 06:54:59,455 | INFO | Match 8609488029: parse overview
2026-02-21 06:55:02,441 | INFO | Match 8609488029: fetch lanes
2026-02-21 06:55:10,895 | INFO | Match 8609488029: parse lanes
2026-02-21 06:55:11,167 | INFO | Match 8609488029: append to Excel
2026-02-21 06:55:13,375 | INFO | [77/3291] Match 8609488029 DONE in 23.2s
2026-02-21 06:55:16,090 | INFO | [78/3291] Match 8609491442 START
2026-02-21 06:55:16,091 | INFO | Match 8609491442: fetch overview
2026-02-21 06:55:26,689 | INFO | Match 8609491442: parse overview
2026-02-21 06:55:31,373 | INFO | Match 8609491442: fetch lanes
2026-02-21 06:55:39,744 | INFO | Match 8609491442: parse lanes
2026-02-21 06:55:39,807 | INFO | Match 8609491442: append to Excel
2026-02-21 06:55:42,253 | INFO | [78/3291] Match 8609491442 DONE in 26.2s
2026-02-21 06:55:44,262 | INFO | [79/3291] Match 8609491442 START
2026-02-21 06:55:44,262 | INFO | Match 8609491442: fetch overview
2026-02-21 06:55:53,334 | INFO | Match 8609491442: parse overview
2026-02-21 06:55:56,582 | INFO | Match 8609491442: fetch lanes
2026-02-21 06:56:05,008 | INFO | Match 8609491442: parse lanes
2026-02-21 06:56:05,075 | INFO | Match 8609491442: append to Excel
2026-02-21 06:56:06,673 | INFO | Match 8609491442: already in Excel, skip append
2026-02-21 06:56:06,673 | INFO | [79/3291] Match 8609491442 DONE in 22.4s
2026-02-21 06:56:09,462 | INFO | [80/3291] Match 8609475058 START
2026-02-21 06:56:09,462 | INFO | Match 8609475058: fetch overview
2026-02-21 06:56:18,925 | INFO | Match 8609475058: parse overview
2026-02-21 06:56:21,810 | INFO | Match 8609475058: fetch lanes
2026-02-21 06:58:46,279 | INFO | Match 8609475058: parse lanes
2026-02-21 06:58:46,284 | INFO | Match 8609475058: append to Excel
2026-02-21 06:58:49,488 | INFO | [80/3291] Match 8609475058 DONE in 160.0s
2026-02-21 06:58:52,015 | INFO | [81/3291] Match 8609483597 START
2026-02-21 06:58:52,015 | INFO | Match 8609483597: fetch overview
2026-02-21 06:59:02,147 | INFO | Match 8609483597: parse overview
2026-02-21 06:59:05,961 | INFO | Match 8609483597: fetch lanes
2026-02-21 07:01:28,312 | INFO | Match 8609483597: parse lanes
2026-02-21 07:01:28,313 | INFO | Match 8609483597: append to Excel
2026-02-21 07:01:30,928 | INFO | [81/3291] Match 8609483597 DONE in 158.9s
2026-02-21 07:01:33,876 | INFO | [82/3291] Match 8609485490 START
2026-02-21 07:01:33,876 | INFO | Match 8609485490: fetch overview
2026-02-21 07:01:44,860 | INFO | Match 8609485490: parse overview
2026-02-21 07:01:48,289 | INFO | Match 8609485490: fetch lanes
2026-02-21 07:04:11,502 | INFO | Match 8609485490: parse lanes
2026-02-21 07:04:11,503 | INFO | Match 8609485490: append to Excel
2026-02-21 07:04:14,109 | INFO | [82/3291] Match 8609485490 DONE in 160.2s
2026-02-21 07:04:16,147 | INFO | [83/3291] Match 8609454121 START
2026-02-21 07:04:16,147 | INFO | Match 8609454121: fetch overview
2026-02-21 07:04:27,567 | INFO | Match 8609454121: parse overview
2026-02-21 07:04:32,196 | INFO | Match 8609454121: fetch lanes
2026-02-21 07:06:55,359 | INFO | Match 8609454121: parse lanes
2026-02-21 07:06:55,360 | INFO | Match 8609454121: append to Excel
2026-02-21 07:06:58,029 | INFO | [83/3291] Match 8609454121 DONE in 161.9s
2026-02-21 07:07:01,650 | INFO | [84/3291] Match 8609483413 START
2026-02-21 07:07:01,650 | INFO | Match 8609483413: fetch overview
2026-02-21 07:07:11,413 | INFO | Match 8609483413: parse overview
2026-02-21 07:07:14,305 | INFO | Match 8609483413: fetch lanes
2026-02-21 07:07:22,638 | INFO | Match 8609483413: parse lanes
2026-02-21 07:07:22,700 | INFO | Match 8609483413: append to Excel
2026-02-21 07:07:25,315 | INFO | [84/3291] Match 8609483413 DONE in 23.7s
2026-02-21 07:07:28,351 | INFO | [85/3291] Match 8609491393 START
2026-02-21 07:07:28,351 | INFO | Match 8609491393: fetch overview
2026-02-21 07:07:38,303 | INFO | Match 8609491393: parse overview
2026-02-21 07:07:41,234 | INFO | Match 8609491393: fetch lanes
2026-02-21 07:10:04,569 | INFO | Match 8609491393: parse lanes
2026-02-21 07:10:04,570 | INFO | Match 8609491393: append to Excel
2026-02-21 07:10:07,364 | INFO | [85/3291] Match 8609491393 DONE in 159.0s
2026-02-21 07:10:10,046 | INFO | [86/3291] Match 8609494336 START
2026-02-21 07:10:10,046 | INFO | Match 8609494336: fetch overview
2026-02-21 07:10:19,754 | INFO | Match 8609494336: parse overview
2026-02-21 07:10:23,492 | INFO | Match 8609494336: fetch lanes
2026-02-21 07:10:32,278 | INFO | Match 8609494336: parse lanes
2026-02-21 07:10:32,345 | INFO | Match 8609494336: append to Excel
2026-02-21 07:10:35,015 | INFO | [86/3291] Match 8609494336 DONE in 25.0s
2026-02-21 07:10:38,778 | INFO | [87/3291] Match 8609466159 START
2026-02-21 07:10:38,778 | INFO | Match 8609466159: fetch overview
2026-02-21 07:10:48,384 | INFO | Match 8609466159: parse overview
2026-02-21 07:10:52,101 | INFO | Match 8609466159: fetch lanes
2026-02-21 07:13:14,537 | INFO | Match 8609466159: parse lanes
2026-02-21 07:13:14,540 | INFO | Match 8609466159: append to Excel
2026-02-21 07:13:17,160 | INFO | [87/3291] Match 8609466159 DONE in 158.4s
2026-02-21 07:13:19,494 | INFO | [88/3291] Match 8609463219 START
2026-02-21 07:13:19,494 | INFO | Match 8609463219: fetch overview
2026-02-21 07:13:28,457 | INFO | Match 8609463219: parse overview
2026-02-21 07:13:32,428 | INFO | Match 8609463219: fetch lanes
2026-02-21 07:15:55,184 | INFO | Match 8609463219: parse lanes
2026-02-21 07:15:55,185 | INFO | Match 8609463219: append to Excel
2026-02-21 07:15:57,988 | INFO | [88/3291] Match 8609463219 DONE in 158.5s
2026-02-21 07:16:01,571 | INFO | [89/3291] Match 8609477539 START
2026-02-21 07:16:01,571 | INFO | Match 8609477539: fetch overview
2026-02-21 07:16:11,504 | INFO | Match 8609477539: parse overview
2026-02-21 07:16:14,775 | INFO | Match 8609477539: fetch lanes
2026-02-21 07:18:37,152 | INFO | Match 8609477539: parse lanes
2026-02-21 07:18:37,155 | INFO | Match 8609477539: append to Excel
2026-02-21 07:18:40,029 | INFO | [89/3291] Match 8609477539 DONE in 158.5s
2026-02-21 07:18:42,385 | INFO | [90/3291] Match 8609488600 START
2026-02-21 07:18:42,386 | INFO | Match 8609488600: fetch overview
2026-02-21 07:18:52,092 | INFO | Match 8609488600: parse overview
2026-02-21 07:18:56,602 | INFO | Match 8609488600: fetch lanes
2026-02-21 07:21:19,813 | INFO | Match 8609488600: parse lanes
2026-02-21 07:21:19,816 | INFO | Match 8609488600: append to Excel
2026-02-21 07:21:22,528 | INFO | [90/3291] Match 8609488600 DONE in 160.1s
2026-02-21 07:21:25,512 | INFO | [91/3291] Match 8609490540 START
2026-02-21 07:21:25,513 | INFO | Match 8609490540: fetch overview
2026-02-21 07:21:35,459 | INFO | Match 8609490540: parse overview
2026-02-21 07:21:39,780 | INFO | Match 8609490540: fetch lanes
2026-02-21 07:24:02,370 | INFO | Match 8609490540: parse lanes
2026-02-21 07:24:02,371 | INFO | Match 8609490540: append to Excel
2026-02-21 07:24:05,057 | INFO | [91/3291] Match 8609490540 DONE in 159.5s
2026-02-21 07:24:07,271 | INFO | [92/3291] Match 8609465777 START
2026-02-21 07:24:07,271 | INFO | Match 8609465777: fetch overview
2026-02-21 07:24:18,032 | INFO | Match 8609465777: parse overview
2026-02-21 07:24:22,820 | INFO | Match 8609465777: fetch lanes
2026-02-21 07:24:32,036 | INFO | Match 8609465777: parse lanes
2026-02-21 07:24:32,098 | INFO | Match 8609465777: append to Excel
2026-02-21 07:24:34,730 | INFO | [92/3291] Match 8609465777 DONE in 27.5s
2026-02-21 07:24:38,051 | INFO | [93/3291] Match 8609485877 START
2026-02-21 07:24:38,051 | INFO | Match 8609485877: fetch overview
2026-02-21 07:24:48,182 | INFO | Match 8609485877: parse overview
2026-02-21 07:24:51,455 | INFO | Match 8609485877: fetch lanes
2026-02-21 07:24:59,962 | INFO | Match 8609485877: parse lanes
2026-02-21 07:25:00,036 | INFO | Match 8609485877: append to Excel
2026-02-21 07:25:03,006 | INFO | [93/3291] Match 8609485877 DONE in 25.0s
2026-02-21 07:25:06,485 | INFO | [94/3291] Match 8609493049 START
2026-02-21 07:25:06,485 | INFO | Match 8609493049: fetch overview
2026-02-21 07:25:16,937 | INFO | Match 8609493049: parse overview
2026-02-21 07:25:21,887 | INFO | Match 8609493049: fetch lanes
2026-02-21 07:27:44,997 | INFO | Match 8609493049: parse lanes
2026-02-21 07:27:44,998 | INFO | Match 8609493049: append to Excel
2026-02-21 07:27:47,972 | INFO | [94/3291] Match 8609493049 DONE in 161.5s
2026-02-21 07:27:50,094 | INFO | [95/3291] Match 8609488507 START
2026-02-21 07:27:50,095 | INFO | Match 8609488507: fetch overview
2026-02-21 07:28:00,418 | INFO | Match 8609488507: parse overview
2026-02-21 07:28:04,870 | INFO | Match 8609488507: fetch lanes
2026-02-21 07:30:27,216 | INFO | Match 8609488507: parse lanes
2026-02-21 07:30:27,217 | INFO | Match 8609488507: append to Excel
2026-02-21 07:30:30,060 | INFO | [95/3291] Match 8609488507 DONE in 160.0s
2026-02-21 07:30:33,302 | INFO | [96/3291] Match 8609444034 START
2026-02-21 07:30:33,302 | INFO | Match 8609444034: fetch overview
2026-02-21 07:30:44,078 | INFO | Match 8609444034: parse overview
2026-02-21 07:30:48,441 | INFO | Match 8609444034: fetch lanes
2026-02-21 07:30:57,570 | INFO | Match 8609444034: parse lanes
2026-02-21 07:30:57,642 | INFO | Match 8609444034: append to Excel
2026-02-21 07:31:00,394 | INFO | [96/3291] Match 8609444034 DONE in 27.1s
2026-02-21 07:31:03,857 | INFO | [97/3291] Match 8609465108 START
2026-02-21 07:31:03,857 | INFO | Match 8609465108: fetch overview
2026-02-21 07:31:13,979 | INFO | Match 8609465108: parse overview
2026-02-21 07:31:18,122 | INFO | Match 8609465108: fetch lanes
2026-02-21 07:31:26,737 | INFO | Match 8609465108: parse lanes
2026-02-21 07:31:26,808 | INFO | Match 8609465108: append to Excel
2026-02-21 07:31:29,941 | INFO | [97/3291] Match 8609465108 DONE in 26.1s
2026-02-21 07:31:32,420 | INFO | [98/3291] Match 8609478719 START
2026-02-21 07:31:32,420 | INFO | Match 8609478719: fetch overview
2026-02-21 07:31:42,529 | INFO | Match 8609478719: parse overview
2026-02-21 07:31:46,579 | INFO | Match 8609478719: fetch lanes
2026-02-21 07:34:09,593 | INFO | Match 8609478719: parse lanes
2026-02-21 07:34:09,595 | INFO | Match 8609478719: append to Excel
2026-02-21 07:34:12,319 | INFO | [98/3291] Match 8609478719 DONE in 159.9s
2026-02-21 07:34:15,146 | INFO | [99/3291] Match 8609492402 START
2026-02-21 07:34:15,146 | INFO | Match 8609492402: fetch overview
2026-02-21 07:34:24,851 | INFO | Match 8609492402: parse overview
2026-02-21 07:34:29,200 | INFO | Match 8609492402: fetch lanes
2026-02-21 07:36:52,727 | INFO | Match 8609492402: parse lanes
2026-02-21 07:36:52,728 | INFO | Match 8609492402: append to Excel
2026-02-21 07:36:55,675 | INFO | [99/3291] Match 8609492402 DONE in 160.5s
2026-02-21 07:36:59,545 | INFO | [100/3291] Match 8609488916 START
2026-02-21 07:36:59,545 | INFO | Match 8609488916: fetch overview
2026-02-21 07:37:09,481 | INFO | Match 8609488916: parse overview
2026-02-21 07:37:12,294 | INFO | Match 8609488916: fetch lanes
2026-02-21 07:37:20,938 | INFO | Match 8609488916: parse lanes
2026-02-21 07:37:21,263 | INFO | Match 8609488916: append to Excel
2026-02-21 07:37:24,070 | INFO | [100/3291] Match 8609488916 DONE in 24.5s
2026-02-21 07:37:26,514 | INFO | [101/3291] Match 8609499623 START
2026-02-21 07:37:26,514 | INFO | Match 8609499623: fetch overview
2026-02-21 07:37:36,853 | INFO | Match 8609499623: parse overview
2026-02-21 07:37:41,163 | INFO | Match 8609499623: fetch lanes
2026-02-21 07:37:49,977 | INFO | Match 8609499623: parse lanes
2026-02-21 07:37:50,053 | INFO | Match 8609499623: append to Excel
2026-02-21 07:37:53,394 | INFO | [101/3291] Match 8609499623 DONE in 26.9s
2026-02-21 07:37:55,642 | INFO | [102/3291] Match 8609488592 START
2026-02-21 07:37:55,642 | INFO | Match 8609488592: fetch overview
2026-02-21 07:38:05,739 | INFO | Match 8609488592: parse overview
2026-02-21 07:38:10,476 | INFO | Match 8609488592: fetch lanes
2026-02-21 07:38:19,198 | INFO | Match 8609488592: parse lanes
2026-02-21 07:38:19,279 | INFO | Match 8609488592: append to Excel
2026-02-21 07:38:22,542 | INFO | [102/3291] Match 8609488592 DONE in 26.9s
2026-02-21 07:38:25,418 | INFO | [103/3291] Match 8609479615 START
2026-02-21 07:38:25,418 | INFO | Match 8609479615: fetch overview
2026-02-21 07:38:35,523 | INFO | Match 8609479615: parse overview
2026-02-21 07:38:38,898 | INFO | Match 8609479615: fetch lanes
2026-02-21 07:38:47,566 | INFO | Match 8609479615: parse lanes
2026-02-21 07:38:47,632 | INFO | Match 8609479615: append to Excel
2026-02-21 07:38:50,714 | INFO | [103/3291] Match 8609479615 DONE in 25.3s
2026-02-21 07:38:53,361 | INFO | [104/3291] Match 8609467251 START
2026-02-21 07:38:53,361 | INFO | Match 8609467251: fetch overview
2026-02-21 07:39:02,547 | INFO | Match 8609467251: parse overview
2026-02-21 07:39:06,226 | INFO | Match 8609467251: fetch lanes
2026-02-21 07:41:29,053 | INFO | Match 8609467251: parse lanes
2026-02-21 07:41:29,054 | INFO | Match 8609467251: append to Excel
2026-02-21 07:41:31,890 | INFO | [104/3291] Match 8609467251 DONE in 158.5s
2026-02-21 07:41:34,049 | INFO | [105/3291] Match 8609499907 START
2026-02-21 07:41:34,049 | INFO | Match 8609499907: fetch overview
2026-02-21 07:41:44,350 | INFO | Match 8609499907: parse overview
2026-02-21 07:41:48,161 | INFO | Match 8609499907: fetch lanes
2026-02-21 07:41:57,266 | INFO | Match 8609499907: parse lanes
2026-02-21 07:41:57,592 | INFO | Match 8609499907: append to Excel
2026-02-21 07:42:00,264 | INFO | [105/3291] Match 8609499907 DONE in 26.2s
2026-02-21 07:42:02,349 | INFO | [106/3291] Match 8609473494 START
2026-02-21 07:42:02,349 | INFO | Match 8609473494: fetch overview
2026-02-21 07:42:12,596 | INFO | Match 8609473494: parse overview
2026-02-21 07:42:15,731 | INFO | Match 8609473494: fetch lanes
2026-02-21 07:42:24,658 | INFO | Match 8609473494: parse lanes
2026-02-21 07:42:24,742 | INFO | Match 8609473494: append to Excel
2026-02-21 07:42:29,236 | INFO | [106/3291] Match 8609473494 DONE in 26.9s
2026-02-21 07:42:32,671 | INFO | [107/3291] Match 8609491902 START
2026-02-21 07:42:32,671 | INFO | Match 8609491902: fetch overview
2026-02-21 07:42:42,849 | INFO | Match 8609491902: parse overview
2026-02-21 07:42:46,903 | INFO | Match 8609491902: fetch lanes
2026-02-21 07:42:55,926 | INFO | Match 8609491902: parse lanes
2026-02-21 07:42:55,987 | INFO | Match 8609491902: append to Excel
2026-02-21 07:42:58,735 | INFO | [107/3291] Match 8609491902 DONE in 26.1s
2026-02-21 07:43:01,357 | INFO | [108/3291] Match 8609475795 START
2026-02-21 07:43:01,357 | INFO | Match 8609475795: fetch overview
2026-02-21 07:43:12,033 | INFO | Match 8609475795: parse overview
2026-02-21 07:43:15,334 | INFO | Match 8609475795: fetch lanes
2026-02-21 07:43:24,922 | INFO | Match 8609475795: parse lanes
2026-02-21 07:43:24,989 | INFO | Match 8609475795: append to Excel
2026-02-21 07:43:27,634 | INFO | [108/3291] Match 8609475795 DONE in 26.3s
2026-02-21 07:43:30,985 | INFO | [109/3291] Match 8609481272 START
2026-02-21 07:43:30,986 | INFO | Match 8609481272: fetch overview
2026-02-21 07:43:40,630 | INFO | Match 8609481272: parse overview
2026-02-21 07:43:44,353 | INFO | Match 8609481272: fetch lanes
2026-02-21 07:43:52,731 | INFO | Match 8609481272: parse lanes
2026-02-21 07:43:52,801 | INFO | Match 8609481272: append to Excel
2026-02-21 07:43:55,652 | INFO | [109/3291] Match 8609481272 DONE in 24.7s
2026-02-21 07:43:57,998 | INFO | [110/3291] Match 8609479269 START
2026-02-21 07:43:57,998 | INFO | Match 8609479269: fetch overview
2026-02-21 07:44:08,836 | INFO | Match 8609479269: parse overview
2026-02-21 07:44:12,142 | INFO | Match 8609479269: fetch lanes
2026-02-21 07:44:21,022 | INFO | Match 8609479269: parse lanes
2026-02-21 07:44:21,090 | INFO | Match 8609479269: append to Excel
2026-02-21 07:44:24,005 | INFO | [110/3291] Match 8609479269 DONE in 26.0s
2026-02-21 07:44:26,598 | INFO | [111/3291] Match 8609464246 START
2026-02-21 07:44:26,598 | INFO | Match 8609464246: fetch overview
2026-02-21 07:44:36,579 | INFO | Match 8609464246: parse overview
2026-02-21 07:44:41,194 | INFO | Match 8609464246: fetch lanes
2026-02-21 07:44:49,939 | INFO | Match 8609464246: parse lanes
2026-02-21 07:44:50,002 | INFO | Match 8609464246: append to Excel
2026-02-21 07:44:52,668 | INFO | [111/3291] Match 8609464246 DONE in 26.1s
2026-02-21 07:44:56,605 | INFO | [112/3291] Match 8609482503 START
2026-02-21 07:44:56,606 | INFO | Match 8609482503: fetch overview
2026-02-21 07:45:06,360 | INFO | Match 8609482503: parse overview
2026-02-21 07:45:10,178 | INFO | Match 8609482503: fetch lanes
2026-02-21 07:45:18,711 | INFO | Match 8609482503: parse lanes
2026-02-21 07:45:19,055 | INFO | Match 8609482503: append to Excel
2026-02-21 07:45:21,800 | INFO | [112/3291] Match 8609482503 DONE in 25.2s
2026-02-21 07:45:24,000 | INFO | [113/3291] Match 8609489911 START
2026-02-21 07:45:24,000 | INFO | Match 8609489911: fetch overview
2026-02-21 07:45:33,711 | INFO | Match 8609489911: parse overview
2026-02-21 07:45:37,755 | INFO | Match 8609489911: fetch lanes
2026-02-21 07:45:46,672 | INFO | Match 8609489911: parse lanes
2026-02-21 07:45:46,740 | INFO | Match 8609489911: append to Excel
2026-02-21 07:45:49,753 | INFO | [113/3291] Match 8609489911 DONE in 25.8s
2026-02-21 07:45:52,190 | INFO | [114/3291] Match 8609468118 START
2026-02-21 07:45:52,190 | INFO | Match 8609468118: fetch overview
2026-02-21 07:46:01,810 | INFO | Match 8609468118: parse overview
2026-02-21 07:46:04,666 | INFO | Match 8609468118: fetch lanes
2026-02-21 07:46:13,959 | INFO | Match 8609468118: parse lanes
2026-02-21 07:46:14,024 | INFO | Match 8609468118: append to Excel
2026-02-21 07:46:17,088 | INFO | [114/3291] Match 8609468118 DONE in 24.9s
2026-02-21 07:46:20,032 | INFO | [115/3291] Match 8609486302 START
2026-02-21 07:46:20,032 | INFO | Match 8609486302: fetch overview
2026-02-21 07:46:29,416 | INFO | Match 8609486302: parse overview
2026-02-21 07:46:33,648 | INFO | Match 8609486302: fetch lanes
2026-02-21 07:48:56,075 | INFO | Match 8609486302: parse lanes
2026-02-21 07:48:56,079 | INFO | Match 8609486302: append to Excel
2026-02-21 07:49:00,369 | INFO | [115/3291] Match 8609486302 DONE in 160.3s
2026-02-21 07:49:04,268 | INFO | [116/3291] Match 8609473435 START
2026-02-21 07:49:04,268 | INFO | Match 8609473435: fetch overview
2026-02-21 07:49:14,946 | INFO | Match 8609473435: parse overview
2026-02-21 07:49:18,858 | INFO | Match 8609473435: fetch lanes
2026-02-21 07:51:41,479 | INFO | Match 8609473435: parse lanes
2026-02-21 07:51:41,480 | INFO | Match 8609473435: append to Excel
2026-02-21 07:51:45,824 | INFO | [116/3291] Match 8609473435 DONE in 161.6s
2026-02-21 07:51:49,342 | INFO | [117/3291] Match 8609479011 START
2026-02-21 07:51:49,342 | INFO | Match 8609479011: fetch overview
2026-02-21 07:52:00,284 | INFO | Match 8609479011: parse overview
2026-02-21 07:52:04,707 | INFO | Match 8609479011: fetch lanes
2026-02-21 07:52:13,715 | INFO | Match 8609479011: parse lanes
2026-02-21 07:52:13,785 | INFO | Match 8609479011: append to Excel
2026-02-21 07:52:17,403 | INFO | [117/3291] Match 8609479011 DONE in 28.1s
2026-02-21 07:52:19,461 | INFO | [118/3291] Match 8609497491 START
2026-02-21 07:52:19,461 | INFO | Match 8609497491: fetch overview
2026-02-21 07:52:28,551 | INFO | Match 8609497491: parse overview
2026-02-21 07:52:32,144 | INFO | Match 8609497491: fetch lanes
2026-02-21 07:54:55,278 | INFO | Match 8609497491: parse lanes
2026-02-21 07:54:55,281 | INFO | Match 8609497491: append to Excel
2026-02-21 07:54:58,412 | INFO | [118/3291] Match 8609497491 DONE in 159.0s
2026-02-21 07:55:00,986 | INFO | [119/3291] Match 8609460083 START
2026-02-21 07:55:00,986 | INFO | Match 8609460083: fetch overview
2026-02-21 07:55:10,708 | INFO | Match 8609460083: parse overview
2026-02-21 07:55:15,007 | INFO | Match 8609460083: fetch lanes
2026-02-21 07:57:37,377 | INFO | Match 8609460083: parse lanes
2026-02-21 07:57:37,378 | INFO | Match 8609460083: append to Excel
2026-02-21 07:57:40,708 | INFO | [119/3291] Match 8609460083 DONE in 159.7s
2026-02-21 07:57:43,636 | INFO | [120/3291] Match 8609501830 START
2026-02-21 07:57:43,636 | INFO | Match 8609501830: fetch overview
2026-02-21 07:57:53,765 | INFO | Match 8609501830: parse overview
2026-02-21 07:57:57,318 | INFO | Match 8609501830: fetch lanes
2026-02-21 08:00:20,694 | INFO | Match 8609501830: parse lanes
2026-02-21 08:00:20,694 | INFO | Match 8609501830: append to Excel
2026-02-21 08:00:23,898 | INFO | [120/3291] Match 8609501830 DONE in 160.3s
2026-02-21 08:00:27,523 | INFO | [121/3291] Match 8609465954 START
2026-02-21 08:00:27,523 | INFO | Match 8609465954: fetch overview
2026-02-21 08:00:38,431 | INFO | Match 8609465954: parse overview
2026-02-21 08:00:41,744 | INFO | Match 8609465954: fetch lanes
2026-02-21 08:00:50,425 | INFO | Match 8609465954: parse lanes
2026-02-21 08:00:50,489 | INFO | Match 8609465954: append to Excel
2026-02-21 08:00:53,439 | INFO | [121/3291] Match 8609465954 DONE in 25.9s
2026-02-21 08:00:57,205 | INFO | [122/3291] Match 8609474914 START
2026-02-21 08:00:57,205 | INFO | Match 8609474914: fetch overview
2026-02-21 08:01:07,685 | INFO | Match 8609474914: parse overview
2026-02-21 08:01:12,684 | INFO | Match 8609474914: fetch lanes
2026-02-21 08:01:21,090 | INFO | Match 8609474914: parse lanes
2026-02-21 08:01:21,158 | INFO | Match 8609474914: append to Excel
2026-02-21 08:01:24,036 | INFO | [122/3291] Match 8609474914 DONE in 26.8s
2026-02-21 08:01:26,743 | INFO | [123/3291] Match 8609477918 START
2026-02-21 08:01:26,743 | INFO | Match 8609477918: fetch overview
2026-02-21 08:01:36,624 | INFO | Match 8609477918: parse overview
2026-02-21 08:01:40,825 | INFO | Match 8609477918: fetch lanes
2026-02-21 08:04:03,403 | INFO | Match 8609477918: parse lanes
2026-02-21 08:04:03,405 | INFO | Match 8609477918: append to Excel
2026-02-21 08:04:06,447 | INFO | [123/3291] Match 8609477918 DONE in 159.7s
2026-02-21 08:04:10,062 | INFO | [124/3291] Match 8609497137 START
2026-02-21 08:04:10,062 | INFO | Match 8609497137: fetch overview
2026-02-21 08:04:21,021 | INFO | Match 8609497137: parse overview
2026-02-21 08:04:25,298 | INFO | Match 8609497137: fetch lanes
2026-02-21 08:04:33,486 | INFO | Match 8609497137: parse lanes
2026-02-21 08:04:33,553 | INFO | Match 8609497137: append to Excel
2026-02-21 08:04:36,656 | INFO | [124/3291] Match 8609497137 DONE in 26.6s
2026-02-21 08:04:38,962 | INFO | [125/3291] Match 8609475935 START
2026-02-21 08:04:38,962 | INFO | Match 8609475935: fetch overview
2026-02-21 08:04:48,560 | INFO | Match 8609475935: parse overview
2026-02-21 08:04:53,105 | INFO | Match 8609475935: fetch lanes
2026-02-21 08:07:15,719 | INFO | Match 8609475935: parse lanes
2026-02-21 08:07:15,722 | INFO | Match 8609475935: append to Excel
2026-02-21 08:07:18,820 | INFO | [125/3291] Match 8609475935 DONE in 159.9s
2026-02-21 08:07:22,212 | INFO | [126/3291] Match 8609469683 START
2026-02-21 08:07:22,212 | INFO | Match 8609469683: fetch overview
2026-02-21 08:07:32,641 | INFO | Match 8609469683: parse overview
2026-02-21 08:07:36,869 | INFO | Match 8609469683: fetch lanes
2026-02-21 08:10:00,187 | INFO | Match 8609469683: parse lanes
2026-02-21 08:10:00,188 | INFO | Match 8609469683: append to Excel
2026-02-21 08:10:03,393 | INFO | [126/3291] Match 8609469683 DONE in 161.2s
2026-02-21 08:10:05,557 | INFO | [127/3291] Match 8609469683 START
2026-02-21 08:10:05,558 | INFO | Match 8609469683: fetch overview
2026-02-21 08:10:14,979 | INFO | Match 8609469683: parse overview
2026-02-21 08:10:19,880 | INFO | Match 8609469683: fetch lanes
2026-02-21 08:12:42,232 | INFO | Match 8609469683: parse lanes
2026-02-21 08:12:42,233 | INFO | Match 8609469683: append to Excel
2026-02-21 08:12:44,170 | INFO | Match 8609469683: already in Excel, skip append
2026-02-21 08:12:44,170 | INFO | [127/3291] Match 8609469683 DONE in 158.6s
2026-02-21 08:12:46,545 | INFO | [128/3291] Match 8609408813 START
2026-02-21 08:12:46,546 | INFO | Match 8609408813: fetch overview
2026-02-21 08:12:56,501 | INFO | Match 8609408813: parse overview
2026-02-21 08:13:00,426 | INFO | Match 8609408813: fetch lanes
2026-02-21 08:15:23,775 | INFO | Match 8609408813: parse lanes
2026-02-21 08:15:23,778 | INFO | Match 8609408813: append to Excel
2026-02-21 08:15:27,690 | INFO | [128/3291] Match 8609408813 DONE in 161.1s
2026-02-21 08:15:30,965 | INFO | [129/3291] Match 8609479408 START
2026-02-21 08:15:30,965 | INFO | Match 8609479408: fetch overview
2026-02-21 08:15:41,616 | INFO | Match 8609479408: parse overview
2026-02-21 08:15:45,993 | INFO | Match 8609479408: fetch lanes
2026-02-21 08:18:08,425 | INFO | Match 8609479408: parse lanes
2026-02-21 08:18:08,427 | INFO | Match 8609479408: append to Excel
2026-02-21 08:18:11,828 | INFO | [129/3291] Match 8609479408 DONE in 160.9s
2026-02-21 08:18:14,091 | INFO | [130/3291] Match 8609484018 START
2026-02-21 08:18:14,091 | INFO | Match 8609484018: fetch overview
2026-02-21 08:18:23,990 | INFO | Match 8609484018: parse overview
2026-02-21 08:18:28,774 | INFO | Match 8609484018: fetch lanes
2026-02-21 08:20:51,790 | INFO | Match 8609484018: parse lanes
2026-02-21 08:20:51,792 | INFO | Match 8609484018: append to Excel
2026-02-21 08:20:54,648 | INFO | [130/3291] Match 8609484018 DONE in 160.6s
2026-02-21 08:20:58,084 | INFO | [131/3291] Match 8609499547 START
2026-02-21 08:20:58,084 | INFO | Match 8609499547: fetch overview
2026-02-21 08:21:08,412 | INFO | Match 8609499547: parse overview
2026-02-21 08:21:11,236 | INFO | Match 8609499547: fetch lanes
2026-02-21 08:23:33,872 | INFO | Match 8609499547: parse lanes
2026-02-21 08:23:33,873 | INFO | Match 8609499547: append to Excel
2026-02-21 08:23:36,986 | INFO | [131/3291] Match 8609499547 DONE in 158.9s
2026-02-21 08:23:40,897 | INFO | [132/3291] Match 8609496779 START
2026-02-21 08:23:40,897 | INFO | Match 8609496779: fetch overview
2026-02-21 08:23:51,161 | INFO | Match 8609496779: parse overview
2026-02-21 08:23:54,376 | INFO | Match 8609496779: fetch lanes
2026-02-21 08:24:03,323 | INFO | Match 8609496779: parse lanes
2026-02-21 08:24:03,424 | INFO | Match 8609496779: append to Excel
2026-02-21 08:24:07,199 | INFO | [132/3291] Match 8609496779 DONE in 26.3s
2026-02-21 08:24:09,235 | INFO | [133/3291] Match 8609491434 START
2026-02-21 08:24:09,235 | INFO | Match 8609491434: fetch overview
2026-02-21 08:24:19,087 | INFO | Match 8609491434: parse overview
2026-02-21 08:24:23,746 | INFO | Match 8609491434: fetch lanes
2026-02-21 08:24:32,606 | INFO | Match 8609491434: parse lanes
2026-02-21 08:24:32,750 | INFO | Match 8609491434: append to Excel
2026-02-21 08:24:37,681 | INFO | [133/3291] Match 8609491434 DONE in 28.4s
2026-02-21 08:24:41,534 | INFO | [134/3291] Match 8609478131 START
2026-02-21 08:24:41,534 | INFO | Match 8609478131: fetch overview
2026-02-21 08:24:51,513 | INFO | Match 8609478131: parse overview
2026-02-21 08:24:56,078 | INFO | Match 8609478131: fetch lanes
2026-02-21 08:25:04,731 | INFO | Match 8609478131: parse lanes
2026-02-21 08:25:04,796 | INFO | Match 8609478131: append to Excel
2026-02-21 08:25:07,701 | INFO | [134/3291] Match 8609478131 DONE in 26.2s
2026-02-21 08:25:11,477 | INFO | [135/3291] Match 8609467671 START
2026-02-21 08:25:11,478 | INFO | Match 8609467671: fetch overview
2026-02-21 08:25:20,511 | INFO | Match 8609467671: parse overview
2026-02-21 08:25:24,111 | INFO | Match 8609467671: fetch lanes
2026-02-21 08:27:48,037 | INFO | Match 8609467671: parse lanes
2026-02-21 08:27:48,040 | INFO | Match 8609467671: append to Excel
2026-02-21 08:27:51,209 | INFO | [135/3291] Match 8609467671 DONE in 159.7s
2026-02-21 08:27:55,168 | INFO | [136/3291] Match 8609497474 START
2026-02-21 08:27:55,168 | INFO | Match 8609497474: fetch overview
2026-02-21 08:28:06,005 | INFO | Match 8609497474: parse overview
2026-02-21 08:28:09,353 | INFO | Match 8609497474: fetch lanes
2026-02-21 08:28:18,374 | INFO | Match 8609497474: parse lanes
2026-02-21 08:28:18,433 | INFO | Match 8609497474: append to Excel
2026-02-21 08:28:21,359 | INFO | [136/3291] Match 8609497474 DONE in 26.2s
2026-02-21 08:28:24,111 | INFO | [137/3291] Match 8609498209 START
2026-02-21 08:28:24,121 | INFO | Match 8609498209: fetch overview
2026-02-21 08:28:34,996 | INFO | Match 8609498209: parse overview
2026-02-21 08:28:39,258 | INFO | Match 8609498209: fetch lanes
2026-02-21 08:28:48,225 | INFO | Match 8609498209: parse lanes
2026-02-21 08:28:48,298 | INFO | Match 8609498209: append to Excel
2026-02-21 08:28:51,542 | INFO | [137/3291] Match 8609498209 DONE in 27.4s
2026-02-21 08:28:54,668 | INFO | [138/3291] Match 8609469342 START
2026-02-21 08:28:54,668 | INFO | Match 8609469342: fetch overview
2026-02-21 08:29:04,771 | INFO | Match 8609469342: parse overview
2026-02-21 08:29:10,027 | INFO | Match 8609469342: fetch lanes
2026-02-21 08:31:32,536 | INFO | Match 8609469342: parse lanes
2026-02-21 08:31:32,537 | INFO | Match 8609469342: append to Excel
2026-02-21 08:31:35,505 | INFO | [138/3291] Match 8609469342 DONE in 160.8s
2026-02-21 08:31:39,291 | INFO | [139/3291] Match 8609468189 START
2026-02-21 08:31:39,291 | INFO | Match 8609468189: fetch overview
2026-02-21 08:31:50,305 | INFO | Match 8609468189: parse overview
2026-02-21 08:31:53,384 | INFO | Match 8609468189: fetch lanes
2026-02-21 08:32:02,324 | INFO | Match 8609468189: parse lanes
2026-02-21 08:32:02,697 | INFO | Match 8609468189: append to Excel
2026-02-21 08:32:05,734 | INFO | [139/3291] Match 8609468189 DONE in 26.4s
2026-02-21 08:32:09,100 | INFO | [140/3291] Match 8609481652 START
2026-02-21 08:32:09,100 | INFO | Match 8609481652: fetch overview
2026-02-21 08:32:18,200 | INFO | Match 8609481652: parse overview
2026-02-21 08:32:21,145 | INFO | Match 8609481652: fetch lanes
2026-02-21 08:34:43,921 | INFO | Match 8609481652: parse lanes
2026-02-21 08:34:43,924 | INFO | Match 8609481652: append to Excel
2026-02-21 08:34:47,074 | INFO | [140/3291] Match 8609481652 DONE in 158.0s
2026-02-21 08:34:49,576 | INFO | [141/3291] Match 8609485379 START
2026-02-21 08:34:49,576 | INFO | Match 8609485379: fetch overview
2026-02-21 08:34:59,805 | INFO | Match 8609485379: parse overview
2026-02-21 08:35:02,631 | INFO | Match 8609485379: fetch lanes
2026-02-21 08:35:11,256 | INFO | Match 8609485379: parse lanes
2026-02-21 08:35:11,568 | INFO | Match 8609485379: append to Excel
2026-02-21 08:35:14,416 | INFO | [141/3291] Match 8609485379 DONE in 24.8s
2026-02-21 08:35:16,871 | INFO | [142/3291] Match 8609502294 START
2026-02-21 08:35:16,871 | INFO | Match 8609502294: fetch overview
2026-02-21 08:35:26,759 | INFO | Match 8609502294: parse overview
2026-02-21 08:35:30,335 | INFO | Match 8609502294: fetch lanes
2026-02-21 08:37:53,680 | INFO | Match 8609502294: parse lanes
2026-02-21 08:37:53,682 | INFO | Match 8609502294: append to Excel
2026-02-21 08:37:57,182 | INFO | [142/3291] Match 8609502294 DONE in 160.3s
2026-02-21 08:38:00,432 | INFO | [143/3291] Match 8609501308 START
2026-02-21 08:38:00,432 | INFO | Match 8609501308: fetch overview
2026-02-21 08:38:11,685 | INFO | Match 8609501308: parse overview
2026-02-21 08:38:15,495 | INFO | Match 8609501308: fetch lanes
2026-02-21 08:38:23,734 | INFO | Match 8609501308: parse lanes
2026-02-21 08:38:23,803 | INFO | Match 8609501308: append to Excel
2026-02-21 08:38:27,288 | INFO | [143/3291] Match 8609501308 DONE in 26.9s
2026-02-21 08:38:30,640 | INFO | [144/3291] Match 8609481956 START
2026-02-21 08:38:30,640 | INFO | Match 8609481956: fetch overview
2026-02-21 08:38:40,732 | INFO | Match 8609481956: parse overview
2026-02-21 08:38:45,103 | INFO | Match 8609481956: fetch lanes
2026-02-21 08:41:07,609 | INFO | Match 8609481956: parse lanes
2026-02-21 08:41:07,612 | INFO | Match 8609481956: append to Excel
2026-02-21 08:41:11,015 | INFO | [144/3291] Match 8609481956 DONE in 160.4s
2026-02-21 08:41:14,362 | INFO | [145/3291] Match 8609493332 START
2026-02-21 08:41:14,362 | INFO | Match 8609493332: fetch overview
2026-02-21 08:41:23,960 | INFO | Match 8609493332: parse overview
2026-02-21 08:41:26,637 | INFO | Match 8609493332: fetch lanes
2026-02-21 08:43:49,447 | INFO | Match 8609493332: parse lanes
2026-02-21 08:43:49,448 | INFO | Match 8609493332: append to Excel
2026-02-21 08:43:52,752 | INFO | [145/3291] Match 8609493332 DONE in 158.4s
2026-02-21 08:43:55,179 | INFO | [146/3291] Match 8609466094 START
2026-02-21 08:43:55,179 | INFO | Match 8609466094: fetch overview
2026-02-21 08:44:04,753 | INFO | Match 8609466094: parse overview
2026-02-21 08:44:09,307 | INFO | Match 8609466094: fetch lanes
2026-02-21 08:46:32,667 | INFO | Match 8609466094: parse lanes
2026-02-21 08:46:32,669 | INFO | Match 8609466094: append to Excel
2026-02-21 08:46:35,889 | INFO | [146/3291] Match 8609466094 DONE in 160.7s
2026-02-21 08:46:38,647 | INFO | [147/3291] Match 8609463359 START
2026-02-21 08:46:38,647 | INFO | Match 8609463359: fetch overview
2026-02-21 08:46:48,629 | INFO | Match 8609463359: parse overview
2026-02-21 08:46:52,297 | INFO | Match 8609463359: fetch lanes
2026-02-21 08:47:01,355 | INFO | Match 8609463359: parse lanes
2026-02-21 08:47:01,444 | INFO | Match 8609463359: append to Excel
2026-02-21 08:47:05,011 | INFO | [147/3291] Match 8609463359 DONE in 26.4s
2026-02-21 08:47:07,124 | INFO | [148/3291] Match 8609463359 START
2026-02-21 08:47:07,124 | INFO | Match 8609463359: fetch overview
2026-02-21 08:47:16,359 | INFO | Match 8609463359: parse overview
2026-02-21 08:47:20,836 | INFO | Match 8609463359: fetch lanes
2026-02-21 08:47:29,760 | INFO | Match 8609463359: parse lanes
2026-02-21 08:47:29,827 | INFO | Match 8609463359: append to Excel
2026-02-21 08:47:31,997 | INFO | Match 8609463359: already in Excel, skip append
2026-02-21 08:47:31,998 | INFO | [148/3291] Match 8609463359 DONE in 24.9s
2026-02-21 08:47:34,260 | INFO | [149/3291] Match 8609505150 START
2026-02-21 08:47:34,260 | INFO | Match 8609505150: fetch overview
2026-02-21 08:47:44,928 | INFO | Match 8609505150: parse overview
2026-02-21 08:47:48,629 | INFO | Match 8609505150: fetch lanes
2026-02-21 08:50:11,880 | INFO | Match 8609505150: parse lanes
2026-02-21 08:50:11,882 | INFO | Match 8609505150: append to Excel
2026-02-21 08:50:16,388 | INFO | [149/3291] Match 8609505150 DONE in 162.1s
2026-02-21 08:50:19,937 | INFO | [150/3291] Match 8609509289 START
2026-02-21 08:50:19,937 | INFO | Match 8609509289: fetch overview
2026-02-21 08:50:30,405 | INFO | Match 8609509289: parse overview
2026-02-21 08:50:34,210 | INFO | Match 8609509289: fetch lanes
2026-02-21 08:50:43,314 | INFO | Match 8609509289: parse lanes
2026-02-21 08:50:43,387 | INFO | Match 8609509289: append to Excel
2026-02-21 08:50:46,747 | INFO | [150/3291] Match 8609509289 DONE in 26.8s
2026-02-21 08:50:50,472 | INFO | [151/3291] Match 8609471026 START
2026-02-21 08:50:50,472 | INFO | Match 8609471026: fetch overview
2026-02-21 08:51:01,126 | INFO | Match 8609471026: parse overview
2026-02-21 08:51:05,174 | INFO | Match 8609471026: fetch lanes
2026-02-21 08:51:13,976 | INFO | Match 8609471026: parse lanes
2026-02-21 08:51:14,367 | INFO | Match 8609471026: append to Excel
2026-02-21 08:51:17,452 | INFO | [151/3291] Match 8609471026 DONE in 27.0s
2026-02-21 08:51:21,424 | INFO | [152/3291] Match 8609461906 START
2026-02-21 08:51:21,424 | INFO | Match 8609461906: fetch overview
2026-02-21 08:51:31,333 | INFO | Match 8609461906: parse overview
2026-02-21 08:51:36,295 | INFO | Match 8609461906: fetch lanes
2026-02-21 08:51:44,524 | INFO | Match 8609461906: parse lanes
2026-02-21 08:51:44,592 | INFO | Match 8609461906: append to Excel
2026-02-21 08:51:47,746 | INFO | [152/3291] Match 8609461906 DONE in 26.3s
2026-02-21 08:51:51,722 | INFO | [153/3291] Match 8609513955 START
2026-02-21 08:51:51,722 | INFO | Match 8609513955: fetch overview
2026-02-21 08:52:01,394 | INFO | Match 8609513955: parse overview
2026-02-21 08:52:05,505 | INFO | Match 8609513955: fetch lanes
2026-02-21 08:54:28,471 | INFO | Match 8609513955: parse lanes
2026-02-21 08:54:28,472 | INFO | Match 8609513955: append to Excel
2026-02-21 08:54:31,393 | INFO | [153/3291] Match 8609513955 DONE in 159.7s
2026-02-21 08:54:33,551 | INFO | [154/3291] Match 8609504531 START
2026-02-21 08:54:33,551 | INFO | Match 8609504531: fetch overview
2026-02-21 08:54:43,667 | INFO | Match 8609504531: parse overview
2026-02-21 08:54:47,704 | INFO | Match 8609504531: fetch lanes
2026-02-21 08:54:56,047 | INFO | Match 8609504531: parse lanes
2026-02-21 08:54:56,115 | INFO | Match 8609504531: append to Excel
2026-02-21 08:54:59,466 | INFO | [154/3291] Match 8609504531 DONE in 25.9s
2026-02-21 08:55:02,764 | INFO | [155/3291] Match 8609504890 START
2026-02-21 08:55:02,765 | INFO | Match 8609504890: fetch overview
2026-02-21 08:55:12,678 | INFO | Match 8609504890: parse overview
2026-02-21 08:55:16,772 | INFO | Match 8609504890: fetch lanes
2026-02-21 08:55:25,343 | INFO | Match 8609504890: parse lanes
2026-02-21 08:55:25,407 | INFO | Match 8609504890: append to Excel
2026-02-21 08:55:28,674 | INFO | [155/3291] Match 8609504890 DONE in 25.9s
2026-02-21 08:55:31,075 | INFO | [156/3291] Match 8609514901 START
2026-02-21 08:55:31,075 | INFO | Match 8609514901: fetch overview
2026-02-21 08:55:40,831 | INFO | Match 8609514901: parse overview
2026-02-21 08:55:43,813 | INFO | Match 8609514901: fetch lanes
2026-02-21 08:55:51,903 | INFO | Match 8609514901: parse lanes
2026-02-21 08:55:52,005 | INFO | Match 8609514901: append to Excel
2026-02-21 08:55:55,493 | INFO | [156/3291] Match 8609514901 DONE in 24.4s
2026-02-21 08:55:59,119 | INFO | [157/3291] Match 8609500624 START
2026-02-21 08:55:59,119 | INFO | Match 8609500624: fetch overview
2026-02-21 09:33:04,348 | INFO | Стартуем с матча №475 (ID 8609500624)
2026-02-21 09:33:04,348 | INFO | Матчей к обработке: 3135
2026-02-21 09:33:04,349 | INFO | [1/3135] Match 8609500624 START
2026-02-21 09:33:04,349 | INFO | Match 8609500624: fetch overview
2026-02-21 09:33:14,221 | INFO | Match 8609500624: parse overview
2026-02-21 09:33:19,780 | INFO | Match 8609500624: fetch lanes
2026-02-21 09:33:28,673 | INFO | Match 8609500624: parse lanes
2026-02-21 09:33:28,737 | INFO | Match 8609500624: append to Excel
2026-02-21 09:33:31,798 | INFO | [1/3135] Match 8609500624 DONE in 27.4s
2026-02-21 09:33:33,887 | INFO | [2/3135] Match 8609461504 START
2026-02-21 09:33:33,887 | INFO | Match 8609461504: fetch overview
2026-02-21 09:33:43,448 | INFO | Match 8609461504: parse overview
2026-02-21 09:33:46,720 | INFO | Match 8609461504: fetch lanes
2026-02-21 09:36:09,308 | INFO | Match 8609461504: parse lanes
2026-02-21 09:36:09,309 | INFO | Match 8609461504: append to Excel
2026-02-21 09:36:12,411 | INFO | [2/3135] Match 8609461504 DONE in 158.5s
2026-02-21 09:36:14,936 | INFO | [3/3135] Match 8609493228 START
2026-02-21 09:36:14,936 | INFO | Match 8609493228: fetch overview
2026-02-21 09:36:25,168 | INFO | Match 8609493228: parse overview
2026-02-21 09:36:28,469 | INFO | Match 8609493228: fetch lanes
2026-02-21 09:38:51,928 | INFO | Match 8609493228: parse lanes
2026-02-21 09:38:52,034 | INFO | Match 8609493228: append to Excel
2026-02-21 09:38:55,480 | INFO | [3/3135] Match 8609493228 DONE in 160.5s
2026-02-21 09:38:57,893 | INFO | [4/3135] Match 8609507091 START
2026-02-21 09:38:57,893 | INFO | Match 8609507091: fetch overview
2026-02-21 09:41:21,276 | INFO | Match 8609507091: parse overview
2026-02-21 09:41:24,795 | INFO | Match 8609507091: fetch lanes
2026-02-21 09:43:47,662 | INFO | Match 8609507091: parse lanes
2026-02-21 09:43:47,664 | INFO | Match 8609507091: append to Excel
2026-02-21 09:43:51,040 | INFO | [4/3135] Match 8609507091 DONE in 293.1s
2026-02-21 09:43:53,896 | INFO | [5/3135] Match 8609486902 START
2026-02-21 09:43:53,896 | INFO | Match 8609486902: fetch overview
2026-02-21 09:44:04,379 | INFO | Match 8609486902: parse overview
2026-02-21 09:44:08,953 | INFO | Match 8609486902: fetch lanes
2026-02-21 09:46:32,088 | INFO | Match 8609486902: parse lanes
2026-02-21 09:46:32,089 | INFO | Match 8609486902: append to Excel
2026-02-21 09:46:35,857 | INFO | [5/3135] Match 8609486902 DONE in 162.0s
2026-02-21 09:46:38,417 | INFO | [6/3135] Match 8609503544 START
2026-02-21 09:46:38,417 | INFO | Match 8609503544: fetch overview
2026-02-21 09:46:49,227 | INFO | Match 8609503544: parse overview
2026-02-21 09:46:52,582 | INFO | Match 8609503544: fetch lanes
2026-02-21 09:47:01,293 | INFO | Match 8609503544: parse lanes
2026-02-21 09:47:01,356 | INFO | Match 8609503544: append to Excel
2026-02-21 09:47:05,027 | INFO | [6/3135] Match 8609503544 DONE in 26.6s
2026-02-21 09:47:07,056 | INFO | [7/3135] Match 8609492822 START
2026-02-21 09:47:07,056 | INFO | Match 8609492822: fetch overview
2026-02-21 09:47:17,201 | INFO | Match 8609492822: parse overview
2026-02-21 09:47:20,991 | INFO | Match 8609492822: fetch lanes
2026-02-21 09:49:43,884 | INFO | Match 8609492822: parse lanes
2026-02-21 09:49:43,885 | INFO | Match 8609492822: append to Excel
2026-02-21 09:49:47,370 | INFO | [7/3135] Match 8609492822 DONE in 160.3s
2026-02-21 09:49:51,135 | INFO | [8/3135] Match 8609519231 START
2026-02-21 09:49:51,135 | INFO | Match 8609519231: fetch overview
2026-02-21 09:50:01,039 | INFO | Match 8609519231: parse overview
2026-02-21 09:50:04,619 | INFO | Match 8609519231: fetch lanes
2026-02-21 09:52:28,165 | INFO | Match 8609519231: parse lanes
2026-02-21 09:52:28,168 | INFO | Match 8609519231: append to Excel
2026-02-21 09:52:31,999 | INFO | [8/3135] Match 8609519231 DONE in 160.9s
2026-02-21 09:52:35,486 | INFO | [9/3135] Match 8609504916 START
2026-02-21 09:52:35,486 | INFO | Match 8609504916: fetch overview
2026-02-21 09:54:58,715 | INFO | Match 8609504916: parse overview
2026-02-21 09:55:02,852 | INFO | Match 8609504916: fetch lanes
2026-02-21 09:57:26,389 | INFO | Match 8609504916: parse lanes
2026-02-21 09:57:26,390 | INFO | Match 8609504916: append to Excel
2026-02-21 09:57:29,489 | INFO | [9/3135] Match 8609504916 DONE in 294.0s
2026-02-21 09:57:32,759 | INFO | [10/3135] Match 8609513524 START
2026-02-21 09:57:32,759 | INFO | Match 8609513524: fetch overview
2026-02-21 09:57:42,655 | INFO | Match 8609513524: parse overview
2026-02-21 09:57:46,659 | INFO | Match 8609513524: fetch lanes
2026-02-21 10:00:09,280 | INFO | Match 8609513524: parse lanes
2026-02-21 10:00:09,282 | INFO | Match 8609513524: append to Excel
2026-02-21 10:00:12,766 | INFO | [10/3135] Match 8609513524 DONE in 160.0s
2026-02-21 10:00:15,205 | INFO | [11/3135] Match 8609528136 START
2026-02-21 10:00:15,205 | INFO | Match 8609528136: fetch overview
2026-02-21 10:02:40,257 | INFO | Match 8609528136: parse overview
2026-02-21 10:02:44,348 | INFO | Match 8609528136: fetch lanes
2026-02-21 10:05:07,106 | INFO | Match 8609528136: parse lanes
2026-02-21 10:05:07,109 | INFO | Match 8609528136: append to Excel
2026-02-21 10:05:10,541 | INFO | [11/3135] Match 8609528136 DONE in 295.3s
2026-02-21 10:05:13,702 | INFO | [12/3135] Match 8609521164 START
2026-02-21 10:05:13,702 | INFO | Match 8609521164: fetch overview
2026-02-21 10:07:37,593 | INFO | Match 8609521164: parse overview
2026-02-21 10:07:41,529 | INFO | Match 8609521164: fetch lanes
2026-02-21 10:10:05,358 | INFO | Match 8609521164: parse lanes
2026-02-21 10:10:05,416 | INFO | Match 8609521164: append to Excel
2026-02-21 10:10:08,918 | INFO | [12/3135] Match 8609521164 DONE in 295.2s
2026-02-21 10:10:11,791 | INFO | [13/3135] Match 8609489704 START
2026-02-21 10:10:11,791 | INFO | Match 8609489704: fetch overview
2026-02-21 10:10:21,968 | INFO | Match 8609489704: parse overview
2026-02-21 10:10:25,760 | INFO | Match 8609489704: fetch lanes
2026-02-21 10:12:49,767 | INFO | Match 8609489704: parse lanes
2026-02-21 10:12:49,770 | INFO | Match 8609489704: append to Excel
2026-02-21 10:12:53,221 | INFO | [13/3135] Match 8609489704 DONE in 161.4s
2026-02-21 10:12:56,558 | INFO | [14/3135] Match 8609514373 START
2026-02-21 10:12:56,559 | INFO | Match 8609514373: fetch overview
2026-02-21 10:13:06,737 | INFO | Match 8609514373: parse overview
2026-02-21 10:13:11,596 | INFO | Match 8609514373: fetch lanes
2026-02-21 10:15:34,447 | INFO | Match 8609514373: parse lanes
2026-02-21 10:15:34,452 | INFO | Match 8609514373: append to Excel
2026-02-21 10:15:37,930 | INFO | [14/3135] Match 8609514373 DONE in 161.4s
2026-02-21 10:15:40,315 | INFO | [15/3135] Match 8609503921 START
2026-02-21 10:15:40,315 | INFO | Match 8609503921: fetch overview
2026-02-21 10:18:05,136 | INFO | Match 8609503921: parse overview
2026-02-21 10:18:08,771 | INFO | Match 8609503921: fetch lanes
2026-02-21 10:20:31,915 | INFO | Match 8609503921: parse lanes
2026-02-21 10:20:31,968 | INFO | Match 8609503921: append to Excel
2026-02-21 10:20:35,500 | INFO | [15/3135] Match 8609503921 DONE in 295.2s
2026-02-21 10:20:38,001 | INFO | [16/3135] Match 8609496525 START
2026-02-21 10:20:38,001 | INFO | Match 8609496525: fetch overview
2026-02-21 10:20:48,459 | INFO | Match 8609496525: parse overview
2026-02-21 10:20:52,229 | INFO | Match 8609496525: fetch lanes
2026-02-21 10:23:16,378 | INFO | Match 8609496525: parse lanes
2026-02-21 10:23:16,446 | INFO | Match 8609496525: append to Excel
2026-02-21 10:23:20,585 | INFO | [16/3135] Match 8609496525 DONE in 162.6s
2026-02-21 10:23:23,447 | INFO | [17/3135] Match 8609506378 START
2026-02-21 10:23:23,447 | INFO | Match 8609506378: fetch overview
2026-02-21 10:23:33,414 | INFO | Match 8609506378: parse overview
2026-02-21 10:23:37,503 | INFO | Match 8609506378: fetch lanes
2026-02-21 10:26:01,011 | INFO | Match 8609506378: parse lanes
2026-02-21 10:26:01,014 | INFO | Match 8609506378: append to Excel
2026-02-21 10:26:04,577 | INFO | [17/3135] Match 8609506378 DONE in 161.1s
2026-02-21 10:26:07,181 | INFO | [18/3135] Match 8609506378 START
2026-02-21 10:26:07,181 | INFO | Match 8609506378: fetch overview
2026-02-21 10:26:17,461 | INFO | Match 8609506378: parse overview
2026-02-21 10:26:21,625 | INFO | Match 8609506378: fetch lanes
2026-02-21 10:28:44,888 | INFO | Match 8609506378: parse lanes
2026-02-21 10:28:44,894 | INFO | Match 8609506378: append to Excel
2026-02-21 10:28:47,404 | INFO | Match 8609506378: already in Excel, skip append
2026-02-21 10:28:47,404 | INFO | [18/3135] Match 8609506378 DONE in 160.2s
2026-02-21 10:28:49,696 | INFO | [19/3135] Match 8609519924 START
2026-02-21 10:28:49,696 | INFO | Match 8609519924: fetch overview
2026-02-21 10:31:14,983 | INFO | Match 8609519924: parse overview
2026-02-21 10:31:18,445 | INFO | Match 8609519924: fetch lanes
2026-02-21 10:33:41,670 | INFO | Match 8609519924: parse lanes
2026-02-21 10:33:41,673 | INFO | Match 8609519924: append to Excel
2026-02-21 10:33:45,133 | INFO | [19/3135] Match 8609519924 DONE in 295.4s
2026-02-21 10:33:48,310 | INFO | [20/3135] Match 8609523445 START
2026-02-21 10:33:48,310 | INFO | Match 8609523445: fetch overview
2026-02-21 10:33:58,741 | INFO | Match 8609523445: parse overview
2026-02-21 10:34:02,780 | INFO | Match 8609523445: fetch lanes
2026-02-21 10:34:11,488 | INFO | Match 8609523445: parse lanes
2026-02-21 10:34:11,581 | INFO | Match 8609523445: append to Excel
2026-02-21 10:34:16,731 | INFO | [20/3135] Match 8609523445 DONE in 28.4s
2026-02-21 10:34:19,965 | INFO | [21/3135] Match 8609481610 START
2026-02-21 10:34:19,965 | INFO | Match 8609481610: fetch overview
2026-02-21 10:34:29,813 | INFO | Match 8609481610: parse overview
2026-02-21 10:34:34,563 | INFO | Match 8609481610: fetch lanes
2026-02-21 10:36:58,137 | INFO | Match 8609481610: parse lanes
2026-02-21 10:36:58,138 | INFO | Match 8609481610: append to Excel
2026-02-21 10:37:01,408 | INFO | [21/3135] Match 8609481610 DONE in 161.4s
2026-02-21 10:37:04,166 | INFO | [22/3135] Match 8609495807 START
2026-02-21 10:37:04,167 | INFO | Match 8609495807: fetch overview
2026-02-21 10:37:14,488 | INFO | Match 8609495807: parse overview
2026-02-21 10:37:18,172 | INFO | Match 8609495807: fetch lanes
2026-02-21 10:37:26,760 | INFO | Match 8609495807: parse lanes
2026-02-21 10:37:26,827 | INFO | Match 8609495807: append to Excel
2026-02-21 10:37:30,451 | INFO | [22/3135] Match 8609495807 DONE in 26.3s
2026-02-21 10:37:32,808 | INFO | [23/3135] Match 8609486992 START
2026-02-21 10:37:32,808 | INFO | Match 8609486992: fetch overview
2026-02-21 10:37:42,664 | INFO | Match 8609486992: parse overview
2026-02-21 10:37:47,221 | INFO | Match 8609486992: fetch lanes
2026-02-21 10:40:10,616 | INFO | Match 8609486992: parse lanes
2026-02-21 10:40:10,616 | INFO | Match 8609486992: append to Excel
2026-02-21 10:40:14,184 | INFO | [23/3135] Match 8609486992 DONE in 161.4s
2026-02-21 10:40:18,038 | INFO | [24/3135] Match 8609491282 START
2026-02-21 10:40:18,038 | INFO | Match 8609491282: fetch overview
2026-02-21 10:40:28,008 | INFO | Match 8609491282: parse overview
2026-02-21 10:40:31,370 | INFO | Match 8609491282: fetch lanes
2026-02-21 10:42:54,342 | INFO | Match 8609491282: parse lanes
2026-02-21 10:42:54,345 | INFO | Match 8609491282: append to Excel
2026-02-21 10:42:57,750 | INFO | [24/3135] Match 8609491282 DONE in 159.7s
2026-02-21 10:42:59,998 | INFO | [25/3135] Match 8609505180 START
2026-02-21 10:42:59,998 | INFO | Match 8609505180: fetch overview
2026-02-21 10:43:10,609 | INFO | Match 8609505180: parse overview
2026-02-21 10:43:14,720 | INFO | Match 8609505180: fetch lanes
2026-02-21 10:45:37,483 | INFO | Match 8609505180: parse lanes
2026-02-21 10:45:37,484 | INFO | Match 8609505180: append to Excel
2026-02-21 10:45:40,755 | INFO | [25/3135] Match 8609505180 DONE in 160.8s
2026-02-21 10:45:44,286 | INFO | [26/3135] Match 8609515234 START
2026-02-21 10:45:44,287 | INFO | Match 8609515234: fetch overview
2026-02-21 10:45:54,171 | INFO | Match 8609515234: parse overview
2026-02-21 10:45:58,611 | INFO | Match 8609515234: fetch lanes
2026-02-21 10:48:21,968 | INFO | Match 8609515234: parse lanes
2026-02-21 10:48:21,969 | INFO | Match 8609515234: append to Excel
2026-02-21 10:48:25,687 | INFO | [26/3135] Match 8609515234 DONE in 161.4s
2026-02-21 10:48:28,699 | INFO | [27/3135] Match 8609505177 START
2026-02-21 10:48:28,699 | INFO | Match 8609505177: fetch overview
2026-02-21 10:48:39,464 | INFO | Match 8609505177: parse overview
2026-02-21 10:48:43,638 | INFO | Match 8609505177: fetch lanes
2026-02-21 10:48:52,459 | INFO | Match 8609505177: parse lanes
2026-02-21 10:48:52,521 | INFO | Match 8609505177: append to Excel
2026-02-21 10:48:55,993 | INFO | [27/3135] Match 8609505177 DONE in 27.3s
2026-02-21 10:48:58,455 | INFO | [28/3135] Match 8609502074 START
2026-02-21 10:48:58,455 | INFO | Match 8609502074: fetch overview
2026-02-21 10:51:22,809 | INFO | Match 8609502074: parse overview
2026-02-21 10:51:26,265 | INFO | Match 8609502074: fetch lanes
2026-02-21 10:53:49,183 | INFO | Match 8609502074: parse lanes
2026-02-21 10:53:49,184 | INFO | Match 8609502074: append to Excel
2026-02-21 10:53:52,569 | INFO | [28/3135] Match 8609502074 DONE in 294.1s
2026-02-21 10:53:55,052 | INFO | [29/3135] Match 8609495757 START
2026-02-21 10:53:55,052 | INFO | Match 8609495757: fetch overview
2026-02-21 10:56:19,334 | INFO | Match 8609495757: parse overview
2026-02-21 10:56:23,684 | INFO | Match 8609495757: fetch lanes
2026-02-21 10:58:46,981 | INFO | Match 8609495757: parse lanes
2026-02-21 10:58:46,982 | INFO | Match 8609495757: append to Excel
2026-02-21 10:58:50,266 | INFO | [29/3135] Match 8609495757 DONE in 295.2s
2026-02-21 10:58:53,228 | INFO | [30/3135] Match 8609483710 START
2026-02-21 10:58:53,228 | INFO | Match 8609483710: fetch overview
2026-02-21 11:01:17,289 | INFO | Match 8609483710: parse overview
2026-02-21 11:01:21,963 | INFO | Match 8609483710: fetch lanes
2026-02-21 11:01:31,647 | INFO | Match 8609483710: parse lanes
2026-02-21 11:01:31,707 | INFO | Match 8609483710: append to Excel
2026-02-21 11:01:35,225 | INFO | [30/3135] Match 8609483710 DONE in 162.0s
2026-02-21 11:01:39,220 | INFO | [31/3135] Match 8609514351 START
2026-02-21 11:01:39,220 | INFO | Match 8609514351: fetch overview
2026-02-21 11:01:49,083 | INFO | Match 8609514351: parse overview
2026-02-21 11:01:53,114 | INFO | Match 8609514351: fetch lanes
2026-02-21 11:04:16,066 | INFO | Match 8609514351: parse lanes
2026-02-21 11:04:16,070 | INFO | Match 8609514351: append to Excel
2026-02-21 11:04:20,652 | INFO | [31/3135] Match 8609514351 DONE in 161.4s
2026-02-21 11:04:24,173 | INFO | [32/3135] Match 8609511254 START
2026-02-21 11:04:24,173 | INFO | Match 8609511254: fetch overview
2026-02-21 11:06:46,809 | INFO | Match 8609511254: parse overview
2026-02-21 11:06:50,042 | INFO | Match 8609511254: fetch lanes
2026-02-21 11:06:59,374 | INFO | Match 8609511254: parse lanes
2026-02-21 11:06:59,444 | INFO | Match 8609511254: append to Excel
2026-02-21 11:07:02,980 | INFO | [32/3135] Match 8609511254 DONE in 158.8s
2026-02-21 11:07:05,547 | INFO | [33/3135] Match 8609510358 START
2026-02-21 11:07:05,547 | INFO | Match 8609510358: fetch overview
2026-02-21 11:07:15,859 | INFO | Match 8609510358: parse overview
2026-02-21 11:07:18,709 | INFO | Match 8609510358: fetch lanes
2026-02-21 11:09:41,922 | INFO | Match 8609510358: parse lanes
2026-02-21 11:09:41,925 | INFO | Match 8609510358: append to Excel
2026-02-21 11:09:45,355 | INFO | [33/3135] Match 8609510358 DONE in 159.8s
2026-02-21 11:09:48,617 | INFO | [34/3135] Match 8609514859 START
2026-02-21 11:09:48,618 | INFO | Match 8609514859: fetch overview
2026-02-21 11:09:58,038 | INFO | Match 8609514859: parse overview
2026-02-21 11:10:02,282 | INFO | Match 8609514859: fetch lanes
2026-02-21 11:12:25,186 | INFO | Match 8609514859: parse lanes
2026-02-21 11:12:25,188 | INFO | Match 8609514859: append to Excel
2026-02-21 11:12:28,445 | INFO | [34/3135] Match 8609514859 DONE in 159.8s
2026-02-21 11:12:31,643 | INFO | [35/3135] Match 8609526270 START
2026-02-21 11:12:31,643 | INFO | Match 8609526270: fetch overview
2026-02-21 11:12:41,835 | INFO | Match 8609526270: parse overview
2026-02-21 11:12:44,572 | INFO | Match 8609526270: fetch lanes
2026-02-21 11:12:53,887 | INFO | Match 8609526270: parse lanes
2026-02-21 11:12:54,021 | INFO | Match 8609526270: append to Excel
2026-02-21 11:12:57,388 | INFO | [35/3135] Match 8609526270 DONE in 25.7s
2026-02-21 11:13:01,309 | INFO | [36/3135] Match 8609511677 START
2026-02-21 11:13:01,309 | INFO | Match 8609511677: fetch overview
2026-02-21 11:13:12,116 | INFO | Match 8609511677: parse overview
2026-02-21 11:13:16,356 | INFO | Match 8609511677: fetch lanes
2026-02-21 11:15:38,935 | INFO | Match 8609511677: parse lanes
2026-02-21 11:15:38,936 | INFO | Match 8609511677: append to Excel
2026-02-21 11:15:42,608 | INFO | [36/3135] Match 8609511677 DONE in 161.3s
2026-02-21 11:15:45,520 | INFO | [37/3135] Match 8609497743 START
2026-02-21 11:15:45,520 | INFO | Match 8609497743: fetch overview
2026-02-21 11:15:55,280 | INFO | Match 8609497743: parse overview
2026-02-21 11:15:59,983 | INFO | Match 8609497743: fetch lanes
2026-02-21 11:18:22,943 | INFO | Match 8609497743: parse lanes
2026-02-21 11:18:22,944 | INFO | Match 8609497743: append to Excel
2026-02-21 11:18:26,437 | INFO | [37/3135] Match 8609497743 DONE in 160.9s
2026-02-21 11:18:28,780 | INFO | [38/3135] Match 8609515894 START
2026-02-21 11:18:28,780 | INFO | Match 8609515894: fetch overview
2026-02-21 11:18:39,460 | INFO | Match 8609515894: parse overview
2026-02-21 11:18:44,643 | INFO | Match 8609515894: fetch lanes
2026-02-21 11:18:53,687 | INFO | Match 8609515894: parse lanes
2026-02-21 11:18:53,778 | INFO | Match 8609515894: append to Excel
2026-02-21 11:18:58,926 | INFO | [38/3135] Match 8609515894 DONE in 30.1s
2026-02-21 11:19:02,512 | INFO | [39/3135] Match 8609524599 START
2026-02-21 11:19:02,512 | INFO | Match 8609524599: fetch overview
2026-02-21 11:19:12,763 | INFO | Match 8609524599: parse overview
2026-02-21 11:19:17,626 | INFO | Match 8609524599: fetch lanes
2026-02-21 11:21:40,885 | INFO | Match 8609524599: parse lanes
2026-02-21 11:21:40,888 | INFO | Match 8609524599: append to Excel
2026-02-21 11:21:44,625 | INFO | [39/3135] Match 8609524599 DONE in 162.1s
2026-02-21 11:21:47,404 | INFO | [40/3135] Match 8609511016 START
2026-02-21 11:21:47,404 | INFO | Match 8609511016: fetch overview
2026-02-21 11:21:57,894 | INFO | Match 8609511016: parse overview
2026-02-21 11:22:02,590 | INFO | Match 8609511016: fetch lanes
2026-02-21 11:24:25,389 | INFO | Match 8609511016: parse lanes
2026-02-21 11:24:25,390 | INFO | Match 8609511016: append to Excel
2026-02-21 11:24:29,015 | INFO | [40/3135] Match 8609511016 DONE in 161.6s
2026-02-21 11:24:32,019 | INFO | [41/3135] Match 8609520289 START
2026-02-21 11:24:32,019 | INFO | Match 8609520289: fetch overview
2026-02-21 11:24:43,314 | INFO | Match 8609520289: parse overview
2026-02-21 11:24:48,029 | INFO | Match 8609520289: fetch lanes
2026-02-21 11:24:56,099 | INFO | Match 8609520289: parse lanes
2026-02-21 11:24:56,160 | INFO | Match 8609520289: append to Excel
2026-02-21 11:24:59,700 | INFO | [41/3135] Match 8609520289 DONE in 27.7s
2026-02-21 11:25:03,110 | INFO | [42/3135] Match 8609531823 START
2026-02-21 11:25:03,111 | INFO | Match 8609531823: fetch overview
2026-02-21 11:25:13,157 | INFO | Match 8609531823: parse overview
2026-02-21 11:25:16,139 | INFO | Match 8609531823: fetch lanes
2026-02-21 11:26:08,881 | INFO | Match 8609531823: parse lanes
2026-02-21 11:26:08,946 | INFO | Match 8609531823: append to Excel
2026-02-21 11:26:12,437 | INFO | [42/3135] Match 8609531823 DONE in 69.3s
2026-02-21 11:26:15,177 | INFO | [43/3135] Match 8609484868 START
2026-02-21 11:26:15,177 | INFO | Match 8609484868: fetch overview
2026-02-21 11:26:25,280 | INFO | Match 8609484868: parse overview
2026-02-21 11:26:28,461 | INFO | Match 8609484868: fetch lanes
2026-02-21 11:26:36,935 | INFO | Match 8609484868: parse lanes
2026-02-21 11:26:36,998 | INFO | Match 8609484868: append to Excel
2026-02-21 11:26:40,455 | INFO | [43/3135] Match 8609484868 DONE in 25.3s
2026-02-21 11:26:43,696 | INFO | [44/3135] Match 8609509095 START
2026-02-21 11:26:43,697 | INFO | Match 8609509095: fetch overview
2026-02-21 11:26:54,141 | INFO | Match 8609509095: parse overview
2026-02-21 11:26:57,988 | INFO | Match 8609509095: fetch lanes
2026-02-21 11:29:21,876 | INFO | Match 8609509095: parse lanes
2026-02-21 11:29:21,877 | INFO | Match 8609509095: append to Excel
2026-02-21 11:29:25,997 | INFO | [44/3135] Match 8609509095 DONE in 162.3s
2026-02-21 11:29:29,540 | INFO | [45/3135] Match 8609531917 START
2026-02-21 11:29:29,540 | INFO | Match 8609531917: fetch overview
2026-02-21 11:29:39,961 | INFO | Match 8609531917: parse overview
2026-02-21 11:29:44,769 | INFO | Match 8609531917: fetch lanes
2026-02-21 11:29:53,050 | INFO | Match 8609531917: parse lanes
2026-02-21 11:29:53,117 | INFO | Match 8609531917: append to Excel
2026-02-21 11:29:56,867 | INFO | [45/3135] Match 8609531917 DONE in 27.3s
2026-02-21 11:29:59,006 | INFO | [46/3135] Match 8609512195 START
2026-02-21 11:29:59,006 | INFO | Match 8609512195: fetch overview
2026-02-21 11:30:09,382 | INFO | Match 8609512195: parse overview
2026-02-21 11:30:13,213 | INFO | Match 8609512195: fetch lanes
2026-02-21 11:30:21,976 | INFO | Match 8609512195: parse lanes
2026-02-21 11:30:22,044 | INFO | Match 8609512195: append to Excel
2026-02-21 11:30:26,121 | INFO | [46/3135] Match 8609512195 DONE in 27.1s
2026-02-21 11:30:28,719 | INFO | [47/3135] Match 8609520137 START
2026-02-21 11:30:28,719 | INFO | Match 8609520137: fetch overview
2026-02-21 11:30:39,202 | INFO | Match 8609520137: parse overview
2026-02-21 11:30:43,598 | INFO | Match 8609520137: fetch lanes
2026-02-21 11:33:06,119 | INFO | Match 8609520137: parse lanes
2026-02-21 11:33:06,122 | INFO | Match 8609520137: append to Excel
2026-02-21 11:33:09,868 | INFO | [47/3135] Match 8609520137 DONE in 161.1s
2026-02-21 11:33:13,860 | INFO | [48/3135] Match 8609530220 START
2026-02-21 11:33:13,860 | INFO | Match 8609530220: fetch overview
2026-02-21 11:33:24,438 | INFO | Match 8609530220: parse overview
2026-02-21 11:33:27,339 | INFO | Match 8609530220: fetch lanes
2026-02-21 11:33:35,535 | INFO | Match 8609530220: parse lanes
2026-02-21 11:33:35,605 | INFO | Match 8609530220: append to Excel
2026-02-21 11:33:39,329 | INFO | [48/3135] Match 8609530220 DONE in 25.5s
2026-02-21 11:33:42,943 | INFO | [49/3135] Match 8609503103 START
2026-02-21 11:33:42,943 | INFO | Match 8609503103: fetch overview
2026-02-21 11:33:53,714 | INFO | Match 8609503103: parse overview
2026-02-21 11:33:57,225 | INFO | Match 8609503103: fetch lanes
2026-02-21 11:34:06,329 | INFO | Match 8609503103: parse lanes
2026-02-21 11:34:06,408 | INFO | Match 8609503103: append to Excel
2026-02-21 11:34:10,104 | INFO | [49/3135] Match 8609503103 DONE in 27.2s
2026-02-21 11:34:13,927 | INFO | [50/3135] Match 8609534737 START
2026-02-21 11:34:13,927 | INFO | Match 8609534737: fetch overview
2026-02-21 11:36:36,406 | INFO | Match 8609534737: parse overview
2026-02-21 11:36:40,512 | INFO | Match 8609534737: fetch lanes
2026-02-21 11:39:03,926 | INFO | Match 8609534737: parse lanes
2026-02-21 11:39:03,927 | INFO | Match 8609534737: append to Excel
2026-02-21 11:39:07,846 | INFO | [50/3135] Match 8609534737 DONE in 293.9s
2026-02-21 11:39:11,415 | INFO | [51/3135] Match 8609523085 START
2026-02-21 11:39:11,416 | INFO | Match 8609523085: fetch overview
2026-02-21 11:39:21,617 | INFO | Match 8609523085: parse overview
2026-02-21 11:39:25,613 | INFO | Match 8609523085: fetch lanes
2026-02-21 11:41:49,220 | INFO | Match 8609523085: parse lanes
2026-02-21 11:41:49,221 | INFO | Match 8609523085: append to Excel
2026-02-21 11:41:53,022 | INFO | [51/3135] Match 8609523085 DONE in 161.6s
2026-02-21 11:41:56,734 | INFO | [52/3135] Match 8609525340 START
2026-02-21 11:41:56,734 | INFO | Match 8609525340: fetch overview
2026-02-21 11:42:07,942 | INFO | Match 8609525340: parse overview
2026-02-21 11:42:12,662 | INFO | Match 8609525340: fetch lanes
2026-02-21 11:44:35,684 | INFO | Match 8609525340: parse lanes
2026-02-21 11:44:35,686 | INFO | Match 8609525340: append to Excel
2026-02-21 11:44:39,549 | INFO | [52/3135] Match 8609525340 DONE in 162.8s
2026-02-21 11:44:41,850 | INFO | [53/3135] Match 8609516755 START
2026-02-21 11:44:41,850 | INFO | Match 8609516755: fetch overview
2026-02-21 11:44:52,275 | INFO | Match 8609516755: parse overview
2026-02-21 11:44:55,756 | INFO | Match 8609516755: fetch lanes
2026-02-21 11:45:03,983 | INFO | Match 8609516755: parse lanes
2026-02-21 11:45:04,045 | INFO | Match 8609516755: append to Excel
2026-02-21 11:45:08,244 | INFO | [53/3135] Match 8609516755 DONE in 26.4s
2026-02-21 11:45:12,135 | INFO | [54/3135] Match 8609517139 START
2026-02-21 11:45:12,135 | INFO | Match 8609517139: fetch overview
2026-02-21 11:47:35,688 | INFO | Match 8609517139: parse overview
2026-02-21 11:47:39,834 | INFO | Match 8609517139: fetch lanes
2026-02-21 11:47:48,911 | INFO | Match 8609517139: parse lanes
2026-02-21 11:47:49,289 | INFO | Match 8609517139: append to Excel
2026-02-21 11:47:53,113 | INFO | [54/3135] Match 8609517139 DONE in 161.0s
2026-02-21 11:47:55,531 | INFO | [55/3135] Match 8609517377 START
2026-02-21 11:47:55,531 | INFO | Match 8609517377: fetch overview
2026-02-21 11:48:05,974 | INFO | Match 8609517377: parse overview
2026-02-21 11:48:10,393 | INFO | Match 8609517377: fetch lanes
2026-02-21 11:50:34,080 | INFO | Match 8609517377: parse lanes
2026-02-21 11:50:34,081 | INFO | Match 8609517377: append to Excel
2026-02-21 11:50:37,843 | INFO | [55/3135] Match 8609517377 DONE in 162.3s
2026-02-21 11:50:40,249 | INFO | [56/3135] Match 8609502779 START
2026-02-21 11:50:40,249 | INFO | Match 8609502779: fetch overview
2026-02-21 11:50:50,651 | INFO | Match 8609502779: parse overview
2026-02-21 11:50:55,194 | INFO | Match 8609502779: fetch lanes
2026-02-21 11:51:04,295 | INFO | Match 8609502779: parse lanes
2026-02-21 11:51:04,372 | INFO | Match 8609502779: append to Excel
2026-02-21 11:51:08,000 | INFO | [56/3135] Match 8609502779 DONE in 27.8s
2026-02-21 11:51:11,061 | INFO | [57/3135] Match 8609498561 START
2026-02-21 11:51:11,061 | INFO | Match 8609498561: fetch overview
2026-02-21 11:51:20,438 | INFO | Match 8609498561: parse overview
2026-02-21 11:51:23,451 | INFO | Match 8609498561: fetch lanes
2026-02-21 11:53:46,384 | INFO | Match 8609498561: parse lanes
2026-02-21 11:53:46,386 | INFO | Match 8609498561: append to Excel
2026-02-21 11:53:50,327 | INFO | [57/3135] Match 8609498561 DONE in 159.3s
2026-02-21 11:53:52,946 | INFO | [58/3135] Match 8609482501 START
2026-02-21 11:53:52,946 | INFO | Match 8609482501: fetch overview
2026-02-21 11:56:16,210 | INFO | Match 8609482501: parse overview
2026-02-21 11:56:20,184 | INFO | Match 8609482501: fetch lanes
2026-02-21 11:56:29,134 | INFO | Match 8609482501: parse lanes
2026-02-21 11:56:29,208 | INFO | Match 8609482501: append to Excel
2026-02-21 11:56:33,599 | INFO | [58/3135] Match 8609482501 DONE in 160.7s
2026-02-21 11:56:37,338 | INFO | [59/3135] Match 8609532989 START
2026-02-21 11:56:37,338 | INFO | Match 8609532989: fetch overview
2026-02-21 11:58:59,818 | INFO | Match 8609532989: parse overview
2026-02-21 11:59:03,088 | INFO | Match 8609532989: fetch lanes
2026-02-21 12:01:26,909 | INFO | Match 8609532989: parse lanes
2026-02-21 12:01:26,970 | INFO | Match 8609532989: append to Excel
2026-02-21 12:01:31,221 | INFO | [59/3135] Match 8609532989 DONE in 293.9s
2026-02-21 12:01:33,263 | INFO | [60/3135] Match 8609529684 START
2026-02-21 12:01:33,263 | INFO | Match 8609529684: fetch overview
2026-02-21 12:01:43,501 | INFO | Match 8609529684: parse overview
2026-02-21 12:01:47,473 | INFO | Match 8609529684: fetch lanes
2026-02-21 12:04:11,309 | INFO | Match 8609529684: parse lanes
2026-02-21 12:04:11,379 | INFO | Match 8609529684: append to Excel
2026-02-21 12:04:16,567 | INFO | [60/3135] Match 8609529684 DONE in 163.3s
2026-02-21 12:04:18,753 | INFO | [61/3135] Match 8609500015 START
2026-02-21 12:04:18,753 | INFO | Match 8609500015: fetch overview
2026-02-21 12:04:29,404 | INFO | Match 8609500015: parse overview
2026-02-21 12:04:33,791 | INFO | Match 8609500015: fetch lanes
2026-02-21 12:04:42,386 | INFO | Match 8609500015: parse lanes
2026-02-21 12:04:42,453 | INFO | Match 8609500015: append to Excel
2026-02-21 12:04:46,453 | INFO | [61/3135] Match 8609500015 DONE in 27.7s
2026-02-21 12:04:49,103 | INFO | [62/3135] Match 8609521212 START
2026-02-21 12:04:49,103 | INFO | Match 8609521212: fetch overview
2026-02-21 12:04:58,831 | INFO | Match 8609521212: parse overview
2026-02-21 12:05:03,215 | INFO | Match 8609521212: fetch lanes
2026-02-21 12:05:11,737 | INFO | Match 8609521212: parse lanes
2026-02-21 12:05:12,156 | INFO | Match 8609521212: append to Excel
2026-02-21 12:05:15,920 | INFO | [62/3135] Match 8609521212 DONE in 26.8s
2026-02-21 12:05:19,379 | INFO | [63/3135] Match 8609509784 START
2026-02-21 12:05:19,379 | INFO | Match 8609509784: fetch overview
2026-02-21 12:05:29,268 | INFO | Match 8609509784: parse overview
2026-02-21 12:05:33,768 | INFO | Match 8609509784: fetch lanes
2026-02-21 12:07:57,065 | INFO | Match 8609509784: parse lanes
2026-02-21 12:07:57,066 | INFO | Match 8609509784: append to Excel
2026-02-21 12:08:00,955 | INFO | [63/3135] Match 8609509784 DONE in 161.6s
2026-02-21 12:08:04,105 | INFO | [64/3135] Match 8609503537 START
2026-02-21 12:08:04,106 | INFO | Match 8609503537: fetch overview
2026-02-21 12:08:14,298 | INFO | Match 8609503537: parse overview
2026-02-21 12:08:18,243 | INFO | Match 8609503537: fetch lanes
2026-02-21 12:10:40,991 | INFO | Match 8609503537: parse lanes
2026-02-21 12:10:40,993 | INFO | Match 8609503537: append to Excel
2026-02-21 12:10:46,595 | INFO | [64/3135] Match 8609503537 DONE in 162.5s
2026-02-21 12:10:48,832 | INFO | [65/3135] Match 8609522749 START
2026-02-21 12:10:48,832 | INFO | Match 8609522749: fetch overview
2026-02-21 12:11:00,379 | INFO | Match 8609522749: parse overview
2026-02-21 12:11:04,182 | INFO | Match 8609522749: fetch lanes
2026-02-21 12:11:12,631 | INFO | Match 8609522749: parse lanes
2026-02-21 12:11:12,699 | INFO | Match 8609522749: append to Excel
2026-02-21 12:11:16,810 | INFO | [65/3135] Match 8609522749 DONE in 28.0s
2026-02-21 12:11:19,521 | INFO | [66/3135] Match 8609511070 START
2026-02-21 12:11:19,521 | INFO | Match 8609511070: fetch overview
2026-02-21 12:11:30,698 | INFO | Match 8609511070: parse overview
2026-02-21 12:11:35,288 | INFO | Match 8609511070: fetch lanes
2026-02-21 12:11:44,171 | INFO | Match 8609511070: parse lanes
2026-02-21 12:11:44,250 | INFO | Match 8609511070: append to Excel
2026-02-21 12:11:48,330 | INFO | [66/3135] Match 8609511070 DONE in 28.8s
2026-02-21 12:11:50,661 | INFO | [67/3135] Match 8609529851 START
2026-02-21 12:11:50,661 | INFO | Match 8609529851: fetch overview
2026-02-21 12:12:01,051 | INFO | Match 8609529851: parse overview
2026-02-21 12:12:04,761 | INFO | Match 8609529851: fetch lanes
2026-02-21 12:12:13,973 | INFO | Match 8609529851: parse lanes
2026-02-21 12:12:14,037 | INFO | Match 8609529851: append to Excel
2026-02-21 12:12:17,860 | INFO | [67/3135] Match 8609529851 DONE in 27.2s
2026-02-21 12:12:21,386 | INFO | [68/3135] Match 8609533779 START
2026-02-21 12:12:21,386 | INFO | Match 8609533779: fetch overview
2026-02-21 12:12:30,601 | INFO | Match 8609533779: parse overview
2026-02-21 12:12:34,841 | INFO | Match 8609533779: fetch lanes
2026-02-21 12:14:57,984 | INFO | Match 8609533779: parse lanes
2026-02-21 12:14:57,986 | INFO | Match 8609533779: append to Excel
2026-02-21 12:15:01,779 | INFO | [68/3135] Match 8609533779 DONE in 160.4s
2026-02-21 12:15:05,777 | INFO | [69/3135] Match 8609515379 START
2026-02-21 12:15:05,777 | INFO | Match 8609515379: fetch overview
2026-02-21 12:15:16,909 | INFO | Match 8609515379: parse overview
2026-02-21 12:15:20,775 | INFO | Match 8609515379: fetch lanes
2026-02-21 12:15:29,565 | INFO | Match 8609515379: parse lanes
2026-02-21 12:15:29,645 | INFO | Match 8609515379: append to Excel
2026-02-21 12:15:34,544 | INFO | [69/3135] Match 8609515379 DONE in 28.8s
2026-02-21 12:15:36,760 | INFO | [70/3135] Match 8609512617 START
2026-02-21 12:15:36,761 | INFO | Match 8609512617: fetch overview
2026-02-21 12:15:47,702 | INFO | Match 8609512617: parse overview
2026-02-21 12:15:50,894 | INFO | Match 8609512617: fetch lanes
2026-02-21 12:18:14,439 | INFO | Match 8609512617: parse lanes
2026-02-21 12:18:14,441 | INFO | Match 8609512617: append to Excel
2026-02-21 12:18:18,443 | INFO | [70/3135] Match 8609512617 DONE in 161.7s
2026-02-21 12:18:20,714 | INFO | [71/3135] Match 8609523994 START
2026-02-21 12:18:20,714 | INFO | Match 8609523994: fetch overview
2026-02-21 12:18:31,677 | INFO | Match 8609523994: parse overview
2026-02-21 12:18:36,514 | INFO | Match 8609523994: fetch lanes
2026-02-21 12:20:59,439 | INFO | Match 8609523994: parse lanes
2026-02-21 12:20:59,440 | INFO | Match 8609523994: append to Excel
2026-02-21 12:21:03,333 | INFO | [71/3135] Match 8609523994 DONE in 162.6s
2026-02-21 12:21:05,803 | INFO | [72/3135] Match 8609520666 START
2026-02-21 12:21:05,803 | INFO | Match 8609520666: fetch overview
2026-02-21 12:23:30,636 | INFO | Match 8609520666: parse overview
2026-02-21 12:23:34,303 | INFO | Match 8609520666: fetch lanes
2026-02-21 12:25:57,890 | INFO | Match 8609520666: parse lanes
2026-02-21 12:25:57,891 | INFO | Match 8609520666: append to Excel
2026-02-21 12:26:02,159 | INFO | [72/3135] Match 8609520666 DONE in 296.4s
2026-02-21 12:26:04,755 | INFO | [73/3135] Match 8609514155 START
2026-02-21 12:26:04,756 | INFO | Match 8609514155: fetch overview
2026-02-21 12:26:15,458 | INFO | Match 8609514155: parse overview
2026-02-21 12:26:18,488 | INFO | Match 8609514155: fetch lanes
2026-02-21 12:28:41,372 | INFO | Match 8609514155: parse lanes
2026-02-21 12:28:41,375 | INFO | Match 8609514155: append to Excel
2026-02-21 12:28:47,396 | INFO | [73/3135] Match 8609514155 DONE in 162.6s
2026-02-21 12:28:50,206 | INFO | [74/3135] Match 8609500636 START
2026-02-21 12:28:50,206 | INFO | Match 8609500636: fetch overview
2026-02-21 12:29:01,280 | INFO | Match 8609500636: parse overview
2026-02-21 12:29:04,348 | INFO | Match 8609500636: fetch lanes
2026-02-21 12:29:12,578 | INFO | Match 8609500636: parse lanes
2026-02-21 12:29:12,642 | INFO | Match 8609500636: append to Excel
2026-02-21 12:29:16,655 | INFO | [74/3135] Match 8609500636 DONE in 26.4s
2026-02-21 12:29:19,573 | INFO | [75/3135] Match 8609513759 START
2026-02-21 12:29:19,573 | INFO | Match 8609513759: fetch overview
2026-02-21 12:29:29,363 | INFO | Match 8609513759: parse overview
2026-02-21 12:29:33,708 | INFO | Match 8609513759: fetch lanes
2026-02-21 12:31:56,510 | INFO | Match 8609513759: parse lanes
2026-02-21 12:31:56,511 | INFO | Match 8609513759: append to Excel
2026-02-21 12:32:00,785 | INFO | [75/3135] Match 8609513759 DONE in 161.2s
2026-02-21 12:32:03,703 | INFO | [76/3135] Match 8609541467 START
2026-02-21 12:32:03,703 | INFO | Match 8609541467: fetch overview
2026-02-21 12:32:14,549 | INFO | Match 8609541467: parse overview
2026-02-21 12:32:17,239 | INFO | Match 8609541467: fetch lanes
2026-02-21 12:34:40,323 | INFO | Match 8609541467: parse lanes
2026-02-21 12:34:40,324 | INFO | Match 8609541467: append to Excel
2026-02-21 12:34:44,171 | INFO | [76/3135] Match 8609541467 DONE in 160.5s
2026-02-21 12:34:46,441 | INFO | [77/3135] Match 8609508712 START
2026-02-21 12:34:46,441 | INFO | Match 8609508712: fetch overview
2026-02-21 12:34:56,123 | INFO | Match 8609508712: parse overview
2026-02-21 12:34:59,233 | INFO | Match 8609508712: fetch lanes
2026-02-21 12:37:23,253 | INFO | Match 8609508712: parse lanes
2026-02-21 12:37:23,256 | INFO | Match 8609508712: append to Excel
2026-02-21 12:37:27,368 | INFO | [77/3135] Match 8609508712 DONE in 160.9s
2026-02-21 12:37:31,147 | INFO | [78/3135] Match 8609535718 START
2026-02-21 12:37:31,147 | INFO | Match 8609535718: fetch overview
2026-02-21 12:39:54,207 | INFO | Match 8609535718: parse overview
2026-02-21 12:39:57,045 | INFO | Match 8609535718: fetch lanes
2026-02-21 12:40:06,043 | INFO | Match 8609535718: parse lanes
2026-02-21 12:40:06,121 | INFO | Match 8609535718: append to Excel
2026-02-21 12:40:10,075 | INFO | [78/3135] Match 8609535718 DONE in 158.9s
2026-02-21 12:40:13,582 | INFO | [79/3135] Match 8609537969 START
2026-02-21 12:40:13,582 | INFO | Match 8609537969: fetch overview
2026-02-21 12:40:24,653 | INFO | Match 8609537969: parse overview
2026-02-21 12:40:57,327 | INFO | Match 8609537969: fetch lanes
2026-02-21 12:41:06,329 | INFO | Match 8609537969: parse lanes
2026-02-21 12:41:06,382 | INFO | Match 8609537969: append to Excel
2026-02-21 12:41:10,304 | INFO | [79/3135] Match 8609537969 DONE in 56.7s
2026-02-21 12:41:13,781 | INFO | [80/3135] Match 8609498047 START
2026-02-21 12:41:13,781 | INFO | Match 8609498047: fetch overview
2026-02-21 12:42:23,105 | INFO | Match 8609498047: parse overview
2026-02-21 12:42:26,891 | INFO | Match 8609498047: fetch lanes
2026-02-21 12:42:35,379 | INFO | Match 8609498047: parse lanes
2026-02-21 12:42:35,438 | INFO | Match 8609498047: append to Excel
2026-02-21 12:42:39,351 | INFO | [80/3135] Match 8609498047 DONE in 85.6s
2026-02-21 12:42:43,088 | INFO | [81/3135] Match 8609517595 START
2026-02-21 12:42:43,088 | INFO | Match 8609517595: fetch overview
2026-02-21 12:45:06,690 | INFO | Match 8609517595: parse overview
2026-02-21 12:45:09,466 | INFO | Match 8609517595: fetch lanes
2026-02-21 12:45:19,042 | INFO | Match 8609517595: parse lanes
2026-02-21 12:45:19,109 | INFO | Match 8609517595: append to Excel
2026-02-21 12:45:23,163 | INFO | [81/3135] Match 8609517595 DONE in 160.1s
2026-02-21 12:45:25,242 | INFO | [82/3135] Match 8609534429 START
2026-02-21 12:45:25,242 | INFO | Match 8609534429: fetch overview
2026-02-21 12:47:48,524 | INFO | Match 8609534429: parse overview
2026-02-21 12:47:52,471 | INFO | Match 8609534429: fetch lanes
2026-02-21 12:50:17,192 | INFO | Match 8609534429: parse lanes
2026-02-21 12:50:17,262 | INFO | Match 8609534429: append to Excel
2026-02-21 12:50:21,495 | INFO | [82/3135] Match 8609534429 DONE in 296.3s
2026-02-21 12:50:23,989 | INFO | [83/3135] Match 8609521816 START
2026-02-21 12:50:23,989 | INFO | Match 8609521816: fetch overview
2026-02-21 12:52:46,719 | INFO | Match 8609521816: parse overview
2026-02-21 12:52:51,793 | INFO | Match 8609521816: fetch lanes
2026-02-21 12:55:15,628 | INFO | Match 8609521816: parse lanes
2026-02-21 12:55:15,693 | INFO | Match 8609521816: append to Excel
2026-02-21 12:55:19,434 | INFO | [83/3135] Match 8609521816 DONE in 295.4s
2026-02-21 12:55:23,433 | INFO | [84/3135] Match 8609536848 START
2026-02-21 12:55:23,434 | INFO | Match 8609536848: fetch overview
2026-02-21 12:57:46,885 | INFO | Match 8609536848: parse overview
2026-02-21 12:57:51,514 | INFO | Match 8609536848: fetch lanes
2026-02-21 12:58:00,344 | INFO | Match 8609536848: parse lanes
2026-02-21 12:58:00,402 | INFO | Match 8609536848: append to Excel
2026-02-21 12:58:04,768 | INFO | [84/3135] Match 8609536848 DONE in 161.3s
2026-02-21 12:58:08,242 | INFO | [85/3135] Match 8609554480 START
2026-02-21 12:58:08,243 | INFO | Match 8609554480: fetch overview
2026-02-21 12:58:19,086 | INFO | Match 8609554480: parse overview
2026-02-21 12:58:23,521 | INFO | Match 8609554480: fetch lanes
2026-02-21 12:58:31,906 | INFO | Match 8609554480: parse lanes
2026-02-21 12:58:31,971 | INFO | Match 8609554480: append to Excel
2026-02-21 12:58:35,977 | INFO | [85/3135] Match 8609554480 DONE in 27.7s
2026-02-21 12:58:38,223 | INFO | [86/3135] Match 8609501788 START
2026-02-21 12:58:38,223 | INFO | Match 8609501788: fetch overview
2026-02-21 12:58:49,023 | INFO | Match 8609501788: parse overview
2026-02-21 12:58:52,863 | INFO | Match 8609501788: fetch lanes
2026-02-21 12:59:00,785 | INFO | Match 8609501788: parse lanes
2026-02-21 12:59:00,844 | INFO | Match 8609501788: append to Excel
2026-02-21 12:59:04,961 | INFO | [86/3135] Match 8609501788 DONE in 26.7s
2026-02-21 12:59:08,172 | INFO | [87/3135] Match 8609542864 START
2026-02-21 12:59:08,172 | INFO | Match 8609542864: fetch overview
2026-02-21 13:01:31,904 | INFO | Match 8609542864: parse overview
2026-02-21 13:01:35,045 | INFO | Match 8609542864: fetch lanes
2026-02-21 13:03:58,349 | INFO | Match 8609542864: parse lanes
2026-02-21 13:03:58,415 | INFO | Match 8609542864: append to Excel
2026-02-21 13:04:02,880 | INFO | [87/3135] Match 8609542864 DONE in 294.7s
2026-02-21 13:04:06,540 | INFO | [88/3135] Match 8609514511 START
2026-02-21 13:04:06,540 | INFO | Match 8609514511: fetch overview
2026-02-21 13:06:30,260 | INFO | Match 8609514511: parse overview
2026-02-21 13:06:32,786 | INFO | Match 8609514511: fetch lanes
2026-02-21 13:08:55,886 | INFO | Match 8609514511: parse lanes
2026-02-21 13:08:55,887 | INFO | Match 8609514511: append to Excel
2026-02-21 13:08:59,691 | INFO | [88/3135] Match 8609514511 DONE in 293.2s
2026-02-21 13:09:02,901 | INFO | [89/3135] Match 8609504157 START
2026-02-21 13:09:02,901 | INFO | Match 8609504157: fetch overview
2026-02-21 13:11:26,165 | INFO | Match 8609504157: parse overview
2026-02-21 13:11:29,308 | INFO | Match 8609504157: fetch lanes
2026-02-21 13:13:52,436 | INFO | Match 8609504157: parse lanes
2026-02-21 13:13:52,439 | INFO | Match 8609504157: append to Excel
2026-02-21 13:13:56,560 | INFO | [89/3135] Match 8609504157 DONE in 293.7s
2026-02-21 13:13:58,771 | INFO | [90/3135] Match 8609534482 START
2026-02-21 13:13:58,771 | INFO | Match 8609534482: fetch overview
2026-02-21 13:16:23,924 | INFO | Match 8609534482: parse overview
2026-02-21 13:16:27,470 | INFO | Match 8609534482: fetch lanes
2026-02-21 13:16:36,719 | INFO | Match 8609534482: parse lanes
2026-02-21 13:16:36,782 | INFO | Match 8609534482: append to Excel
2026-02-21 13:16:40,987 | INFO | [90/3135] Match 8609534482 DONE in 162.2s
2026-02-21 13:16:44,458 | INFO | [91/3135] Match 8609542315 START
2026-02-21 13:16:44,459 | INFO | Match 8609542315: fetch overview
2026-02-21 13:19:07,347 | INFO | Match 8609542315: parse overview
2026-02-21 13:19:11,069 | INFO | Match 8609542315: fetch lanes
2026-02-21 13:21:34,731 | INFO | Match 8609542315: parse lanes
2026-02-21 13:21:34,732 | INFO | Match 8609542315: append to Excel
2026-02-21 13:21:38,979 | INFO | [91/3135] Match 8609542315 DONE in 294.5s
2026-02-21 13:21:41,876 | INFO | [92/3135] Match 8609517568 START
2026-02-21 13:21:41,876 | INFO | Match 8609517568: fetch overview
2026-02-21 13:24:04,231 | INFO | Match 8609517568: parse overview
2026-02-21 13:24:08,213 | INFO | Match 8609517568: fetch lanes
2026-02-21 13:26:31,756 | INFO | Match 8609517568: parse lanes
2026-02-21 13:26:31,759 | INFO | Match 8609517568: append to Excel
2026-02-21 13:26:35,995 | INFO | [92/3135] Match 8609517568 DONE in 294.1s
2026-02-21 13:26:39,695 | INFO | [93/3135] Match 8609534199 START
2026-02-21 13:26:39,695 | INFO | Match 8609534199: fetch overview
2026-02-21 13:29:03,638 | INFO | Match 8609534199: parse overview
2026-02-21 13:29:07,327 | INFO | Match 8609534199: fetch lanes
2026-02-21 13:31:31,017 | INFO | Match 8609534199: parse lanes
2026-02-21 13:31:31,018 | INFO | Match 8609534199: append to Excel
2026-02-21 13:31:34,824 | INFO | [93/3135] Match 8609534199 DONE in 295.1s
2026-02-21 13:31:38,386 | INFO | [94/3135] Match 8609548918 START
2026-02-21 13:31:38,386 | INFO | Match 8609548918: fetch overview
2026-02-21 13:31:47,940 | INFO | Match 8609548918: parse overview
2026-02-21 13:31:50,763 | INFO | Match 8609548918: fetch lanes
2026-02-21 13:34:14,513 | INFO | Match 8609548918: parse lanes
2026-02-21 13:34:14,514 | INFO | Match 8609548918: append to Excel
2026-02-21 13:34:18,464 | INFO | [94/3135] Match 8609548918 DONE in 160.1s
2026-02-21 13:34:20,630 | INFO | [95/3135] Match 8609538542 START
2026-02-21 13:34:20,630 | INFO | Match 8609538542: fetch overview
2026-02-21 13:36:43,336 | INFO | Match 8609538542: parse overview
2026-02-21 13:36:47,088 | INFO | Match 8609538542: fetch lanes
2026-02-21 13:36:56,207 | INFO | Match 8609538542: parse lanes
2026-02-21 13:36:56,270 | INFO | Match 8609538542: append to Excel
2026-02-21 13:37:00,744 | INFO | [95/3135] Match 8609538542 DONE in 160.1s
2026-02-21 13:37:03,775 | INFO | [96/3135] Match 8609546029 START
2026-02-21 13:37:03,775 | INFO | Match 8609546029: fetch overview
2026-02-21 13:39:29,013 | INFO | Match 8609546029: parse overview
2026-02-21 13:39:33,136 | INFO | Match 8609546029: fetch lanes
2026-02-21 13:39:42,392 | INFO | Match 8609546029: parse lanes
2026-02-21 13:39:42,456 | INFO | Match 8609546029: append to Excel
2026-02-21 13:39:46,669 | INFO | [96/3135] Match 8609546029 DONE in 162.9s
2026-02-21 13:39:49,094 | INFO | [97/3135] Match 8609531918 START
2026-02-21 13:39:49,094 | INFO | Match 8609531918: fetch overview
2026-02-21 13:42:14,531 | INFO | Match 8609531918: parse overview
2026-02-21 13:42:18,249 | INFO | Match 8609531918: fetch lanes
2026-02-21 13:42:26,958 | INFO | Match 8609531918: parse lanes
2026-02-21 13:42:27,022 | INFO | Match 8609531918: append to Excel
2026-02-21 13:42:31,582 | INFO | [97/3135] Match 8609531918 DONE in 162.5s
2026-02-21 13:42:35,419 | INFO | [98/3135] Match 8609536832 START
2026-02-21 13:42:35,419 | INFO | Match 8609536832: fetch overview
2026-02-21 13:45:00,139 | INFO | Match 8609536832: parse overview
2026-02-21 13:45:03,186 | INFO | Match 8609536832: fetch lanes
2026-02-21 13:47:26,416 | INFO | Match 8609536832: parse lanes
2026-02-21 13:47:26,417 | INFO | Match 8609536832: append to Excel
2026-02-21 13:47:30,598 | INFO | [98/3135] Match 8609536832 DONE in 295.2s
2026-02-21 13:47:34,526 | INFO | [99/3135] Match 8609552751 START
2026-02-21 13:47:34,526 | INFO | Match 8609552751: fetch overview
2026-02-21 13:47:44,063 | INFO | Match 8609552751: parse overview
2026-02-21 13:47:47,889 | INFO | Match 8609552751: fetch lanes
2026-02-21 13:47:56,243 | INFO | Match 8609552751: parse lanes
2026-02-21 13:47:56,303 | INFO | Match 8609552751: append to Excel
2026-02-21 13:48:00,592 | INFO | [99/3135] Match 8609552751 DONE in 26.1s
2026-02-21 13:48:02,867 | INFO | [100/3135] Match 8609501050 START
2026-02-21 13:48:02,867 | INFO | Match 8609501050: fetch overview
2026-02-21 13:48:13,837 | INFO | Match 8609501050: parse overview
2026-02-21 13:48:16,776 | INFO | Match 8609501050: fetch lanes
2026-02-21 13:48:25,249 | INFO | Match 8609501050: parse lanes
2026-02-21 13:48:25,586 | INFO | Match 8609501050: append to Excel
2026-02-21 13:48:30,232 | INFO | [100/3135] Match 8609501050 DONE in 27.4s
2026-02-21 13:48:34,171 | INFO | [101/3135] Match 8609540402 START
2026-02-21 13:48:34,172 | INFO | Match 8609540402: fetch overview
2026-02-21 13:48:43,849 | INFO | Match 8609540402: parse overview
2026-02-21 13:48:47,704 | INFO | Match 8609540402: fetch lanes
2026-02-21 13:48:57,094 | INFO | Match 8609540402: parse lanes
2026-02-21 13:48:57,155 | INFO | Match 8609540402: append to Excel
2026-02-21 13:49:01,022 | INFO | [101/3135] Match 8609540402 DONE in 26.9s
2026-02-21 13:49:03,858 | INFO | [102/3135] Match 8609540953 START
2026-02-21 13:49:03,858 | INFO | Match 8609540953: fetch overview
2026-02-21 13:49:14,585 | INFO | Match 8609540953: parse overview
2026-02-21 13:49:18,861 | INFO | Match 8609540953: fetch lanes
2026-02-21 13:49:27,900 | INFO | Match 8609540953: parse lanes
2026-02-21 13:49:27,959 | INFO | Match 8609540953: append to Excel
2026-02-21 13:49:31,858 | INFO | [102/3135] Match 8609540953 DONE in 28.0s
2026-02-21 13:49:34,278 | INFO | [103/3135] Match 8609548020 START
2026-02-21 13:49:34,278 | INFO | Match 8609548020: fetch overview
2026-02-21 13:49:44,199 | INFO | Match 8609548020: parse overview
2026-02-21 13:49:48,782 | INFO | Match 8609548020: fetch lanes
2026-02-21 13:49:57,090 | INFO | Match 8609548020: parse lanes
2026-02-21 13:49:57,151 | INFO | Match 8609548020: append to Excel
2026-02-21 13:50:01,540 | INFO | [103/3135] Match 8609548020 DONE in 27.3s
2026-02-21 13:50:04,513 | INFO | [104/3135] Match 8609538248 START
2026-02-21 13:50:04,513 | INFO | Match 8609538248: fetch overview
2026-02-21 13:50:14,851 | INFO | Match 8609538248: parse overview
2026-02-21 13:50:19,006 | INFO | Match 8609538248: fetch lanes
2026-02-21 13:50:27,839 | INFO | Match 8609538248: parse lanes
2026-02-21 13:50:27,900 | INFO | Match 8609538248: append to Excel
2026-02-21 13:50:32,502 | INFO | [104/3135] Match 8609538248 DONE in 28.0s
2026-02-21 13:50:34,764 | INFO | [105/3135] Match 8609521435 START
2026-02-21 13:50:34,765 | INFO | Match 8609521435: fetch overview
2026-02-21 13:50:44,757 | INFO | Match 8609521435: parse overview
2026-02-21 13:50:49,340 | INFO | Match 8609521435: fetch lanes
2026-02-21 13:50:58,673 | INFO | Match 8609521435: parse lanes
2026-02-21 13:50:58,746 | INFO | Match 8609521435: append to Excel
2026-02-21 13:51:03,688 | INFO | [105/3135] Match 8609521435 DONE in 28.9s
2026-02-21 13:51:06,241 | INFO | [106/3135] Match 8609529627 START
2026-02-21 13:51:06,241 | INFO | Match 8609529627: fetch overview
2026-02-21 13:51:16,466 | INFO | Match 8609529627: parse overview
2026-02-21 13:51:20,890 | INFO | Match 8609529627: fetch lanes
2026-02-21 13:53:44,105 | INFO | Match 8609529627: parse lanes
2026-02-21 13:53:44,106 | INFO | Match 8609529627: append to Excel
2026-02-21 13:53:48,350 | INFO | [106/3135] Match 8609529627 DONE in 162.1s
2026-02-21 13:53:51,413 | INFO | [107/3135] Match 8609514118 START
2026-02-21 13:53:51,413 | INFO | Match 8609514118: fetch overview
2026-02-21 13:54:01,111 | INFO | Match 8609514118: parse overview
2026-02-21 13:54:05,724 | INFO | Match 8609514118: fetch lanes
2026-02-21 13:54:14,844 | INFO | Match 8609514118: parse lanes
2026-02-21 13:54:14,942 | INFO | Match 8609514118: append to Excel
2026-02-21 13:54:19,087 | INFO | [107/3135] Match 8609514118 DONE in 27.7s
2026-02-21 13:54:21,431 | INFO | [108/3135] Match 8609531549 START
2026-02-21 13:54:21,431 | INFO | Match 8609531549: fetch overview
2026-02-21 13:54:31,252 | INFO | Match 8609531549: parse overview
2026-02-21 13:54:35,837 | INFO | Match 8609531549: fetch lanes
2026-02-21 13:54:45,614 | INFO | Match 8609531549: parse lanes
2026-02-21 13:54:45,676 | INFO | Match 8609531549: append to Excel
2026-02-21 13:54:49,968 | INFO | [108/3135] Match 8609531549 DONE in 28.5s
2026-02-21 13:54:53,745 | INFO | [109/3135] Match 8609507980 START
2026-02-21 13:54:53,745 | INFO | Match 8609507980: fetch overview
2026-02-21 13:55:03,004 | INFO | Match 8609507980: parse overview
2026-02-21 13:55:07,083 | INFO | Match 8609507980: fetch lanes
2026-02-21 13:57:30,166 | INFO | Match 8609507980: parse lanes
2026-02-21 13:57:30,169 | INFO | Match 8609507980: append to Excel
2026-02-21 13:57:34,414 | INFO | [109/3135] Match 8609507980 DONE in 160.7s
2026-02-21 13:57:38,261 | INFO | [110/3135] Match 8609513395 START
2026-02-21 13:57:38,262 | INFO | Match 8609513395: fetch overview
2026-02-21 13:57:48,469 | INFO | Match 8609513395: parse overview
2026-02-21 13:57:52,384 | INFO | Match 8609513395: fetch lanes
2026-02-21 14:00:15,245 | INFO | Match 8609513395: parse lanes
2026-02-21 14:00:15,246 | INFO | Match 8609513395: append to Excel
2026-02-21 14:00:19,465 | INFO | [110/3135] Match 8609513395 DONE in 161.2s
2026-02-21 14:00:22,625 | INFO | [111/3135] Match 8609532155 START
2026-02-21 14:00:22,625 | INFO | Match 8609532155: fetch overview
2026-02-21 14:00:32,964 | INFO | Match 8609532155: parse overview
2026-02-21 14:00:36,913 | INFO | Match 8609532155: fetch lanes
2026-02-21 14:00:45,267 | INFO | Match 8609532155: parse lanes
2026-02-21 14:00:45,351 | INFO | Match 8609532155: append to Excel
2026-02-21 14:00:50,124 | INFO | [111/3135] Match 8609532155 DONE in 27.5s
2026-02-21 14:00:53,043 | INFO | [112/3135] Match 8609530064 START
2026-02-21 14:00:53,043 | INFO | Match 8609530064: fetch overview
2026-02-21 14:01:02,519 | INFO | Match 8609530064: parse overview
2026-02-21 14:01:06,211 | INFO | Match 8609530064: fetch lanes
2026-02-21 14:03:28,846 | INFO | Match 8609530064: parse lanes
2026-02-21 14:03:28,847 | INFO | Match 8609530064: append to Excel
2026-02-21 14:03:33,319 | INFO | [112/3135] Match 8609530064 DONE in 160.3s
2026-02-21 14:03:36,390 | INFO | [113/3135] Match 8609540415 START
2026-02-21 14:03:36,391 | INFO | Match 8609540415: fetch overview
2026-02-21 14:03:46,425 | INFO | Match 8609540415: parse overview
2026-02-21 14:03:50,106 | INFO | Match 8609540415: fetch lanes
2026-02-21 14:06:13,462 | INFO | Match 8609540415: parse lanes
2026-02-21 14:06:13,463 | INFO | Match 8609540415: append to Excel
2026-02-21 14:06:18,011 | INFO | [113/3135] Match 8609540415 DONE in 161.6s
2026-02-21 14:06:21,697 | INFO | [114/3135] Match 8609536731 START
2026-02-21 14:06:21,698 | INFO | Match 8609536731: fetch overview
2026-02-21 14:06:31,862 | INFO | Match 8609536731: parse overview
2026-02-21 14:06:35,688 | INFO | Match 8609536731: fetch lanes
2026-02-21 14:06:44,677 | INFO | Match 8609536731: parse lanes
2026-02-21 14:06:44,736 | INFO | Match 8609536731: append to Excel
2026-02-21 14:06:48,969 | INFO | [114/3135] Match 8609536731 DONE in 27.3s
2026-02-21 14:06:51,961 | INFO | [115/3135] Match 8609549198 START
2026-02-21 14:06:51,962 | INFO | Match 8609549198: fetch overview
2026-02-21 14:07:01,752 | INFO | Match 8609549198: parse overview
2026-02-21 14:07:05,945 | INFO | Match 8609549198: fetch lanes
2026-02-21 14:07:14,725 | INFO | Match 8609549198: parse lanes
2026-02-21 14:07:14,793 | INFO | Match 8609549198: append to Excel
2026-02-21 14:07:19,183 | INFO | [115/3135] Match 8609549198 DONE in 27.2s
2026-02-21 14:07:21,641 | INFO | [116/3135] Match 8609548354 START
2026-02-21 14:07:21,641 | INFO | Match 8609548354: fetch overview
2026-02-21 14:07:31,545 | INFO | Match 8609548354: parse overview
2026-02-21 14:07:36,045 | INFO | Match 8609548354: fetch lanes
2026-02-21 14:09:59,252 | INFO | Match 8609548354: parse lanes
2026-02-21 14:09:59,254 | INFO | Match 8609548354: append to Excel
2026-02-21 14:10:04,095 | INFO | [116/3135] Match 8609548354 DONE in 162.5s
2026-02-21 14:10:06,284 | INFO | [117/3135] Match 8609541653 START
2026-02-21 14:10:06,284 | INFO | Match 8609541653: fetch overview
2026-02-21 14:10:16,777 | INFO | Match 8609541653: parse overview
2026-02-21 14:10:19,950 | INFO | Match 8609541653: fetch lanes
2026-02-21 14:10:28,373 | INFO | Match 8609541653: parse lanes
2026-02-21 14:10:28,431 | INFO | Match 8609541653: append to Excel
2026-02-21 14:10:32,988 | INFO | [117/3135] Match 8609541653 DONE in 26.7s
2026-02-21 14:10:35,928 | INFO | [118/3135] Match 8609518913 START
2026-02-21 14:10:35,928 | INFO | Match 8609518913: fetch overview
2026-02-21 14:10:46,606 | INFO | Match 8609518913: parse overview
2026-02-21 14:10:49,867 | INFO | Match 8609518913: fetch lanes
2026-02-21 14:13:12,971 | INFO | Match 8609518913: parse lanes
2026-02-21 14:13:12,972 | INFO | Match 8609518913: append to Excel
2026-02-21 14:13:17,540 | INFO | [118/3135] Match 8609518913 DONE in 161.6s
2026-02-21 14:13:21,346 | INFO | [119/3135] Match 8609541977 START
2026-02-21 14:13:21,346 | INFO | Match 8609541977: fetch overview
2026-02-21 14:13:30,841 | INFO | Match 8609541977: parse overview
2026-02-21 14:13:34,183 | INFO | Match 8609541977: fetch lanes
2026-02-21 14:13:43,031 | INFO | Match 8609541977: parse lanes
2026-02-21 14:13:43,116 | INFO | Match 8609541977: append to Excel
2026-02-21 14:13:47,701 | INFO | [119/3135] Match 8609541977 DONE in 26.4s
2026-02-21 14:13:50,266 | INFO | [120/3135] Match 8609543075 START
2026-02-21 14:13:50,266 | INFO | Match 8609543075: fetch overview
2026-02-21 14:14:00,603 | INFO | Match 8609543075: parse overview
2026-02-21 14:14:05,386 | INFO | Match 8609543075: fetch lanes
2026-02-21 14:16:28,491 | INFO | Match 8609543075: parse lanes
2026-02-21 14:16:28,493 | INFO | Match 8609543075: append to Excel
2026-02-21 14:16:32,804 | INFO | [120/3135] Match 8609543075 DONE in 162.5s
2026-02-21 14:16:36,716 | INFO | [121/3135] Match 8609526833 START
2026-02-21 14:16:36,716 | INFO | Match 8609526833: fetch overview
2026-02-21 14:16:46,551 | INFO | Match 8609526833: parse overview
2026-02-21 14:16:50,202 | INFO | Match 8609526833: fetch lanes
2026-02-21 14:16:58,750 | INFO | Match 8609526833: parse lanes
2026-02-21 14:16:58,811 | INFO | Match 8609526833: append to Excel
2026-02-21 14:17:03,344 | INFO | [121/3135] Match 8609526833 DONE in 26.6s
2026-02-21 14:17:05,997 | INFO | [122/3135] Match 8609526966 START
2026-02-21 14:17:05,998 | INFO | Match 8609526966: fetch overview
2026-02-21 14:17:16,803 | INFO | Match 8609526966: parse overview
2026-02-21 14:17:20,150 | INFO | Match 8609526966: fetch lanes
2026-02-21 14:19:42,589 | INFO | Match 8609526966: parse lanes
2026-02-21 14:19:42,590 | INFO | Match 8609526966: append to Excel
2026-02-21 14:19:47,283 | INFO | [122/3135] Match 8609526966 DONE in 161.3s
2026-02-21 14:19:49,794 | INFO | [123/3135] Match 8609548776 START
2026-02-21 14:19:49,794 | INFO | Match 8609548776: fetch overview
2026-02-21 14:20:00,518 | INFO | Match 8609548776: parse overview
2026-02-21 14:20:03,863 | INFO | Match 8609548776: fetch lanes
2026-02-21 14:20:12,955 | INFO | Match 8609548776: parse lanes
2026-02-21 14:20:13,031 | INFO | Match 8609548776: append to Excel
2026-02-21 14:20:17,610 | INFO | [123/3135] Match 8609548776 DONE in 27.8s
2026-02-21 14:20:21,113 | INFO | [124/3135] Match 8609544643 START
2026-02-21 14:20:21,113 | INFO | Match 8609544643: fetch overview
2026-02-21 14:20:31,836 | INFO | Match 8609544643: parse overview
2026-02-21 14:20:36,534 | INFO | Match 8609544643: fetch lanes
2026-02-21 14:23:00,226 | INFO | Match 8609544643: parse lanes
2026-02-21 14:23:00,229 | INFO | Match 8609544643: append to Excel
2026-02-21 14:23:04,766 | INFO | [124/3135] Match 8609544643 DONE in 163.7s
2026-02-21 14:23:07,311 | INFO | [125/3135] Match 8609537228 START
2026-02-21 14:23:07,311 | INFO | Match 8609537228: fetch overview
2026-02-21 14:23:16,740 | INFO | Match 8609537228: parse overview
2026-02-21 14:23:20,602 | INFO | Match 8609537228: fetch lanes
2026-02-21 14:25:43,196 | INFO | Match 8609537228: parse lanes
2026-02-21 14:25:43,197 | INFO | Match 8609537228: append to Excel
2026-02-21 14:25:47,591 | INFO | [125/3135] Match 8609537228 DONE in 160.3s
2026-02-21 14:25:50,306 | INFO | [126/3135] Match 8609526327 START
2026-02-21 14:25:50,306 | INFO | Match 8609526327: fetch overview
2026-02-21 14:26:00,215 | INFO | Match 8609526327: parse overview
2026-02-21 14:26:04,109 | INFO | Match 8609526327: fetch lanes
2026-02-21 14:28:27,384 | INFO | Match 8609526327: parse lanes
2026-02-21 14:28:27,385 | INFO | Match 8609526327: append to Excel
2026-02-21 14:28:32,039 | INFO | [126/3135] Match 8609526327 DONE in 161.7s
2026-02-21 14:28:35,509 | INFO | [127/3135] Match 8609511654 START
2026-02-21 14:28:35,510 | INFO | Match 8609511654: fetch overview
2026-02-21 14:28:45,398 | INFO | Match 8609511654: parse overview
2026-02-21 14:28:49,146 | INFO | Match 8609511654: fetch lanes
2026-02-21 14:31:12,763 | INFO | Match 8609511654: parse lanes
2026-02-21 14:31:12,765 | INFO | Match 8609511654: append to Excel
2026-02-21 14:31:18,096 | INFO | [127/3135] Match 8609511654 DONE in 162.6s
2026-02-21 14:31:20,159 | INFO | [128/3135] Match 8609531849 START
2026-02-21 14:31:20,159 | INFO | Match 8609531849: fetch overview
2026-02-21 14:31:31,120 | INFO | Match 8609531849: parse overview
2026-02-21 14:31:35,670 | INFO | Match 8609531849: fetch lanes
2026-02-21 14:31:45,012 | INFO | Match 8609531849: parse lanes
2026-02-21 14:31:45,076 | INFO | Match 8609531849: append to Excel
2026-02-21 14:31:49,375 | INFO | [128/3135] Match 8609531849 DONE in 29.2s
2026-02-21 14:31:53,351 | INFO | [129/3135] Match 8609558048 START
2026-02-21 14:31:53,351 | INFO | Match 8609558048: fetch overview
2026-02-21 14:32:03,043 | INFO | Match 8609558048: parse overview
2026-02-21 14:32:07,396 | INFO | Match 8609558048: fetch lanes
2026-02-21 14:32:16,536 | INFO | Match 8609558048: parse lanes
2026-02-21 14:32:16,622 | INFO | Match 8609558048: append to Excel
2026-02-21 14:32:21,988 | INFO | [129/3135] Match 8609558048 DONE in 28.6s
2026-02-21 14:32:25,670 | INFO | [130/3135] Match 8609533958 START
2026-02-21 14:32:25,670 | INFO | Match 8609533958: fetch overview
2026-02-21 14:32:36,680 | INFO | Match 8609533958: parse overview
2026-02-21 14:32:41,797 | INFO | Match 8609533958: fetch lanes
2026-02-21 14:32:50,040 | INFO | Match 8609533958: parse lanes
2026-02-21 14:32:50,134 | INFO | Match 8609533958: append to Excel
2026-02-21 14:32:54,843 | INFO | [130/3135] Match 8609533958 DONE in 29.2s
2026-02-21 14:32:58,064 | INFO | [131/3135] Match 8609507575 START
2026-02-21 14:32:58,064 | INFO | Match 8609507575: fetch overview
2026-02-21 14:33:07,616 | INFO | Match 8609507575: parse overview
2026-02-21 14:33:11,781 | INFO | Match 8609507575: fetch lanes
2026-02-21 14:35:34,529 | INFO | Match 8609507575: parse lanes
2026-02-21 14:35:34,530 | INFO | Match 8609507575: append to Excel
2026-02-21 14:35:39,266 | INFO | [131/3135] Match 8609507575 DONE in 161.2s
2026-02-21 14:35:41,641 | INFO | [132/3135] Match 8609538201 START
2026-02-21 14:35:41,642 | INFO | Match 8609538201: fetch overview
2026-02-21 14:35:51,596 | INFO | Match 8609538201: parse overview
2026-02-21 14:35:55,081 | INFO | Match 8609538201: fetch lanes
2026-02-21 14:38:18,457 | INFO | Match 8609538201: parse lanes
2026-02-21 14:38:18,458 | INFO | Match 8609538201: append to Excel
2026-02-21 14:38:23,348 | INFO | [132/3135] Match 8609538201 DONE in 161.7s
2026-02-21 14:38:25,564 | INFO | [133/3135] Match 8609560215 START
2026-02-21 14:38:25,564 | INFO | Match 8609560215: fetch overview
2026-02-21 14:38:35,330 | INFO | Match 8609560215: parse overview
2026-02-21 14:38:39,032 | INFO | Match 8609560215: fetch lanes
2026-02-21 14:38:48,028 | INFO | Match 8609560215: parse lanes
2026-02-21 14:38:48,094 | INFO | Match 8609560215: append to Excel
2026-02-21 14:38:52,696 | INFO | [133/3135] Match 8609560215 DONE in 27.1s
2026-02-21 14:38:54,881 | INFO | [134/3135] Match 8609550579 START
2026-02-21 14:38:54,881 | INFO | Match 8609550579: fetch overview
2026-02-21 14:39:05,850 | INFO | Match 8609550579: parse overview
2026-02-21 14:39:09,161 | INFO | Match 8609550579: fetch lanes
2026-02-21 14:39:18,177 | INFO | Match 8609550579: parse lanes
2026-02-21 14:39:18,239 | INFO | Match 8609550579: append to Excel
2026-02-21 14:39:22,786 | INFO | [134/3135] Match 8609550579 DONE in 27.9s
2026-02-21 14:39:26,669 | INFO | [135/3135] Match 8609556211 START
2026-02-21 14:39:26,670 | INFO | Match 8609556211: fetch overview
2026-02-21 14:39:36,097 | INFO | Match 8609556211: parse overview
2026-02-21 14:39:40,578 | INFO | Match 8609556211: fetch lanes
2026-02-21 14:42:03,737 | INFO | Match 8609556211: parse lanes
2026-02-21 14:42:03,740 | INFO | Match 8609556211: append to Excel
2026-02-21 14:42:08,323 | INFO | [135/3135] Match 8609556211 DONE in 161.7s
2026-02-21 14:42:10,828 | INFO | [136/3135] Match 8609553760 START
2026-02-21 14:42:10,828 | INFO | Match 8609553760: fetch overview
2026-02-21 14:42:21,994 | INFO | Match 8609553760: parse overview
2026-02-21 14:42:24,864 | INFO | Match 8609553760: fetch lanes
2026-02-21 14:42:33,762 | INFO | Match 8609553760: parse lanes
2026-02-21 14:42:33,927 | INFO | Match 8609553760: append to Excel
2026-02-21 14:42:39,403 | INFO | [136/3135] Match 8609553760 DONE in 28.6s
2026-02-21 14:42:41,437 | INFO | [137/3135] Match 8609556517 START
2026-02-21 14:42:41,437 | INFO | Match 8609556517: fetch overview
2026-02-21 14:42:51,670 | INFO | Match 8609556517: parse overview
2026-02-21 14:42:56,153 | INFO | Match 8609556517: fetch lanes
2026-02-21 14:43:04,510 | INFO | Match 8609556517: parse lanes
2026-02-21 14:43:04,576 | INFO | Match 8609556517: append to Excel
2026-02-21 14:43:09,110 | INFO | [137/3135] Match 8609556517 DONE in 27.7s
2026-02-21 14:43:13,082 | INFO | [138/3135] Match 8609552413 START
2026-02-21 14:43:13,082 | INFO | Match 8609552413: fetch overview
2026-02-21 14:43:23,466 | INFO | Match 8609552413: parse overview
2026-02-21 14:43:26,950 | INFO | Match 8609552413: fetch lanes
2026-02-21 14:45:50,705 | INFO | Match 8609552413: parse lanes
2026-02-21 14:45:50,709 | INFO | Match 8609552413: append to Excel
2026-02-21 14:45:55,636 | INFO | [138/3135] Match 8609552413 DONE in 162.6s
2026-02-21 14:45:57,756 | INFO | [139/3135] Match 8609484544 START
2026-02-21 14:45:57,756 | INFO | Match 8609484544: fetch overview
2026-02-21 14:46:07,838 | INFO | Match 8609484544: parse overview
2026-02-21 14:46:12,416 | INFO | Match 8609484544: fetch lanes
2026-02-21 14:48:35,047 | INFO | Match 8609484544: parse lanes
2026-02-21 14:48:35,049 | INFO | Match 8609484544: append to Excel
2026-02-21 14:48:39,719 | INFO | [139/3135] Match 8609484544 DONE in 162.0s
2026-02-21 14:48:42,126 | INFO | [140/3135] Match 8609530933 START
2026-02-21 14:48:42,126 | INFO | Match 8609530933: fetch overview
2026-02-21 14:48:52,471 | INFO | Match 8609530933: parse overview
2026-02-21 14:48:57,088 | INFO | Match 8609530933: fetch lanes
2026-02-21 14:51:19,810 | INFO | Match 8609530933: parse lanes
2026-02-21 14:51:19,812 | INFO | Match 8609530933: append to Excel
2026-02-21 14:51:24,486 | INFO | [140/3135] Match 8609530933 DONE in 162.4s
2026-02-21 14:51:27,672 | INFO | [141/3135] Match 8609539987 START
2026-02-21 14:51:27,672 | INFO | Match 8609539987: fetch overview
2026-02-21 14:51:37,528 | INFO | Match 8609539987: parse overview
2026-02-21 14:51:41,154 | INFO | Match 8609539987: fetch lanes
2026-02-21 14:54:03,628 | INFO | Match 8609539987: parse lanes
2026-02-21 14:54:03,631 | INFO | Match 8609539987: append to Excel
2026-02-21 14:54:09,018 | INFO | [141/3135] Match 8609539987 DONE in 161.3s
2026-02-21 14:54:12,836 | INFO | [142/3135] Match 8609551900 START
2026-02-21 14:54:12,836 | INFO | Match 8609551900: fetch overview
2026-02-21 14:54:23,167 | INFO | Match 8609551900: parse overview
2026-02-21 14:54:26,200 | INFO | Match 8609551900: fetch lanes
2026-02-21 14:54:34,850 | INFO | Match 8609551900: parse lanes
2026-02-21 14:54:35,204 | INFO | Match 8609551900: append to Excel
2026-02-21 14:54:39,568 | INFO | [142/3135] Match 8609551900 DONE in 26.7s
2026-02-21 14:54:41,772 | INFO | [143/3135] Match 8609542867 START
2026-02-21 14:54:41,772 | INFO | Match 8609542867: fetch overview
2026-02-21 14:54:52,078 | INFO | Match 8609542867: parse overview
2026-02-21 14:54:54,866 | INFO | Match 8609542867: fetch lanes
2026-02-21 14:55:04,168 | INFO | Match 8609542867: parse lanes
2026-02-21 14:55:04,232 | INFO | Match 8609542867: append to Excel
2026-02-21 14:55:09,005 | INFO | [143/3135] Match 8609542867 DONE in 27.2s
2026-02-21 14:55:11,245 | INFO | [144/3135] Match 8609535654 START
2026-02-21 14:55:11,245 | INFO | Match 8609535654: fetch overview
2026-02-21 14:55:21,590 | INFO | Match 8609535654: parse overview
2026-02-21 14:55:24,852 | INFO | Match 8609535654: fetch lanes
2026-02-21 14:57:48,004 | INFO | Match 8609535654: parse lanes
2026-02-21 14:57:48,007 | INFO | Match 8609535654: append to Excel
2026-02-21 14:57:52,995 | INFO | [144/3135] Match 8609535654 DONE in 161.8s
2026-02-21 14:57:56,237 | INFO | [145/3135] Match 8609545880 START
2026-02-21 14:57:56,237 | INFO | Match 8609545880: fetch overview
2026-02-21 14:58:05,439 | INFO | Match 8609545880: parse overview
2026-02-21 14:58:10,366 | INFO | Match 8609545880: fetch lanes
2026-02-21 15:00:33,173 | INFO | Match 8609545880: parse lanes
2026-02-21 15:00:33,176 | INFO | Match 8609545880: append to Excel
2026-02-21 15:00:37,793 | INFO | [145/3135] Match 8609545880 DONE in 161.6s
2026-02-21 15:00:40,680 | INFO | [146/3135] Match 8609552668 START
2026-02-21 15:00:40,680 | INFO | Match 8609552668: fetch overview
2026-02-21 15:00:50,844 | INFO | Match 8609552668: parse overview
2026-02-21 15:00:55,448 | INFO | Match 8609552668: fetch lanes
2026-02-21 15:03:18,141 | INFO | Match 8609552668: parse lanes
2026-02-21 15:03:18,144 | INFO | Match 8609552668: append to Excel
2026-02-21 15:03:22,826 | INFO | [146/3135] Match 8609552668 DONE in 162.1s
2026-02-21 15:03:25,597 | INFO | [147/3135] Match 8609560119 START
2026-02-21 15:03:25,597 | INFO | Match 8609560119: fetch overview
2026-02-21 15:03:35,683 | INFO | Match 8609560119: parse overview
2026-02-21 15:03:40,487 | INFO | Match 8609560119: fetch lanes
2026-02-21 15:03:49,520 | INFO | Match 8609560119: parse lanes
2026-02-21 15:03:49,581 | INFO | Match 8609560119: append to Excel
2026-02-21 15:03:54,226 | INFO | [147/3135] Match 8609560119 DONE in 28.6s
2026-02-21 15:03:57,654 | INFO | [148/3135] Match 8609552830 START
2026-02-21 15:03:57,654 | INFO | Match 8609552830: fetch overview
2026-02-21 15:04:07,184 | INFO | Match 8609552830: parse overview
2026-02-21 15:04:11,222 | INFO | Match 8609552830: fetch lanes
2026-02-21 15:06:34,332 | INFO | Match 8609552830: parse lanes
2026-02-21 15:06:34,334 | INFO | Match 8609552830: append to Excel
2026-02-21 15:06:39,315 | INFO | [148/3135] Match 8609552830 DONE in 161.7s
2026-02-21 15:06:42,281 | INFO | [149/3135] Match 8609565025 START
2026-02-21 15:06:42,282 | INFO | Match 8609565025: fetch overview
2026-02-21 15:06:53,104 | INFO | Match 8609565025: parse overview
2026-02-21 15:06:56,100 | INFO | Match 8609565025: fetch lanes
2026-02-21 15:07:05,597 | INFO | Match 8609565025: parse lanes
2026-02-21 15:07:05,671 | INFO | Match 8609565025: append to Excel
2026-02-21 15:07:10,698 | INFO | [149/3135] Match 8609565025 DONE in 28.4s
2026-02-21 15:07:13,769 | INFO | [150/3135] Match 8609570221 START
2026-02-21 15:07:13,769 | INFO | Match 8609570221: fetch overview
2026-02-21 15:07:24,041 | INFO | Match 8609570221: parse overview
2026-02-21 15:07:27,679 | INFO | Match 8609570221: fetch lanes
2026-02-21 15:09:50,707 | INFO | Match 8609570221: parse lanes
2026-02-21 15:09:50,709 | INFO | Match 8609570221: append to Excel
2026-02-21 15:09:55,399 | INFO | [150/3135] Match 8609570221 DONE in 161.6s
2026-02-21 15:09:58,079 | INFO | [151/3135] Match 8609554879 START
2026-02-21 15:09:58,079 | INFO | Match 8609554879: fetch overview
2026-02-21 15:10:08,579 | INFO | Match 8609554879: parse overview
2026-02-21 15:10:12,256 | INFO | Match 8609554879: fetch lanes
2026-02-21 15:12:35,568 | INFO | Match 8609554879: parse lanes
2026-02-21 15:12:35,569 | INFO | Match 8609554879: append to Excel
2026-02-21 15:12:40,247 | INFO | [151/3135] Match 8609554879 DONE in 162.2s
2026-02-21 15:12:43,122 | INFO | [152/3135] Match 8609561842 START
2026-02-21 15:12:43,122 | INFO | Match 8609561842: fetch overview
2026-02-21 15:12:53,016 | INFO | Match 8609561842: parse overview
2026-02-21 15:12:56,971 | INFO | Match 8609561842: fetch lanes
2026-02-21 15:13:06,275 | INFO | Match 8609561842: parse lanes
2026-02-21 15:13:06,414 | INFO | Match 8609561842: append to Excel
2026-02-21 15:13:11,265 | INFO | [152/3135] Match 8609561842 DONE in 28.1s
2026-02-21 15:13:14,810 | INFO | [153/3135] Match 8609536436 START
2026-02-21 15:13:14,810 | INFO | Match 8609536436: fetch overview
2026-02-21 15:13:25,227 | INFO | Match 8609536436: parse overview
2026-02-21 15:13:28,305 | INFO | Match 8609536436: fetch lanes
2026-02-21 15:13:36,806 | INFO | Match 8609536436: parse lanes
2026-02-21 15:13:37,247 | INFO | Match 8609536436: append to Excel
2026-02-21 15:13:42,017 | INFO | [153/3135] Match 8609536436 DONE in 27.2s
2026-02-21 15:13:45,873 | INFO | [154/3135] Match 8609567244 START
2026-02-21 15:13:45,874 | INFO | Match 8609567244: fetch overview
2026-02-21 15:13:55,624 | INFO | Match 8609567244: parse overview
2026-02-21 15:13:58,838 | INFO | Match 8609567244: fetch lanes
2026-02-21 15:14:07,773 | INFO | Match 8609567244: parse lanes
2026-02-21 15:14:07,839 | INFO | Match 8609567244: append to Excel
2026-02-21 15:14:12,704 | INFO | [154/3135] Match 8609567244 DONE in 26.8s
2026-02-21 15:14:15,455 | INFO | [155/3135] Match 8609573307 START
2026-02-21 15:14:15,455 | INFO | Match 8609573307: fetch overview
2026-02-21 15:14:25,715 | INFO | Match 8609573307: parse overview
2026-02-21 15:14:29,717 | INFO | Match 8609573307: fetch lanes
2026-02-21 15:16:52,794 | INFO | Match 8609573307: parse lanes
2026-02-21 15:16:52,796 | INFO | Match 8609573307: append to Excel
2026-02-21 15:16:57,411 | INFO | [155/3135] Match 8609573307 DONE in 162.0s
2026-02-21 15:17:00,644 | INFO | [156/3135] Match 8609542848 START
2026-02-21 15:17:00,644 | INFO | Match 8609542848: fetch overview
2026-02-21 15:17:10,412 | INFO | Match 8609542848: parse overview
2026-02-21 15:17:14,562 | INFO | Match 8609542848: fetch lanes
2026-02-21 15:19:37,861 | INFO | Match 8609542848: parse lanes
2026-02-21 15:19:37,864 | INFO | Match 8609542848: append to Excel
2026-02-21 15:19:42,740 | INFO | [156/3135] Match 8609542848 DONE in 162.1s
2026-02-21 15:19:46,062 | INFO | [157/3135] Match 8609537061 START
2026-02-21 15:19:46,062 | INFO | Match 8609537061: fetch overview
2026-02-21 15:19:56,081 | INFO | Match 8609537061: parse overview
2026-02-21 15:20:00,607 | INFO | Match 8609537061: fetch lanes
2026-02-21 15:20:09,398 | INFO | Match 8609537061: parse lanes
2026-02-21 15:20:09,457 | INFO | Match 8609537061: append to Excel
2026-02-21 15:20:14,121 | INFO | [157/3135] Match 8609537061 DONE in 28.1s
2026-02-21 15:20:16,755 | INFO | [158/3135] Match 8609540451 START
2026-02-21 15:20:16,756 | INFO | Match 8609540451: fetch overview
2026-02-21 15:20:27,617 | INFO | Match 8609540451: parse overview
2026-02-21 15:20:32,683 | INFO | Match 8609540451: fetch lanes
2026-02-21 15:20:41,061 | INFO | Match 8609540451: parse lanes
2026-02-21 15:20:41,131 | INFO | Match 8609540451: append to Excel
2026-02-21 15:20:45,830 | INFO | [158/3135] Match 8609540451 DONE in 29.1s
2026-02-21 15:20:49,501 | INFO | [159/3135] Match 8609572224 START
2026-02-21 15:20:49,501 | INFO | Match 8609572224: fetch overview
2026-02-21 15:20:59,903 | INFO | Match 8609572224: parse overview
2026-02-21 15:21:03,390 | INFO | Match 8609572224: fetch lanes
2026-02-21 15:21:12,329 | INFO | Match 8609572224: parse lanes
2026-02-21 15:21:12,391 | INFO | Match 8609572224: append to Excel
2026-02-21 15:21:17,261 | INFO | [159/3135] Match 8609572224 DONE in 27.8s
2026-02-21 15:21:21,122 | INFO | [160/3135] Match 8609545559 START
2026-02-21 15:21:21,122 | INFO | Match 8609545559: fetch overview
2026-02-21 15:21:30,747 | INFO | Match 8609545559: parse overview
2026-02-21 15:21:35,307 | INFO | Match 8609545559: fetch lanes
2026-02-21 15:21:43,691 | INFO | Match 8609545559: parse lanes
2026-02-21 15:21:43,788 | INFO | Match 8609545559: append to Excel
2026-02-21 15:21:48,992 | INFO | [160/3135] Match 8609545559 DONE in 27.9s
2026-02-21 15:21:51,781 | INFO | [161/3135] Match 8609545559 START
2026-02-21 15:21:51,782 | INFO | Match 8609545559: fetch overview
2026-02-21 15:22:01,145 | INFO | Match 8609545559: parse overview
2026-02-21 15:22:05,642 | INFO | Match 8609545559: fetch lanes
2026-02-21 15:22:14,447 | INFO | Match 8609545559: parse lanes
2026-02-21 15:22:14,516 | INFO | Match 8609545559: append to Excel
2026-02-21 15:22:17,851 | INFO | Match 8609545559: already in Excel, skip append
2026-02-21 15:22:17,852 | INFO | [161/3135] Match 8609545559 DONE in 26.1s
2026-02-21 15:22:20,627 | INFO | [162/3135] Match 8609552820 START
2026-02-21 15:22:20,627 | INFO | Match 8609552820: fetch overview
2026-02-21 15:22:32,639 | INFO | Match 8609552820: parse overview
2026-02-21 15:22:36,987 | INFO | Match 8609552820: fetch lanes
2026-02-21 15:25:00,307 | INFO | Match 8609552820: parse lanes
2026-02-21 15:25:00,311 | INFO | Match 8609552820: append to Excel
2026-02-21 15:25:06,247 | INFO | [162/3135] Match 8609552820 DONE in 165.6s
2026-02-21 15:25:08,625 | INFO | [163/3135] Match 8609556933 START
2026-02-21 15:25:08,625 | INFO | Match 8609556933: fetch overview
2026-02-21 15:25:19,180 | INFO | Match 8609556933: parse overview
2026-02-21 15:25:23,109 | INFO | Match 8609556933: fetch lanes
2026-02-21 15:27:46,726 | INFO | Match 8609556933: parse lanes
2026-02-21 15:27:46,729 | INFO | Match 8609556933: append to Excel
2026-02-21 15:27:51,567 | INFO | [163/3135] Match 8609556933 DONE in 162.9s
2026-02-21 15:27:54,897 | INFO | [164/3135] Match 8609558516 START
2026-02-21 15:27:54,897 | INFO | Match 8609558516: fetch overview
2026-02-21 15:28:05,106 | INFO | Match 8609558516: parse overview
2026-02-21 15:28:08,543 | INFO | Match 8609558516: fetch lanes
2026-02-21 15:30:31,295 | INFO | Match 8609558516: parse lanes
2026-02-21 15:30:31,296 | INFO | Match 8609558516: append to Excel
2026-02-21 15:30:36,669 | INFO | [164/3135] Match 8609558516 DONE in 161.8s
2026-02-21 15:30:40,507 | INFO | [165/3135] Match 8609553144 START
2026-02-21 15:30:40,507 | INFO | Match 8609553144: fetch overview
2026-02-21 15:30:50,792 | INFO | Match 8609553144: parse overview
2026-02-21 15:30:54,074 | INFO | Match 8609553144: fetch lanes
2026-02-21 15:33:16,681 | INFO | Match 8609553144: parse lanes
2026-02-21 15:33:16,682 | INFO | Match 8609553144: append to Excel
2026-02-21 15:33:21,878 | INFO | [165/3135] Match 8609553144 DONE in 161.4s
2026-02-21 15:33:24,723 | INFO | [166/3135] Match 8609549199 START
2026-02-21 15:33:24,723 | INFO | Match 8609549199: fetch overview
2026-02-21 15:33:35,103 | INFO | Match 8609549199: parse overview
2026-02-21 15:33:39,721 | INFO | Match 8609549199: fetch lanes
2026-02-21 15:33:48,792 | INFO | Match 8609549199: parse lanes
2026-02-21 15:33:48,866 | INFO | Match 8609549199: append to Excel
2026-02-21 15:33:53,520 | INFO | [166/3135] Match 8609549199 DONE in 28.8s
2026-02-21 15:33:57,164 | INFO | [167/3135] Match 8609564344 START
2026-02-21 15:33:57,164 | INFO | Match 8609564344: fetch overview
2026-02-21 15:34:08,272 | INFO | Match 8609564344: parse overview
2026-02-21 15:34:11,512 | INFO | Match 8609564344: fetch lanes
2026-02-21 15:34:20,930 | INFO | Match 8609564344: parse lanes
2026-02-21 15:34:21,427 | INFO | Match 8609564344: append to Excel
2026-02-21 15:34:26,023 | INFO | [167/3135] Match 8609564344 DONE in 28.9s
2026-02-21 15:34:29,097 | INFO | [168/3135] Match 8609549251 START
2026-02-21 15:34:29,097 | INFO | Match 8609549251: fetch overview
2026-02-21 15:34:39,183 | INFO | Match 8609549251: parse overview
2026-02-21 15:34:41,939 | INFO | Match 8609549251: fetch lanes
2026-02-21 15:37:04,519 | INFO | Match 8609549251: parse lanes
2026-02-21 15:37:04,521 | INFO | Match 8609549251: append to Excel
2026-02-21 15:37:09,468 | INFO | [168/3135] Match 8609549251 DONE in 160.4s
2026-02-21 15:37:13,172 | INFO | [169/3135] Match 8609553019 START
2026-02-21 15:37:13,172 | INFO | Match 8609553019: fetch overview
2026-02-21 15:37:24,284 | INFO | Match 8609553019: parse overview
2026-02-21 15:37:28,441 | INFO | Match 8609553019: fetch lanes
2026-02-21 15:37:37,627 | INFO | Match 8609553019: parse lanes
2026-02-21 15:37:37,685 | INFO | Match 8609553019: append to Excel
2026-02-21 15:37:42,395 | INFO | [169/3135] Match 8609553019 DONE in 29.2s
2026-02-21 15:37:45,195 | INFO | [170/3135] Match 8609547757 START
2026-02-21 15:37:45,195 | INFO | Match 8609547757: fetch overview
2026-02-21 15:37:56,535 | INFO | Match 8609547757: parse overview
2026-02-21 15:38:00,335 | INFO | Match 8609547757: fetch lanes
2026-02-21 15:38:09,523 | INFO | Match 8609547757: parse lanes
2026-02-21 15:38:09,584 | INFO | Match 8609547757: append to Excel
2026-02-21 15:38:14,129 | INFO | [170/3135] Match 8609547757 DONE in 28.9s
2026-02-21 15:38:17,709 | INFO | [171/3135] Match 8609547134 START
2026-02-21 15:38:17,709 | INFO | Match 8609547134: fetch overview
2026-02-21 15:38:27,334 | INFO | Match 8609547134: parse overview
2026-02-21 15:38:31,873 | INFO | Match 8609547134: fetch lanes
2026-02-21 15:40:54,737 | INFO | Match 8609547134: parse lanes
2026-02-21 15:40:54,740 | INFO | Match 8609547134: append to Excel
2026-02-21 15:40:59,979 | INFO | [171/3135] Match 8609547134 DONE in 162.3s
2026-02-21 15:41:03,781 | INFO | [172/3135] Match 8609540929 START
2026-02-21 15:41:03,781 | INFO | Match 8609540929: fetch overview
2026-02-21 15:41:15,027 | INFO | Match 8609540929: parse overview
2026-02-21 15:41:17,835 | INFO | Match 8609540929: fetch lanes
2026-02-21 15:41:26,678 | INFO | Match 8609540929: parse lanes
2026-02-21 15:41:26,745 | INFO | Match 8609540929: append to Excel
2026-02-21 15:41:31,973 | INFO | [172/3135] Match 8609540929 DONE in 28.2s
2026-02-21 15:41:35,822 | INFO | [173/3135] Match 8609549738 START
2026-02-21 15:41:35,823 | INFO | Match 8609549738: fetch overview
2026-02-21 15:41:46,442 | INFO | Match 8609549738: parse overview
2026-02-21 15:41:50,653 | INFO | Match 8609549738: fetch lanes
2026-02-21 15:41:59,283 | INFO | Match 8609549738: parse lanes
2026-02-21 15:41:59,354 | INFO | Match 8609549738: append to Excel
2026-02-21 15:42:04,179 | INFO | [173/3135] Match 8609549738 DONE in 28.4s
2026-02-21 15:42:07,127 | INFO | [174/3135] Match 8609550769 START
2026-02-21 15:42:07,127 | INFO | Match 8609550769: fetch overview
2026-02-21 15:42:17,652 | INFO | Match 8609550769: parse overview
2026-02-21 15:42:20,968 | INFO | Match 8609550769: fetch lanes
2026-02-21 15:42:29,359 | INFO | Match 8609550769: parse lanes
2026-02-21 15:42:29,426 | INFO | Match 8609550769: append to Excel
2026-02-21 15:42:34,419 | INFO | [174/3135] Match 8609550769 DONE in 27.3s
2026-02-21 15:42:37,372 | INFO | [175/3135] Match 8609540729 START
2026-02-21 15:42:37,372 | INFO | Match 8609540729: fetch overview
2026-02-21 15:42:47,094 | INFO | Match 8609540729: parse overview
2026-02-21 15:42:51,858 | INFO | Match 8609540729: fetch lanes
2026-02-21 15:43:00,773 | INFO | Match 8609540729: parse lanes
2026-02-21 15:43:00,838 | INFO | Match 8609540729: append to Excel
2026-02-21 15:43:05,739 | INFO | [175/3135] Match 8609540729 DONE in 28.4s
2026-02-21 15:43:09,229 | INFO | [176/3135] Match 8609559846 START
2026-02-21 15:43:09,229 | INFO | Match 8609559846: fetch overview
2026-02-21 15:43:19,957 | INFO | Match 8609559846: parse overview
2026-02-21 15:43:23,669 | INFO | Match 8609559846: fetch lanes
2026-02-21 15:45:46,976 | INFO | Match 8609559846: parse lanes
2026-02-21 15:45:46,979 | INFO | Match 8609559846: append to Excel
2026-02-21 15:45:52,927 | INFO | [176/3135] Match 8609559846 DONE in 163.7s
2026-02-21 15:45:56,846 | INFO | [177/3135] Match 8609547498 START
2026-02-21 15:45:56,846 | INFO | Match 8609547498: fetch overview
2026-02-21 15:46:07,744 | INFO | Match 8609547498: parse overview
2026-02-21 15:46:11,424 | INFO | Match 8609547498: fetch lanes
2026-02-21 15:46:20,187 | INFO | Match 8609547498: parse lanes
2026-02-21 15:46:20,260 | INFO | Match 8609547498: append to Excel
2026-02-21 15:46:25,530 | INFO | [177/3135] Match 8609547498 DONE in 28.7s
2026-02-21 15:46:28,200 | INFO | [178/3135] Match 8609561139 START
2026-02-21 15:46:28,200 | INFO | Match 8609561139: fetch overview
2026-02-21 15:46:39,402 | INFO | Match 8609561139: parse overview
2026-02-21 15:46:42,858 | INFO | Match 8609561139: fetch lanes
2026-02-21 15:49:06,068 | INFO | Match 8609561139: parse lanes
2026-02-21 15:49:06,069 | INFO | Match 8609561139: append to Excel
2026-02-21 15:49:10,751 | INFO | [178/3135] Match 8609561139 DONE in 162.6s
2026-02-21 15:49:13,000 | INFO | [179/3135] Match 8609556612 START
2026-02-21 15:49:13,001 | INFO | Match 8609556612: fetch overview
2026-02-21 15:49:23,867 | INFO | Match 8609556612: parse overview
2026-02-21 15:49:27,526 | INFO | Match 8609556612: fetch lanes
2026-02-21 15:49:36,651 | INFO | Match 8609556612: parse lanes
2026-02-21 15:49:36,709 | INFO | Match 8609556612: append to Excel
2026-02-21 15:49:41,327 | INFO | [179/3135] Match 8609556612 DONE in 28.3s
2026-02-21 15:49:44,756 | INFO | [180/3135] Match 8609539199 START
2026-02-21 15:49:44,756 | INFO | Match 8609539199: fetch overview
2026-02-21 15:49:55,214 | INFO | Match 8609539199: parse overview
2026-02-21 15:49:58,284 | INFO | Match 8609539199: fetch lanes
2026-02-21 15:52:21,927 | INFO | Match 8609539199: parse lanes
2026-02-21 15:52:21,930 | INFO | Match 8609539199: append to Excel
2026-02-21 15:52:27,138 | INFO | [180/3135] Match 8609539199 DONE in 162.4s
2026-02-21 15:52:29,617 | INFO | [181/3135] Match 8609572955 START
2026-02-21 15:52:29,617 | INFO | Match 8609572955: fetch overview
2026-02-21 15:52:39,867 | INFO | Match 8609572955: parse overview
2026-02-21 15:52:42,865 | INFO | Match 8609572955: fetch lanes
2026-02-21 15:52:51,543 | INFO | Match 8609572955: parse lanes
2026-02-21 15:52:51,633 | INFO | Match 8609572955: append to Excel
2026-02-21 15:52:57,044 | INFO | [181/3135] Match 8609572955 DONE in 27.4s
2026-02-21 15:52:59,881 | INFO | [182/3135] Match 8609534255 START
2026-02-21 15:52:59,881 | INFO | Match 8609534255: fetch overview
2026-02-21 15:53:10,395 | INFO | Match 8609534255: parse overview
2026-02-21 15:53:14,260 | INFO | Match 8609534255: fetch lanes
2026-02-21 15:53:24,168 | INFO | Match 8609534255: parse lanes
2026-02-21 15:53:24,230 | INFO | Match 8609534255: append to Excel
2026-02-21 15:53:29,084 | INFO | [182/3135] Match 8609534255 DONE in 29.2s
2026-02-21 15:53:31,690 | INFO | [183/3135] Match 8609561531 START
2026-02-21 15:53:31,691 | INFO | Match 8609561531: fetch overview
2026-02-21 15:53:41,868 | INFO | Match 8609561531: parse overview
2026-02-21 15:53:46,606 | INFO | Match 8609561531: fetch lanes
2026-02-21 15:53:55,663 | INFO | Match 8609561531: parse lanes
2026-02-21 15:53:55,728 | INFO | Match 8609561531: append to Excel
2026-02-21 15:54:00,736 | INFO | [183/3135] Match 8609561531 DONE in 29.0s
2026-02-21 15:54:04,614 | INFO | [184/3135] Match 8609536159 START
2026-02-21 15:54:04,614 | INFO | Match 8609536159: fetch overview
2026-02-21 15:54:15,351 | INFO | Match 8609536159: parse overview
2026-02-21 15:54:19,478 | INFO | Match 8609536159: fetch lanes
2026-02-21 15:54:29,206 | INFO | Match 8609536159: parse lanes
2026-02-21 15:54:29,273 | INFO | Match 8609536159: append to Excel
2026-02-21 15:54:34,092 | INFO | [184/3135] Match 8609536159 DONE in 29.5s
2026-02-21 15:54:36,099 | INFO | [185/3135] Match 8609560124 START
2026-02-21 15:54:36,099 | INFO | Match 8609560124: fetch overview
2026-02-21 15:54:46,809 | INFO | Match 8609560124: parse overview
2026-02-21 15:54:50,416 | INFO | Match 8609560124: fetch lanes
2026-02-21 15:54:59,458 | INFO | Match 8609560124: parse lanes
2026-02-21 15:54:59,529 | INFO | Match 8609560124: append to Excel
2026-02-21 15:55:04,876 | INFO | [185/3135] Match 8609560124 DONE in 28.8s
2026-02-21 15:55:07,693 | INFO | [186/3135] Match 8609543345 START
2026-02-21 15:55:07,694 | INFO | Match 8609543345: fetch overview
2026-02-21 15:55:17,078 | INFO | Match 8609543345: parse overview
2026-02-21 15:55:21,580 | INFO | Match 8609543345: fetch lanes
2026-02-21 15:55:29,798 | INFO | Match 8609543345: parse lanes
2026-02-21 15:55:30,186 | INFO | Match 8609543345: append to Excel
2026-02-21 15:55:35,222 | INFO | [186/3135] Match 8609543345 DONE in 27.5s
2026-02-21 15:55:38,398 | INFO | [187/3135] Match 8609556700 START
2026-02-21 15:55:38,398 | INFO | Match 8609556700: fetch overview
2026-02-21 15:55:48,035 | INFO | Match 8609556700: parse overview
2026-02-21 15:55:53,047 | INFO | Match 8609556700: fetch lanes
2026-02-21 15:56:02,427 | INFO | Match 8609556700: parse lanes
2026-02-21 15:56:02,498 | INFO | Match 8609556700: append to Excel
2026-02-21 15:56:08,219 | INFO | [187/3135] Match 8609556700 DONE in 29.8s
2026-02-21 15:56:10,475 | INFO | [188/3135] Match 8609560152 START
2026-02-21 15:56:10,475 | INFO | Match 8609560152: fetch overview
2026-02-21 15:56:20,362 | INFO | Match 8609560152: parse overview
2026-02-21 15:56:23,495 | INFO | Match 8609560152: fetch lanes
2026-02-21 15:58:45,822 | INFO | Match 8609560152: parse lanes
2026-02-21 15:58:45,823 | INFO | Match 8609560152: append to Excel
2026-02-21 15:58:51,253 | INFO | [188/3135] Match 8609560152 DONE in 160.8s
2026-02-21 15:58:54,004 | INFO | [189/3135] Match 8609540885 START
2026-02-21 15:58:54,004 | INFO | Match 8609540885: fetch overview
2026-02-21 15:59:03,784 | INFO | Match 8609540885: parse overview
2026-02-21 15:59:07,896 | INFO | Match 8609540885: fetch lanes
2026-02-21 15:59:16,585 | INFO | Match 8609540885: parse lanes
2026-02-21 15:59:16,682 | INFO | Match 8609540885: append to Excel
2026-02-21 15:59:21,884 | INFO | [189/3135] Match 8609540885 DONE in 27.9s
2026-02-21 15:59:25,080 | INFO | [190/3135] Match 8609536386 START
2026-02-21 15:59:25,080 | INFO | Match 8609536386: fetch overview
2026-02-21 15:59:34,782 | INFO | Match 8609536386: parse overview
2026-02-21 15:59:37,715 | INFO | Match 8609536386: fetch lanes
2026-02-21 16:02:00,633 | INFO | Match 8609536386: parse lanes
2026-02-21 16:02:00,636 | INFO | Match 8609536386: append to Excel
2026-02-21 16:02:05,768 | INFO | [190/3135] Match 8609536386 DONE in 160.7s
2026-02-21 16:02:09,155 | INFO | [191/3135] Match 8609565180 START
2026-02-21 16:02:09,155 | INFO | Match 8609565180: fetch overview
2026-02-21 16:02:20,683 | INFO | Match 8609565180: parse overview
2026-02-21 16:02:23,907 | INFO | Match 8609565180: fetch lanes
2026-02-21 16:04:47,656 | INFO | Match 8609565180: parse lanes
2026-02-21 16:04:47,659 | INFO | Match 8609565180: append to Excel
2026-02-21 16:04:52,997 | INFO | [191/3135] Match 8609565180 DONE in 163.8s
2026-02-21 16:04:56,850 | INFO | [192/3135] Match 8609560199 START
2026-02-21 16:04:56,850 | INFO | Match 8609560199: fetch overview
2026-02-21 16:05:06,815 | INFO | Match 8609560199: parse overview
2026-02-21 16:05:10,570 | INFO | Match 8609560199: fetch lanes
2026-02-21 16:07:33,964 | INFO | Match 8609560199: parse lanes
2026-02-21 16:07:33,965 | INFO | Match 8609560199: append to Excel
2026-02-21 16:07:39,321 | INFO | [192/3135] Match 8609560199 DONE in 162.5s
2026-02-21 16:07:42,007 | INFO | [193/3135] Match 8609560199 START
2026-02-21 16:07:42,007 | INFO | Match 8609560199: fetch overview
2026-02-21 16:07:51,161 | INFO | Match 8609560199: parse overview
2026-02-21 16:07:54,453 | INFO | Match 8609560199: fetch lanes
2026-02-21 16:10:17,281 | INFO | Match 8609560199: parse lanes
2026-02-21 16:10:17,282 | INFO | Match 8609560199: append to Excel
2026-02-21 16:10:20,790 | INFO | Match 8609560199: already in Excel, skip append
2026-02-21 16:10:20,790 | INFO | [193/3135] Match 8609560199 DONE in 158.8s
2026-02-21 16:10:23,805 | INFO | [194/3135] Match 8609512736 START
2026-02-21 16:10:23,805 | INFO | Match 8609512736: fetch overview
2026-02-21 16:10:35,114 | INFO | Match 8609512736: parse overview
2026-02-21 16:10:39,920 | INFO | Match 8609512736: fetch lanes
2026-02-21 16:10:48,990 | INFO | Match 8609512736: parse lanes
2026-02-21 16:10:49,064 | INFO | Match 8609512736: append to Excel
2026-02-21 16:10:54,199 | INFO | [194/3135] Match 8609512736 DONE in 30.4s
2026-02-21 16:10:56,567 | INFO | [195/3135] Match 8609537821 START
2026-02-21 16:10:56,567 | INFO | Match 8609537821: fetch overview
2026-02-21 16:11:07,191 | INFO | Match 8609537821: parse overview
2026-02-21 16:11:10,126 | INFO | Match 8609537821: fetch lanes
2026-02-21 16:11:19,191 | INFO | Match 8609537821: parse lanes
2026-02-21 16:11:19,256 | INFO | Match 8609537821: append to Excel
2026-02-21 16:11:24,439 | INFO | [195/3135] Match 8609537821 DONE in 27.9s
2026-02-21 16:11:27,502 | INFO | [196/3135] Match 8609574558 START
2026-02-21 16:11:27,502 | INFO | Match 8609574558: fetch overview
2026-02-21 16:11:37,655 | INFO | Match 8609574558: parse overview
2026-02-21 16:11:42,166 | INFO | Match 8609574558: fetch lanes
2026-02-21 16:14:05,735 | INFO | Match 8609574558: parse lanes
2026-02-21 16:14:05,738 | INFO | Match 8609574558: append to Excel
2026-02-21 16:14:10,979 | INFO | [196/3135] Match 8609574558 DONE in 163.5s
2026-02-21 16:14:13,865 | INFO | [197/3135] Match 8609574563 START
2026-02-21 16:14:13,866 | INFO | Match 8609574563: fetch overview
2026-02-21 16:14:23,467 | INFO | Match 8609574563: parse overview
2026-02-21 16:14:27,366 | INFO | Match 8609574563: fetch lanes
2026-02-21 16:14:35,660 | INFO | Match 8609574563: parse lanes
2026-02-21 16:14:35,719 | INFO | Match 8609574563: append to Excel
2026-02-21 16:14:40,598 | INFO | [197/3135] Match 8609574563 DONE in 26.7s
2026-02-21 16:14:43,210 | INFO | [198/3135] Match 8609556827 START
2026-02-21 16:14:43,210 | INFO | Match 8609556827: fetch overview
2026-02-21 16:14:53,502 | INFO | Match 8609556827: parse overview
2026-02-21 16:14:57,606 | INFO | Match 8609556827: fetch lanes
2026-02-21 16:15:06,753 | INFO | Match 8609556827: parse lanes
2026-02-21 16:15:06,816 | INFO | Match 8609556827: append to Excel
2026-02-21 16:15:11,911 | INFO | [198/3135] Match 8609556827 DONE in 28.7s
2026-02-21 16:15:15,233 | INFO | [199/3135] Match 8609544586 START
2026-02-21 16:15:15,233 | INFO | Match 8609544586: fetch overview
2026-02-21 16:15:25,008 | INFO | Match 8609544586: parse overview
2026-02-21 16:15:28,057 | INFO | Match 8609544586: fetch lanes
2026-02-21 16:15:36,625 | INFO | Match 8609544586: parse lanes
2026-02-21 16:15:36,688 | INFO | Match 8609544586: append to Excel
2026-02-21 16:15:41,996 | INFO | [199/3135] Match 8609544586 DONE in 26.8s
2026-02-21 16:15:45,752 | INFO | [200/3135] Match 8609544586 START
2026-02-21 16:15:45,752 | INFO | Match 8609544586: fetch overview
2026-02-21 16:15:55,332 | INFO | Match 8609544586: parse overview
2026-02-21 16:15:58,618 | INFO | Match 8609544586: fetch lanes
2026-02-21 16:16:07,571 | INFO | Match 8609544586: parse lanes
2026-02-21 16:16:07,634 | INFO | Match 8609544586: append to Excel
2026-02-21 16:16:10,826 | INFO | Match 8609544586: already in Excel, skip append
2026-02-21 16:16:10,827 | INFO | [200/3135] Match 8609544586 DONE in 25.1s
2026-02-21 16:16:13,610 | INFO | [201/3135] Match 8609551535 START
2026-02-21 16:16:13,611 | INFO | Match 8609551535: fetch overview
2026-02-21 16:16:24,660 | INFO | Match 8609551535: parse overview
2026-02-21 16:16:29,123 | INFO | Match 8609551535: fetch lanes
2026-02-21 16:16:38,315 | INFO | Match 8609551535: parse lanes
2026-02-21 16:16:38,382 | INFO | Match 8609551535: append to Excel
2026-02-21 16:16:43,774 | INFO | [201/3135] Match 8609551535 DONE in 30.2s
2026-02-21 16:16:46,422 | INFO | [202/3135] Match 8609540153 START
2026-02-21 16:16:46,422 | INFO | Match 8609540153: fetch overview
2026-02-21 16:16:56,017 | INFO | Match 8609540153: parse overview
2026-02-21 16:17:00,473 | INFO | Match 8609540153: fetch lanes
2026-02-21 16:17:09,741 | INFO | Match 8609540153: parse lanes
2026-02-21 16:17:09,807 | INFO | Match 8609540153: append to Excel
2026-02-21 16:17:14,845 | INFO | [202/3135] Match 8609540153 DONE in 28.4s
2026-02-21 16:17:18,776 | INFO | [203/3135] Match 8609555278 START
2026-02-21 16:17:18,776 | INFO | Match 8609555278: fetch overview
2026-02-21 16:17:29,302 | INFO | Match 8609555278: parse overview
2026-02-21 16:17:33,919 | INFO | Match 8609555278: fetch lanes
2026-02-21 16:19:57,422 | INFO | Match 8609555278: parse lanes
2026-02-21 16:19:57,425 | INFO | Match 8609555278: append to Excel
2026-02-21 16:20:02,571 | INFO | [203/3135] Match 8609555278 DONE in 163.8s
2026-02-21 16:20:06,571 | INFO | [204/3135] Match 8609569881 START
2026-02-21 16:20:06,571 | INFO | Match 8609569881: fetch overview
2026-02-21 16:20:17,409 | INFO | Match 8609569881: parse overview
2026-02-21 16:20:20,628 | INFO | Match 8609569881: fetch lanes
2026-02-21 16:20:29,196 | INFO | Match 8609569881: parse lanes
2026-02-21 16:20:29,264 | INFO | Match 8609569881: append to Excel
2026-02-21 16:20:35,096 | INFO | [204/3135] Match 8609569881 DONE in 28.5s
2026-02-21 16:20:37,635 | INFO | [205/3135] Match 8609578097 START
2026-02-21 16:20:37,635 | INFO | Match 8609578097: fetch overview
2026-02-21 16:20:47,844 | INFO | Match 8609578097: parse overview
2026-02-21 16:20:52,102 | INFO | Match 8609578097: fetch lanes
2026-02-21 16:23:14,848 | INFO | Match 8609578097: parse lanes
2026-02-21 16:23:14,851 | INFO | Match 8609578097: append to Excel
2026-02-21 16:23:20,446 | INFO | [205/3135] Match 8609578097 DONE in 162.8s
2026-02-21 16:23:24,085 | INFO | [206/3135] Match 8609561890 START
2026-02-21 16:23:24,085 | INFO | Match 8609561890: fetch overview
2026-02-21 16:23:34,448 | INFO | Match 8609561890: parse overview
2026-02-21 16:23:39,012 | INFO | Match 8609561890: fetch lanes
2026-02-21 16:23:48,045 | INFO | Match 8609561890: parse lanes
2026-02-21 16:23:48,450 | INFO | Match 8609561890: append to Excel
2026-02-21 16:23:53,488 | INFO | [206/3135] Match 8609561890 DONE in 29.4s
2026-02-21 16:23:56,739 | INFO | [207/3135] Match 8609575790 START
2026-02-21 16:23:56,740 | INFO | Match 8609575790: fetch overview
2026-02-21 16:24:10,343 | INFO | Match 8609575790: parse overview
2026-02-21 16:24:14,227 | INFO | Match 8609575790: fetch lanes
2026-02-21 16:26:37,316 | INFO | Match 8609575790: parse lanes
2026-02-21 16:26:37,317 | INFO | Match 8609575790: append to Excel
2026-02-21 16:26:42,870 | INFO | [207/3135] Match 8609575790 DONE in 166.1s
2026-02-21 16:26:46,130 | INFO | [208/3135] Match 8609555933 START
2026-02-21 16:26:46,131 | INFO | Match 8609555933: fetch overview
2026-02-21 16:26:56,293 | INFO | Match 8609555933: parse overview
2026-02-21 16:26:59,354 | INFO | Match 8609555933: fetch lanes
2026-02-21 16:27:08,790 | INFO | Match 8609555933: parse lanes
2026-02-21 16:27:09,233 | INFO | Match 8609555933: append to Excel
2026-02-21 16:27:14,828 | INFO | [208/3135] Match 8609555933 DONE in 28.7s
2026-02-21 16:27:18,218 | INFO | [209/3135] Match 8609558276 START
2026-02-21 16:27:18,218 | INFO | Match 8609558276: fetch overview
2026-02-21 16:27:28,495 | INFO | Match 8609558276: parse overview
2026-02-21 16:27:31,694 | INFO | Match 8609558276: fetch lanes
2026-02-21 16:27:40,613 | INFO | Match 8609558276: parse lanes
2026-02-21 16:27:40,683 | INFO | Match 8609558276: append to Excel
2026-02-21 16:27:45,873 | INFO | [209/3135] Match 8609558276 DONE in 27.7s
2026-02-21 16:27:48,981 | INFO | [210/3135] Match 8609549910 START
2026-02-21 16:27:48,981 | INFO | Match 8609549910: fetch overview
2026-02-21 16:27:59,625 | INFO | Match 8609549910: parse overview
2026-02-21 16:28:03,508 | INFO | Match 8609549910: fetch lanes
2026-02-21 16:28:12,302 | INFO | Match 8609549910: parse lanes
2026-02-21 16:28:12,367 | INFO | Match 8609549910: append to Excel
2026-02-21 16:28:18,688 | INFO | [210/3135] Match 8609549910 DONE in 29.7s
2026-02-21 16:28:21,196 | INFO | [211/3135] Match 8609566494 START
2026-02-21 16:28:21,196 | INFO | Match 8609566494: fetch overview
2026-02-21 16:28:32,104 | INFO | Match 8609566494: parse overview
2026-02-21 16:28:35,897 | INFO | Match 8609566494: fetch lanes
2026-02-21 16:28:44,820 | INFO | Match 8609566494: parse lanes
2026-02-21 16:28:44,895 | INFO | Match 8609566494: append to Excel
2026-02-21 16:28:51,046 | INFO | [211/3135] Match 8609566494 DONE in 29.9s
2026-02-21 16:28:54,860 | INFO | [212/3135] Match 8609529414 START
2026-02-21 16:28:54,860 | INFO | Match 8609529414: fetch overview
2026-02-21 16:29:04,386 | INFO | Match 8609529414: parse overview
2026-02-21 16:29:08,000 | INFO | Match 8609529414: fetch lanes
2026-02-21 16:31:31,092 | INFO | Match 8609529414: parse lanes
2026-02-21 16:31:31,093 | INFO | Match 8609529414: append to Excel
2026-02-21 16:31:36,432 | INFO | [212/3135] Match 8609529414 DONE in 161.6s
2026-02-21 16:31:39,136 | INFO | [213/3135] Match 8609538444 START
2026-02-21 16:31:39,136 | INFO | Match 8609538444: fetch overview
2026-02-21 16:31:49,493 | INFO | Match 8609538444: parse overview
2026-02-21 16:31:54,246 | INFO | Match 8609538444: fetch lanes
2026-02-21 16:32:02,925 | INFO | Match 8609538444: parse lanes
2026-02-21 16:32:02,989 | INFO | Match 8609538444: append to Excel
2026-02-21 16:32:08,338 | INFO | [213/3135] Match 8609538444 DONE in 29.2s
2026-02-21 16:32:12,242 | INFO | [214/3135] Match 8609551912 START
2026-02-21 16:32:12,242 | INFO | Match 8609551912: fetch overview
2026-02-21 16:32:22,066 | INFO | Match 8609551912: parse overview
2026-02-21 16:32:25,950 | INFO | Match 8609551912: fetch lanes
2026-02-21 16:34:49,970 | INFO | Match 8609551912: parse lanes
2026-02-21 16:34:49,971 | INFO | Match 8609551912: append to Excel
2026-02-21 16:34:55,767 | INFO | [214/3135] Match 8609551912 DONE in 163.5s
2026-02-21 16:34:58,069 | INFO | [215/3135] Match 8609562140 START
2026-02-21 16:34:58,069 | INFO | Match 8609562140: fetch overview
2026-02-21 16:35:08,726 | INFO | Match 8609562140: parse overview
2026-02-21 16:35:13,354 | INFO | Match 8609562140: fetch lanes
2026-02-21 16:35:22,414 | INFO | Match 8609562140: parse lanes
2026-02-21 16:35:22,507 | INFO | Match 8609562140: append to Excel
2026-02-21 16:35:28,151 | INFO | [215/3135] Match 8609562140 DONE in 30.1s
2026-02-21 16:35:31,524 | INFO | [216/3135] Match 8609578626 START
2026-02-21 16:35:31,524 | INFO | Match 8609578626: fetch overview
2026-02-21 16:35:41,445 | INFO | Match 8609578626: parse overview
2026-02-21 16:35:46,407 | INFO | Match 8609578626: fetch lanes
2026-02-21 16:38:10,561 | INFO | Match 8609578626: parse lanes
2026-02-21 16:38:10,562 | INFO | Match 8609578626: append to Excel
2026-02-21 16:38:15,789 | INFO | [216/3135] Match 8609578626 DONE in 164.3s
2026-02-21 16:38:18,373 | INFO | [217/3135] Match 8609568303 START
2026-02-21 16:38:18,374 | INFO | Match 8609568303: fetch overview
2026-02-21 16:38:29,229 | INFO | Match 8609568303: parse overview
2026-02-21 16:38:33,460 | INFO | Match 8609568303: fetch lanes
2026-02-21 16:40:55,845 | INFO | Match 8609568303: parse lanes
2026-02-21 16:40:55,846 | INFO | Match 8609568303: append to Excel
2026-02-21 16:41:01,121 | INFO | [217/3135] Match 8609568303 DONE in 162.7s
2026-02-21 16:41:03,895 | INFO | [218/3135] Match 8609578080 START
2026-02-21 16:41:03,895 | INFO | Match 8609578080: fetch overview
2026-02-21 16:41:13,760 | INFO | Match 8609578080: parse overview
2026-02-21 16:41:18,194 | INFO | Match 8609578080: fetch lanes
2026-02-21 16:43:40,921 | INFO | Match 8609578080: parse lanes
2026-02-21 16:43:40,922 | INFO | Match 8609578080: append to Excel
2026-02-21 16:43:46,586 | INFO | [218/3135] Match 8609578080 DONE in 162.7s
2026-02-21 16:43:49,173 | INFO | [219/3135] Match 8609532408 START
2026-02-21 16:43:49,173 | INFO | Match 8609532408: fetch overview
2026-02-21 16:43:59,549 | INFO | Match 8609532408: parse overview
2026-02-21 16:44:02,812 | INFO | Match 8609532408: fetch lanes
2026-02-21 16:44:12,613 | INFO | Match 8609532408: parse lanes
2026-02-21 16:44:12,678 | INFO | Match 8609532408: append to Excel
2026-02-21 16:44:18,053 | INFO | [219/3135] Match 8609532408 DONE in 28.9s
2026-02-21 16:44:21,456 | INFO | [220/3135] Match 8609559613 START
2026-02-21 16:44:21,456 | INFO | Match 8609559613: fetch overview
2026-02-21 16:44:32,173 | INFO | Match 8609559613: parse overview
2026-02-21 16:44:35,382 | INFO | Match 8609559613: fetch lanes
2026-02-21 16:44:44,181 | INFO | Match 8609559613: parse lanes
2026-02-21 16:44:44,243 | INFO | Match 8609559613: append to Excel
2026-02-21 16:44:50,012 | INFO | [220/3135] Match 8609559613 DONE in 28.6s
2026-02-21 16:44:52,780 | INFO | [221/3135] Match 8609546494 START
2026-02-21 16:44:52,781 | INFO | Match 8609546494: fetch overview
2026-02-21 16:45:05,762 | INFO | Match 8609546494: parse overview
2026-02-21 16:45:08,691 | INFO | Match 8609546494: fetch lanes
2026-02-21 16:47:31,650 | INFO | Match 8609546494: parse lanes
2026-02-21 16:47:31,650 | INFO | Match 8609546494: append to Excel
2026-02-21 16:47:37,313 | INFO | [221/3135] Match 8609546494 DONE in 164.5s
2026-02-21 16:47:41,170 | INFO | [222/3135] Match 8609538487 START
2026-02-21 16:47:41,170 | INFO | Match 8609538487: fetch overview
2026-02-21 16:47:50,442 | INFO | Match 8609538487: parse overview
2026-02-21 16:47:53,146 | INFO | Match 8609538487: fetch lanes
2026-02-21 16:50:16,017 | INFO | Match 8609538487: parse lanes
2026-02-21 16:50:16,020 | INFO | Match 8609538487: append to Excel
2026-02-21 16:50:21,707 | INFO | [222/3135] Match 8609538487 DONE in 160.5s
2026-02-21 16:50:24,354 | INFO | [223/3135] Match 8609581077 START
2026-02-21 16:50:24,354 | INFO | Match 8609581077: fetch overview
2026-02-21 16:50:34,072 | INFO | Match 8609581077: parse overview
2026-02-21 16:50:38,360 | INFO | Match 8609581077: fetch lanes
2026-02-21 16:53:01,949 | INFO | Match 8609581077: parse lanes
2026-02-21 16:53:01,951 | INFO | Match 8609581077: append to Excel
2026-02-21 16:53:07,481 | INFO | [223/3135] Match 8609581077 DONE in 163.1s
2026-02-21 16:53:11,228 | INFO | [224/3135] Match 8609581490 START
2026-02-21 16:53:11,228 | INFO | Match 8609581490: fetch overview
2026-02-21 16:53:22,104 | INFO | Match 8609581490: parse overview
2026-02-21 16:53:25,740 | INFO | Match 8609581490: fetch lanes
2026-02-21 16:53:34,182 | INFO | Match 8609581490: parse lanes
2026-02-21 16:53:34,239 | INFO | Match 8609581490: append to Excel
2026-02-21 16:53:39,852 | INFO | [224/3135] Match 8609581490 DONE in 28.6s
2026-02-21 16:53:42,626 | INFO | [225/3135] Match 8609574092 START
2026-02-21 16:53:42,626 | INFO | Match 8609574092: fetch overview
2026-02-21 16:53:53,003 | INFO | Match 8609574092: parse overview
2026-02-21 16:53:56,859 | INFO | Match 8609574092: fetch lanes
2026-02-21 16:54:05,322 | INFO | Match 8609574092: parse lanes
2026-02-21 16:54:05,388 | INFO | Match 8609574092: append to Excel
2026-02-21 16:54:11,233 | INFO | [225/3135] Match 8609574092 DONE in 28.6s
2026-02-21 16:54:14,852 | INFO | [226/3135] Match 8609580248 START
2026-02-21 16:54:14,852 | INFO | Match 8609580248: fetch overview
2026-02-21 16:54:24,916 | INFO | Match 8609580248: parse overview
2026-02-21 16:54:28,634 | INFO | Match 8609580248: fetch lanes
2026-02-21 16:56:51,279 | INFO | Match 8609580248: parse lanes
2026-02-21 16:56:51,280 | INFO | Match 8609580248: append to Excel
2026-02-21 16:56:57,090 | INFO | [226/3135] Match 8609580248 DONE in 162.2s
2026-02-21 16:57:01,011 | INFO | [227/3135] Match 8609580248 START
2026-02-21 16:57:01,012 | INFO | Match 8609580248: fetch overview
2026-02-21 16:57:10,238 | INFO | Match 8609580248: parse overview
2026-02-21 16:57:14,795 | INFO | Match 8609580248: fetch lanes
2026-02-21 16:59:37,739 | INFO | Match 8609580248: parse lanes
2026-02-21 16:59:37,740 | INFO | Match 8609580248: append to Excel
2026-02-21 16:59:41,422 | INFO | Match 8609580248: already in Excel, skip append
2026-02-21 16:59:41,423 | INFO | [227/3135] Match 8609580248 DONE in 160.4s
2026-02-21 16:59:44,636 | INFO | [228/3135] Match 8609556597 START
2026-02-21 16:59:44,637 | INFO | Match 8609556597: fetch overview
2026-02-21 16:59:54,533 | INFO | Match 8609556597: parse overview
2026-02-21 16:59:58,803 | INFO | Match 8609556597: fetch lanes
2026-02-21 17:02:21,665 | INFO | Match 8609556597: parse lanes
2026-02-21 17:02:21,668 | INFO | Match 8609556597: append to Excel
2026-02-21 17:02:27,433 | INFO | [228/3135] Match 8609556597 DONE in 162.8s
2026-02-21 17:02:31,030 | INFO | [229/3135] Match 8609552902 START
2026-02-21 17:02:31,030 | INFO | Match 8609552902: fetch overview
2026-02-21 17:02:42,027 | INFO | Match 8609552902: parse overview
2026-02-21 17:02:45,754 | INFO | Match 8609552902: fetch lanes
2026-02-21 17:05:08,197 | INFO | Match 8609552902: parse lanes
2026-02-21 17:05:08,198 | INFO | Match 8609552902: append to Excel
2026-02-21 17:05:13,779 | INFO | [229/3135] Match 8609552902 DONE in 162.7s
2026-02-21 17:05:17,507 | INFO | [230/3135] Match 8609586040 START
2026-02-21 17:05:17,507 | INFO | Match 8609586040: fetch overview
2026-02-21 17:05:27,706 | INFO | Match 8609586040: parse overview
2026-02-21 17:05:31,438 | INFO | Match 8609586040: fetch lanes
2026-02-21 17:05:39,756 | INFO | Match 8609586040: parse lanes
2026-02-21 17:05:39,832 | INFO | Match 8609586040: append to Excel
2026-02-21 17:05:45,568 | INFO | [230/3135] Match 8609586040 DONE in 28.1s
2026-02-21 17:05:47,706 | INFO | [231/3135] Match 8609584594 START
2026-02-21 17:05:47,707 | INFO | Match 8609584594: fetch overview
2026-02-21 17:06:00,481 | INFO | Match 8609584594: parse overview
2026-02-21 17:06:03,815 | INFO | Match 8609584594: fetch lanes
2026-02-21 17:06:12,643 | INFO | Match 8609584594: parse lanes
2026-02-21 17:06:12,727 | INFO | Match 8609584594: append to Excel
2026-02-21 17:06:18,368 | INFO | [231/3135] Match 8609584594 DONE in 30.7s
2026-02-21 17:06:21,193 | INFO | [232/3135] Match 8609574480 START
2026-02-21 17:06:21,193 | INFO | Match 8609574480: fetch overview
2026-02-21 17:06:31,640 | INFO | Match 8609574480: parse overview
2026-02-21 17:06:35,102 | INFO | Match 8609574480: fetch lanes
2026-02-21 17:06:44,281 | INFO | Match 8609574480: parse lanes
2026-02-21 17:06:44,357 | INFO | Match 8609574480: append to Excel
2026-02-21 17:06:50,268 | INFO | [232/3135] Match 8609574480 DONE in 29.1s
2026-02-21 17:06:52,622 | INFO | [233/3135] Match 8609578140 START
2026-02-21 17:06:52,622 | INFO | Match 8609578140: fetch overview
2026-02-21 17:07:02,924 | INFO | Match 8609578140: parse overview
2026-02-21 17:07:06,484 | INFO | Match 8609578140: fetch lanes
2026-02-21 17:09:29,818 | INFO | Match 8609578140: parse lanes
2026-02-21 17:09:29,819 | INFO | Match 8609578140: append to Excel
2026-02-21 17:09:35,633 | INFO | [233/3135] Match 8609578140 DONE in 163.0s
2026-02-21 17:09:39,035 | INFO | [234/3135] Match 8609582487 START
2026-02-21 17:09:39,035 | INFO | Match 8609582487: fetch overview
2026-02-21 17:09:49,303 | INFO | Match 8609582487: parse overview
2026-02-21 17:09:52,597 | INFO | Match 8609582487: fetch lanes
2026-02-21 17:12:15,189 | INFO | Match 8609582487: parse lanes
2026-02-21 17:12:15,190 | INFO | Match 8609582487: append to Excel
2026-02-21 17:12:21,029 | INFO | [234/3135] Match 8609582487 DONE in 162.0s
2026-02-21 17:12:24,564 | INFO | [235/3135] Match 8609584278 START
2026-02-21 17:12:24,564 | INFO | Match 8609584278: fetch overview
2026-02-21 17:12:35,415 | INFO | Match 8609584278: parse overview
2026-02-21 17:12:38,784 | INFO | Match 8609584278: fetch lanes
2026-02-21 17:12:47,249 | INFO | Match 8609584278: parse lanes
2026-02-21 17:12:47,317 | INFO | Match 8609584278: append to Excel
2026-02-21 17:12:52,976 | INFO | [235/3135] Match 8609584278 DONE in 28.4s
2026-02-21 17:12:56,211 | INFO | [236/3135] Match 8609577445 START
2026-02-21 17:12:56,211 | INFO | Match 8609577445: fetch overview
2026-02-21 17:13:07,058 | INFO | Match 8609577445: parse overview
2026-02-21 17:13:10,113 | INFO | Match 8609577445: fetch lanes
2026-02-21 17:13:18,355 | INFO | Match 8609577445: parse lanes
2026-02-21 17:13:18,444 | INFO | Match 8609577445: append to Excel
2026-02-21 17:13:26,893 | INFO | [236/3135] Match 8609577445 DONE in 30.7s
2026-02-21 17:13:29,562 | INFO | [237/3135] Match 8609543776 START
2026-02-21 17:13:29,562 | INFO | Match 8609543776: fetch overview
2026-02-21 17:13:39,752 | INFO | Match 8609543776: parse overview
2026-02-21 17:13:44,351 | INFO | Match 8609543776: fetch lanes
2026-02-21 17:16:07,815 | INFO | Match 8609543776: parse lanes
2026-02-21 17:16:07,816 | INFO | Match 8609543776: append to Excel
2026-02-21 17:16:13,915 | INFO | [237/3135] Match 8609543776 DONE in 164.4s
2026-02-21 17:16:17,052 | INFO | [238/3135] Match 8609552817 START
2026-02-21 17:16:17,052 | INFO | Match 8609552817: fetch overview
2026-02-21 17:16:27,686 | INFO | Match 8609552817: parse overview
2026-02-21 17:16:32,148 | INFO | Match 8609552817: fetch lanes
2026-02-21 17:18:55,402 | INFO | Match 8609552817: parse lanes
2026-02-21 17:18:55,403 | INFO | Match 8609552817: append to Excel
2026-02-21 17:19:01,707 | INFO | [238/3135] Match 8609552817 DONE in 164.7s
2026-02-21 17:19:05,213 | INFO | [239/3135] Match 8609543284 START
2026-02-21 17:19:05,214 | INFO | Match 8609543284: fetch overview
2026-02-21 17:19:15,127 | INFO | Match 8609543284: parse overview
2026-02-21 17:19:18,467 | INFO | Match 8609543284: fetch lanes
2026-02-21 17:19:27,149 | INFO | Match 8609543284: parse lanes
2026-02-21 17:19:27,218 | INFO | Match 8609543284: append to Excel
2026-02-21 17:19:33,009 | INFO | [239/3135] Match 8609543284 DONE in 27.8s
2026-02-21 17:19:35,968 | INFO | [240/3135] Match 8609555743 START
2026-02-21 17:19:35,968 | INFO | Match 8609555743: fetch overview
2026-02-21 17:19:46,459 | INFO | Match 8609555743: parse overview
2026-02-21 17:19:50,084 | INFO | Match 8609555743: fetch lanes
2026-02-21 17:22:13,440 | INFO | Match 8609555743: parse lanes
2026-02-21 17:22:13,441 | INFO | Match 8609555743: append to Excel
2026-02-21 17:22:19,294 | INFO | [240/3135] Match 8609555743 DONE in 163.3s
2026-02-21 17:22:21,914 | INFO | [241/3135] Match 8609579818 START
2026-02-21 17:22:21,914 | INFO | Match 8609579818: fetch overview
2026-02-21 17:22:32,836 | INFO | Match 8609579818: parse overview
2026-02-21 17:22:38,192 | INFO | Match 8609579818: fetch lanes
2026-02-21 17:22:47,541 | INFO | Match 8609579818: parse lanes
2026-02-21 17:22:47,604 | INFO | Match 8609579818: append to Excel
2026-02-21 17:22:53,357 | INFO | [241/3135] Match 8609579818 DONE in 31.4s
2026-02-21 17:22:55,594 | INFO | [242/3135] Match 8609589616 START
2026-02-21 17:22:55,594 | INFO | Match 8609589616: fetch overview
2026-02-21 17:23:04,775 | INFO | Match 8609589616: parse overview
2026-02-21 17:23:07,579 | INFO | Match 8609589616: fetch lanes
2026-02-21 17:25:30,449 | INFO | Match 8609589616: parse lanes
2026-02-21 17:25:30,450 | INFO | Match 8609589616: append to Excel
2026-02-21 17:25:36,679 | INFO | [242/3135] Match 8609589616 DONE in 161.1s
2026-02-21 17:25:38,909 | INFO | [243/3135] Match 8609582584 START
2026-02-21 17:25:38,909 | INFO | Match 8609582584: fetch overview
2026-02-21 17:28:11,618 | INFO | Match 8609582584: parse overview
2026-02-21 17:28:15,391 | INFO | Match 8609582584: fetch lanes
2026-02-21 17:30:47,626 | INFO | Match 8609582584: parse lanes
2026-02-21 17:30:47,626 | INFO | Match 8609582584: append to Excel
2026-02-21 17:30:54,238 | INFO | [243/3135] Match 8609582584 DONE in 315.3s
2026-02-21 17:30:57,833 | INFO | [244/3135] Match 8609553975 START
2026-02-21 17:30:57,834 | INFO | Match 8609553975: fetch overview
2026-02-21 17:33:30,045 | INFO | Match 8609553975: parse overview
2026-02-21 17:33:33,942 | INFO | Match 8609553975: fetch lanes
2026-02-21 17:36:07,192 | INFO | Match 8609553975: parse lanes
2026-02-21 17:36:07,192 | INFO | Match 8609553975: append to Excel
2026-02-21 17:36:13,535 | INFO | [244/3135] Match 8609553975 DONE in 315.7s
2026-02-21 17:36:17,505 | INFO | [245/3135] Match 8609549397 START
2026-02-21 17:36:17,505 | INFO | Match 8609549397: fetch overview
2026-02-21 17:38:50,553 | INFO | Match 8609549397: parse overview
2026-02-21 17:38:54,877 | INFO | Match 8609549397: fetch lanes
2026-02-21 17:41:27,043 | INFO | Match 8609549397: parse lanes
2026-02-21 17:41:27,043 | INFO | Match 8609549397: append to Excel
2026-02-21 17:41:32,262 | INFO | [245/3135] Match 8609549397 DONE in 314.8s
2026-02-21 17:41:35,710 | INFO | [246/3135] Match 8609587361 START
2026-02-21 17:41:35,710 | INFO | Match 8609587361: fetch overview
2026-02-21 17:44:08,037 | INFO | Match 8609587361: parse overview
2026-02-21 17:44:11,605 | INFO | Match 8609587361: fetch lanes
2026-02-21 17:46:44,178 | INFO | Match 8609587361: parse lanes
2026-02-21 17:46:44,179 | INFO | Match 8609587361: append to Excel
2026-02-21 17:46:50,618 | INFO | [246/3135] Match 8609587361 DONE in 314.9s
2026-02-21 17:46:52,752 | INFO | [247/3135] Match 8609576930 START
2026-02-21 17:46:52,752 | INFO | Match 8609576930: fetch overview
2026-02-21 17:49:25,523 | INFO | Match 8609576930: parse overview
2026-02-21 17:49:28,176 | INFO | Match 8609576930: fetch lanes
2026-02-21 17:52:01,753 | INFO | Match 8609576930: parse lanes
2026-02-21 17:52:01,754 | INFO | Match 8609576930: append to Excel
2026-02-21 17:52:07,852 | INFO | [247/3135] Match 8609576930 DONE in 315.1s
2026-02-21 17:52:11,659 | INFO | [248/3135] Match 8609568352 START
2026-02-21 17:52:11,660 | INFO | Match 8609568352: fetch overview
2026-02-21 17:54:45,030 | INFO | Match 8609568352: parse overview
2026-02-21 17:54:48,394 | INFO | Match 8609568352: fetch lanes
2026-02-21 17:57:20,908 | INFO | Match 8609568352: parse lanes
2026-02-21 17:57:20,910 | INFO | Match 8609568352: append to Excel
2026-02-21 17:57:26,932 | INFO | [248/3135] Match 8609568352 DONE in 315.3s
2026-02-21 17:57:30,868 | INFO | [249/3135] Match 8609588543 START
2026-02-21 17:57:30,868 | INFO | Match 8609588543: fetch overview
2026-02-21 17:57:40,894 | INFO | Match 8609588543: parse overview
2026-02-21 17:57:45,411 | INFO | Match 8609588543: fetch lanes
2026-02-21 18:00:07,920 | INFO | Match 8609588543: parse lanes
2026-02-21 18:00:07,921 | INFO | Match 8609588543: append to Excel
2026-02-21 18:00:13,787 | INFO | [249/3135] Match 8609588543 DONE in 162.9s
2026-02-21 18:00:17,149 | INFO | [250/3135] Match 8609588543 START
2026-02-21 18:00:17,149 | INFO | Match 8609588543: fetch overview
2026-02-21 18:00:27,285 | INFO | Match 8609588543: parse overview
2026-02-21 18:00:30,997 | INFO | Match 8609588543: fetch lanes
2026-02-21 18:02:53,672 | INFO | Match 8609588543: parse lanes
2026-02-21 18:02:53,673 | INFO | Match 8609588543: append to Excel
2026-02-21 18:02:57,452 | INFO | Match 8609588543: already in Excel, skip append
2026-02-21 18:02:57,452 | INFO | [250/3135] Match 8609588543 DONE in 160.3s
2026-02-21 18:02:59,509 | INFO | [251/3135] Match 8609574021 START
2026-02-21 18:02:59,509 | INFO | Match 8609574021: fetch overview
2026-02-21 18:03:09,799 | INFO | Match 8609574021: parse overview
2026-02-21 18:03:14,453 | INFO | Match 8609574021: fetch lanes
2026-02-21 18:05:37,495 | INFO | Match 8609574021: parse lanes
2026-02-21 18:05:37,498 | INFO | Match 8609574021: append to Excel
2026-02-21 18:05:43,712 | INFO | [251/3135] Match 8609574021 DONE in 164.2s
2026-02-21 18:05:46,462 | INFO | [252/3135] Match 8609553099 START
2026-02-21 18:05:46,463 | INFO | Match 8609553099: fetch overview
2026-02-21 18:05:57,214 | INFO | Match 8609553099: parse overview
2026-02-21 18:06:01,418 | INFO | Match 8609553099: fetch lanes
2026-02-21 18:08:25,073 | INFO | Match 8609553099: parse lanes
2026-02-21 18:08:25,076 | INFO | Match 8609553099: append to Excel
2026-02-21 18:08:31,077 | INFO | [252/3135] Match 8609553099 DONE in 164.6s
2026-02-21 18:08:34,854 | INFO | [253/3135] Match 8609563148 START
2026-02-21 18:08:34,855 | INFO | Match 8609563148: fetch overview
2026-02-21 18:08:44,758 | INFO | Match 8609563148: parse overview
2026-02-21 18:08:49,661 | INFO | Match 8609563148: fetch lanes
2026-02-21 18:08:59,118 | INFO | Match 8609563148: parse lanes
2026-02-21 18:08:59,186 | INFO | Match 8609563148: append to Excel
2026-02-21 18:09:05,237 | INFO | [253/3135] Match 8609563148 DONE in 30.4s
2026-02-21 18:09:08,622 | INFO | [254/3135] Match 8609568219 START
2026-02-21 18:09:08,622 | INFO | Match 8609568219: fetch overview
2026-02-21 18:09:19,873 | INFO | Match 8609568219: parse overview
2026-02-21 18:09:24,097 | INFO | Match 8609568219: fetch lanes
2026-02-21 18:09:32,826 | INFO | Match 8609568219: parse lanes
2026-02-21 18:09:32,891 | INFO | Match 8609568219: append to Excel
2026-02-21 18:09:38,984 | INFO | [254/3135] Match 8609568219 DONE in 30.4s
2026-02-21 18:09:42,944 | INFO | [255/3135] Match 8609598060 START
2026-02-21 18:09:42,944 | INFO | Match 8609598060: fetch overview
2026-02-21 18:09:52,780 | INFO | Match 8609598060: parse overview
2026-02-21 18:09:57,151 | INFO | Match 8609598060: fetch lanes
2026-02-21 18:10:05,693 | INFO | Match 8609598060: parse lanes
2026-02-21 18:10:05,775 | INFO | Match 8609598060: append to Excel
2026-02-21 18:10:12,041 | INFO | [255/3135] Match 8609598060 DONE in 29.1s
2026-02-21 18:10:15,763 | INFO | [256/3135] Match 8609578894 START
2026-02-21 18:10:15,763 | INFO | Match 8609578894: fetch overview
2026-02-21 18:10:26,495 | INFO | Match 8609578894: parse overview
2026-02-21 18:10:29,130 | INFO | Match 8609578894: fetch lanes
2026-02-21 18:12:52,705 | INFO | Match 8609578894: parse lanes
2026-02-21 18:12:52,707 | INFO | Match 8609578894: append to Excel
2026-02-21 18:12:59,668 | INFO | [256/3135] Match 8609578894 DONE in 163.9s
2026-02-21 18:13:03,040 | INFO | [257/3135] Match 8609583396 START
2026-02-21 18:13:03,040 | INFO | Match 8609583396: fetch overview
2026-02-21 18:13:13,747 | INFO | Match 8609583396: parse overview
2026-02-21 18:13:17,373 | INFO | Match 8609583396: fetch lanes
2026-02-21 18:13:25,526 | INFO | Match 8609583396: parse lanes
2026-02-21 18:13:25,594 | INFO | Match 8609583396: append to Excel
2026-02-21 18:13:31,912 | INFO | [257/3135] Match 8609583396 DONE in 28.9s
2026-02-21 18:13:35,098 | INFO | [258/3135] Match 8609559128 START
2026-02-21 18:13:35,098 | INFO | Match 8609559128: fetch overview
2026-02-21 18:13:44,966 | INFO | Match 8609559128: parse overview
2026-02-21 18:13:49,861 | INFO | Match 8609559128: fetch lanes
2026-02-21 18:16:12,876 | INFO | Match 8609559128: parse lanes
2026-02-21 18:16:12,877 | INFO | Match 8609559128: append to Excel
2026-02-21 18:16:18,846 | INFO | [258/3135] Match 8609559128 DONE in 163.7s
2026-02-21 18:16:20,905 | INFO | [259/3135] Match 8609580247 START
2026-02-21 18:16:20,906 | INFO | Match 8609580247: fetch overview
2026-02-21 18:16:31,566 | INFO | Match 8609580247: parse overview
2026-02-21 18:16:35,373 | INFO | Match 8609580247: fetch lanes
2026-02-21 18:18:58,845 | INFO | Match 8609580247: parse lanes
2026-02-21 18:18:58,846 | INFO | Match 8609580247: append to Excel
2026-02-21 18:19:04,778 | INFO | [259/3135] Match 8609580247 DONE in 163.9s
2026-02-21 18:19:07,181 | INFO | [260/3135] Match 8609583158 START
2026-02-21 18:19:07,181 | INFO | Match 8609583158: fetch overview
2026-02-21 18:19:16,985 | INFO | Match 8609583158: parse overview
2026-02-21 18:19:20,597 | INFO | Match 8609583158: fetch lanes
2026-02-21 18:21:43,738 | INFO | Match 8609583158: parse lanes
2026-02-21 18:21:43,739 | INFO | Match 8609583158: append to Excel
2026-02-21 18:21:49,973 | INFO | [260/3135] Match 8609583158 DONE in 162.8s
2026-02-21 18:21:52,123 | INFO | [261/3135] Match 8609573914 START
2026-02-21 18:21:52,123 | INFO | Match 8609573914: fetch overview
2026-02-21 18:22:03,026 | INFO | Match 8609573914: parse overview
2026-02-21 18:22:07,615 | INFO | Match 8609573914: fetch lanes
2026-02-21 18:22:16,181 | INFO | Match 8609573914: parse lanes
2026-02-21 18:22:16,245 | INFO | Match 8609573914: append to Excel
2026-02-21 18:22:22,884 | INFO | [261/3135] Match 8609573914 DONE in 30.8s
2026-02-21 18:22:26,489 | INFO | [262/3135] Match 8609599113 START
2026-02-21 18:22:26,490 | INFO | Match 8609599113: fetch overview
2026-02-21 18:22:36,345 | INFO | Match 8609599113: parse overview
2026-02-21 18:22:41,051 | INFO | Match 8609599113: fetch lanes
2026-02-21 18:25:03,710 | INFO | Match 8609599113: parse lanes
2026-02-21 18:25:03,713 | INFO | Match 8609599113: append to Excel
2026-02-21 18:25:10,937 | INFO | [262/3135] Match 8609599113 DONE in 164.4s
2026-02-21 18:25:13,605 | INFO | [263/3135] Match 8609581406 START
2026-02-21 18:25:13,605 | INFO | Match 8609581406: fetch overview
2026-02-21 18:25:23,378 | INFO | Match 8609581406: parse overview
2026-02-21 18:25:27,727 | INFO | Match 8609581406: fetch lanes
2026-02-21 18:27:50,797 | INFO | Match 8609581406: parse lanes
2026-02-21 18:27:50,799 | INFO | Match 8609581406: append to Excel
2026-02-21 18:27:57,242 | INFO | [263/3135] Match 8609581406 DONE in 163.6s
2026-02-21 18:27:59,929 | INFO | [264/3135] Match 8609578671 START
2026-02-21 18:27:59,930 | INFO | Match 8609578671: fetch overview
2026-02-21 18:28:10,491 | INFO | Match 8609578671: parse overview
2026-02-21 18:28:13,854 | INFO | Match 8609578671: fetch lanes
2026-02-21 18:28:23,086 | INFO | Match 8609578671: parse lanes
2026-02-21 18:28:23,150 | INFO | Match 8609578671: append to Excel
2026-02-21 18:28:29,496 | INFO | [264/3135] Match 8609578671 DONE in 29.6s
2026-02-21 18:28:33,459 | INFO | [265/3135] Match 8609587120 START
2026-02-21 18:28:33,459 | INFO | Match 8609587120: fetch overview
2026-02-21 18:28:43,087 | INFO | Match 8609587120: parse overview
2026-02-21 18:28:46,508 | INFO | Match 8609587120: fetch lanes
2026-02-21 18:31:09,722 | INFO | Match 8609587120: parse lanes
2026-02-21 18:31:09,724 | INFO | Match 8609587120: append to Excel
2026-02-21 18:31:15,815 | INFO | [265/3135] Match 8609587120 DONE in 162.4s
2026-02-21 18:31:19,685 | INFO | [266/3135] Match 8609580289 START
2026-02-21 18:31:19,685 | INFO | Match 8609580289: fetch overview
2026-02-21 18:31:29,928 | INFO | Match 8609580289: parse overview
2026-02-21 18:31:32,708 | INFO | Match 8609580289: fetch lanes
2026-02-21 18:31:41,656 | INFO | Match 8609580289: parse lanes
2026-02-21 18:31:41,722 | INFO | Match 8609580289: append to Excel
2026-02-21 18:31:47,754 | INFO | [266/3135] Match 8609580289 DONE in 28.1s
2026-02-21 18:31:51,217 | INFO | [267/3135] Match 8609592890 START
2026-02-21 18:31:51,217 | INFO | Match 8609592890: fetch overview
2026-02-21 18:32:00,937 | INFO | Match 8609592890: parse overview
2026-02-21 18:32:04,328 | INFO | Match 8609592890: fetch lanes
2026-02-21 18:34:27,706 | INFO | Match 8609592890: parse lanes
2026-02-21 18:34:27,707 | INFO | Match 8609592890: append to Excel
2026-02-21 18:34:33,892 | INFO | [267/3135] Match 8609592890 DONE in 162.7s
2026-02-21 18:34:37,467 | INFO | [268/3135] Match 8609573868 START
2026-02-21 18:34:37,467 | INFO | Match 8609573868: fetch overview
2026-02-21 18:34:47,364 | INFO | Match 8609573868: parse overview
2026-02-21 18:34:51,563 | INFO | Match 8609573868: fetch lanes
2026-02-21 18:37:14,846 | INFO | Match 8609573868: parse lanes
2026-02-21 18:37:14,849 | INFO | Match 8609573868: append to Excel
2026-02-21 18:37:20,789 | INFO | [268/3135] Match 8609573868 DONE in 163.3s
2026-02-21 18:37:24,195 | INFO | [269/3135] Match 8609590195 START
2026-02-21 18:37:24,195 | INFO | Match 8609590195: fetch overview
2026-02-21 18:37:33,916 | INFO | Match 8609590195: parse overview
2026-02-21 18:37:37,890 | INFO | Match 8609590195: fetch lanes
2026-02-21 18:40:01,534 | INFO | Match 8609590195: parse lanes
2026-02-21 18:40:01,536 | INFO | Match 8609590195: append to Excel
2026-02-21 18:40:08,156 | INFO | [269/3135] Match 8609590195 DONE in 164.0s
2026-02-21 18:40:11,525 | INFO | [270/3135] Match 8609557176 START
2026-02-21 18:40:11,525 | INFO | Match 8609557176: fetch overview
2026-02-21 18:40:24,724 | INFO | Match 8609557176: parse overview
2026-02-21 18:40:27,670 | INFO | Match 8609557176: fetch lanes
2026-02-21 18:40:36,693 | INFO | Match 8609557176: parse lanes
2026-02-21 18:40:36,760 | INFO | Match 8609557176: append to Excel
2026-02-21 18:40:43,550 | INFO | [270/3135] Match 8609557176 DONE in 32.0s
2026-02-21 18:40:45,822 | INFO | [271/3135] Match 8609553205 START
2026-02-21 18:40:45,822 | INFO | Match 8609553205: fetch overview
2026-02-21 18:40:56,300 | INFO | Match 8609553205: parse overview
2026-02-21 18:40:59,508 | INFO | Match 8609553205: fetch lanes
2026-02-21 18:43:22,492 | INFO | Match 8609553205: parse lanes
2026-02-21 18:43:22,493 | INFO | Match 8609553205: append to Excel
2026-02-21 18:43:28,490 | INFO | [271/3135] Match 8609553205 DONE in 162.7s
2026-02-21 18:43:31,938 | INFO | [272/3135] Match 8609553205 START
2026-02-21 18:43:31,939 | INFO | Match 8609553205: fetch overview
2026-02-21 18:43:41,276 | INFO | Match 8609553205: parse overview
2026-02-21 18:43:45,410 | INFO | Match 8609553205: fetch lanes
2026-02-21 18:46:08,774 | INFO | Match 8609553205: parse lanes
2026-02-21 18:46:08,777 | INFO | Match 8609553205: append to Excel
2026-02-21 18:46:13,463 | INFO | Match 8609553205: already in Excel, skip append
2026-02-21 18:46:13,463 | INFO | [272/3135] Match 8609553205 DONE in 161.5s
2026-02-21 18:46:16,898 | INFO | [273/3135] Match 8609579758 START
2026-02-21 18:46:16,898 | INFO | Match 8609579758: fetch overview
2026-02-21 18:46:28,033 | INFO | Match 8609579758: parse overview
2026-02-21 18:46:32,243 | INFO | Match 8609579758: fetch lanes
2026-02-21 18:46:40,777 | INFO | Match 8609579758: parse lanes
2026-02-21 18:46:41,328 | INFO | Match 8609579758: append to Excel
2026-02-21 18:46:47,095 | INFO | [273/3135] Match 8609579758 DONE in 30.2s
2026-02-21 18:46:50,648 | INFO | [274/3135] Match 8609604022 START
2026-02-21 18:46:50,649 | INFO | Match 8609604022: fetch overview
2026-02-21 18:47:06,373 | INFO | Match 8609604022: parse overview
2026-02-21 18:47:10,365 | INFO | Match 8609604022: fetch lanes
2026-02-21 18:47:18,995 | INFO | Match 8609604022: parse lanes
2026-02-21 18:47:19,059 | INFO | Match 8609604022: append to Excel
2026-02-21 18:47:25,066 | INFO | [274/3135] Match 8609604022 DONE in 34.4s
2026-02-21 18:47:27,513 | INFO | [275/3135] Match 8609581783 START
2026-02-21 18:47:27,513 | INFO | Match 8609581783: fetch overview
2026-02-21 18:47:37,998 | INFO | Match 8609581783: parse overview
2026-02-21 18:47:40,778 | INFO | Match 8609581783: fetch lanes
2026-02-21 18:47:50,151 | INFO | Match 8609581783: parse lanes
2026-02-21 18:47:50,223 | INFO | Match 8609581783: append to Excel
2026-02-21 18:47:57,062 | INFO | [275/3135] Match 8609581783 DONE in 29.5s
2026-02-21 18:47:59,069 | INFO | [276/3135] Match 8609554646 START
2026-02-21 18:47:59,069 | INFO | Match 8609554646: fetch overview
2026-02-21 18:48:09,663 | INFO | Match 8609554646: parse overview
2026-02-21 18:48:12,780 | INFO | Match 8609554646: fetch lanes
2026-02-21 18:48:21,774 | INFO | Match 8609554646: parse lanes
2026-02-21 18:48:21,846 | INFO | Match 8609554646: append to Excel
2026-02-21 18:48:28,424 | INFO | [276/3135] Match 8609554646 DONE in 29.4s
2026-02-21 18:48:31,082 | INFO | [277/3135] Match 8609596534 START
2026-02-21 18:48:31,083 | INFO | Match 8609596534: fetch overview
2026-02-21 18:48:40,886 | INFO | Match 8609596534: parse overview
2026-02-21 18:48:44,946 | INFO | Match 8609596534: fetch lanes
2026-02-21 18:51:07,919 | INFO | Match 8609596534: parse lanes
2026-02-21 18:51:07,920 | INFO | Match 8609596534: append to Excel
2026-02-21 18:51:13,933 | INFO | [277/3135] Match 8609596534 DONE in 162.9s
2026-02-21 18:51:17,579 | INFO | [278/3135] Match 8609592098 START
2026-02-21 18:51:17,579 | INFO | Match 8609592098: fetch overview
2026-02-21 18:51:28,046 | INFO | Match 8609592098: parse overview
2026-02-21 18:51:31,487 | INFO | Match 8609592098: fetch lanes
2026-02-21 18:51:39,932 | INFO | Match 8609592098: parse lanes
2026-02-21 18:51:39,999 | INFO | Match 8609592098: append to Excel
2026-02-21 18:51:46,335 | INFO | [278/3135] Match 8609592098 DONE in 28.8s
2026-02-21 18:51:49,757 | INFO | [279/3135] Match 8609553585 START
2026-02-21 18:51:49,757 | INFO | Match 8609553585: fetch overview
2026-02-21 18:51:59,824 | INFO | Match 8609553585: parse overview
2026-02-21 18:52:03,232 | INFO | Match 8609553585: fetch lanes
2026-02-21 18:52:12,272 | INFO | Match 8609553585: parse lanes
2026-02-21 18:52:12,342 | INFO | Match 8609553585: append to Excel
2026-02-21 18:52:18,563 | INFO | [279/3135] Match 8609553585 DONE in 28.8s
2026-02-21 18:52:21,720 | INFO | [280/3135] Match 8609581250 START
2026-02-21 18:52:21,720 | INFO | Match 8609581250: fetch overview
2026-02-21 18:52:32,176 | INFO | Match 8609581250: parse overview
2026-02-21 18:52:36,170 | INFO | Match 8609581250: fetch lanes
2026-02-21 18:54:58,903 | INFO | Match 8609581250: parse lanes
2026-02-21 18:54:58,904 | INFO | Match 8609581250: append to Excel
2026-02-21 18:55:05,910 | INFO | [280/3135] Match 8609581250 DONE in 164.2s
2026-02-21 18:55:09,016 | INFO | [281/3135] Match 8609557211 START
2026-02-21 18:55:09,016 | INFO | Match 8609557211: fetch overview
2026-02-21 18:55:19,328 | INFO | Match 8609557211: parse overview
2026-02-21 18:55:22,655 | INFO | Match 8609557211: fetch lanes
2026-02-21 18:57:45,357 | INFO | Match 8609557211: parse lanes
2026-02-21 18:57:45,358 | INFO | Match 8609557211: append to Excel
2026-02-21 18:57:51,749 | INFO | [281/3135] Match 8609557211 DONE in 162.7s
2026-02-21 18:57:54,454 | INFO | [282/3135] Match 8609577733 START
2026-02-21 18:57:54,454 | INFO | Match 8609577733: fetch overview
2026-02-21 18:58:04,427 | INFO | Match 8609577733: parse overview
2026-02-21 18:58:07,696 | INFO | Match 8609577733: fetch lanes
2026-02-21 19:00:31,058 | INFO | Match 8609577733: parse lanes
2026-02-21 19:00:31,059 | INFO | Match 8609577733: append to Excel
2026-02-21 19:00:37,267 | INFO | [282/3135] Match 8609577733 DONE in 162.8s
2026-02-21 19:00:39,472 | INFO | [283/3135] Match 8609582934 START
2026-02-21 19:00:39,473 | INFO | Match 8609582934: fetch overview
2026-02-21 19:00:50,130 | INFO | Match 8609582934: parse overview
2026-02-21 19:00:53,597 | INFO | Match 8609582934: fetch lanes
2026-02-21 19:03:17,478 | INFO | Match 8609582934: parse lanes
2026-02-21 19:03:17,481 | INFO | Match 8609582934: append to Excel
2026-02-21 19:03:23,563 | INFO | [283/3135] Match 8609582934 DONE in 164.1s
2026-02-21 19:03:25,637 | INFO | [284/3135] Match 8609572174 START
2026-02-21 19:03:25,637 | INFO | Match 8609572174: fetch overview
2026-02-21 19:04:23,829 | INFO | Match 8609572174: parse overview
2026-02-21 19:04:27,269 | INFO | Match 8609572174: fetch lanes
2026-02-21 19:06:51,740 | INFO | Match 8609572174: parse lanes
2026-02-21 19:06:51,743 | INFO | Match 8609572174: append to Excel
2026-02-21 19:06:57,973 | INFO | [284/3135] Match 8609572174 DONE in 212.3s
2026-02-21 19:07:00,910 | INFO | [285/3135] Match 8609595174 START
2026-02-21 19:07:00,910 | INFO | Match 8609595174: fetch overview
2026-02-21 19:09:23,328 | INFO | Match 8609595174: parse overview
2026-02-21 19:09:26,169 | INFO | Match 8609595174: fetch lanes
2026-02-21 19:11:48,600 | INFO | Match 8609595174: parse lanes
2026-02-21 19:11:48,603 | INFO | Match 8609595174: append to Excel
2026-02-21 19:11:54,858 | INFO | [285/3135] Match 8609595174 DONE in 293.9s
2026-02-21 19:11:57,496 | INFO | [286/3135] Match 8609576064 START
2026-02-21 19:11:57,496 | INFO | Match 8609576064: fetch overview
2026-02-21 19:14:22,206 | INFO | Match 8609576064: parse overview
2026-02-21 19:14:26,537 | INFO | Match 8609576064: fetch lanes
2026-02-21 19:15:26,469 | INFO | Match 8609576064: parse lanes
2026-02-21 19:15:26,547 | INFO | Match 8609576064: append to Excel
2026-02-21 19:15:32,877 | INFO | [286/3135] Match 8609576064 DONE in 215.4s
2026-02-21 19:15:34,904 | INFO | [287/3135] Match 8609589999 START
2026-02-21 19:15:34,904 | INFO | Match 8609589999: fetch overview
2026-02-21 19:18:00,949 | INFO | Match 8609589999: parse overview
2026-02-21 19:18:04,426 | INFO | Match 8609589999: fetch lanes
2026-02-21 19:20:27,067 | INFO | Match 8609589999: parse lanes
2026-02-21 19:20:27,072 | INFO | Match 8609589999: append to Excel
2026-02-21 19:20:35,052 | INFO | [287/3135] Match 8609589999 DONE in 300.1s
2026-02-21 19:20:37,231 | INFO | [288/3135] Match 8609581922 START
2026-02-21 19:20:37,232 | INFO | Match 8609581922: fetch overview
2026-02-21 19:23:02,269 | INFO | Match 8609581922: parse overview
2026-02-21 19:23:05,073 | INFO | Match 8609581922: fetch lanes
2026-02-21 19:25:27,853 | INFO | Match 8609581922: parse lanes
2026-02-21 19:25:27,857 | INFO | Match 8609581922: append to Excel
2026-02-21 19:25:35,040 | INFO | [288/3135] Match 8609581922 DONE in 297.8s
2026-02-21 19:25:37,894 | INFO | [289/3135] Match 8609590787 START
2026-02-21 19:25:37,894 | INFO | Match 8609590787: fetch overview
2026-02-21 19:28:02,931 | INFO | Match 8609590787: parse overview
2026-02-21 19:28:06,567 | INFO | Match 8609590787: fetch lanes
2026-02-21 19:30:30,079 | INFO | Match 8609590787: parse lanes
2026-02-21 19:30:30,082 | INFO | Match 8609590787: append to Excel
2026-02-21 19:30:36,502 | INFO | [289/3135] Match 8609590787 DONE in 298.6s
2026-02-21 19:30:39,686 | INFO | [290/3135] Match 8609583215 START
2026-02-21 19:30:39,686 | INFO | Match 8609583215: fetch overview
2026-02-21 19:30:51,039 | INFO | Match 8609583215: parse overview
2026-02-21 19:30:53,925 | INFO | Match 8609583215: fetch lanes
2026-02-21 19:33:17,646 | INFO | Match 8609583215: parse lanes
2026-02-21 19:33:17,706 | INFO | Match 8609583215: append to Excel
2026-02-21 19:33:24,577 | INFO | [290/3135] Match 8609583215 DONE in 164.9s
2026-02-21 19:33:28,398 | INFO | [291/3135] Match 8609587624 START
2026-02-21 19:33:28,399 | INFO | Match 8609587624: fetch overview
2026-02-21 19:35:53,826 | INFO | Match 8609587624: parse overview
2026-02-21 19:35:56,608 | INFO | Match 8609587624: fetch lanes
2026-02-21 19:38:20,016 | INFO | Match 8609587624: parse lanes
2026-02-21 19:38:20,017 | INFO | Match 8609587624: append to Excel
2026-02-21 19:38:26,501 | INFO | [291/3135] Match 8609587624 DONE in 298.1s
2026-02-21 19:38:30,199 | INFO | [292/3135] Match 8609575543 START
2026-02-21 19:38:30,199 | INFO | Match 8609575543: fetch overview
2026-02-21 19:40:54,994 | INFO | Match 8609575543: parse overview
2026-02-21 19:40:57,984 | INFO | Match 8609575543: fetch lanes
2026-02-21 19:42:00,228 | INFO | Match 8609575543: parse lanes
2026-02-21 19:42:00,298 | INFO | Match 8609575543: append to Excel
2026-02-21 19:42:07,221 | INFO | [292/3135] Match 8609575543 DONE in 217.0s
2026-02-21 19:42:10,730 | INFO | [293/3135] Match 8609561546 START
2026-02-21 19:42:10,730 | INFO | Match 8609561546: fetch overview
2026-02-21 19:44:33,513 | INFO | Match 8609561546: parse overview
2026-02-21 19:44:37,496 | INFO | Match 8609561546: fetch lanes
2026-02-21 19:47:00,717 | INFO | Match 8609561546: parse lanes
2026-02-21 19:47:00,720 | INFO | Match 8609561546: append to Excel
2026-02-21 19:47:07,489 | INFO | [293/3135] Match 8609561546 DONE in 296.8s
2026-02-21 19:47:10,371 | INFO | [294/3135] Match 8609600454 START
2026-02-21 19:47:10,371 | INFO | Match 8609600454: fetch overview
2026-02-21 19:49:35,154 | INFO | Match 8609600454: parse overview
2026-02-21 19:49:39,314 | INFO | Match 8609600454: fetch lanes
2026-02-21 19:52:02,135 | INFO | Match 8609600454: parse lanes
2026-02-21 19:52:02,139 | INFO | Match 8609600454: append to Excel
2026-02-21 19:52:08,594 | INFO | [294/3135] Match 8609600454 DONE in 298.2s
2026-02-21 19:52:12,469 | INFO | [295/3135] Match 8609599215 START
2026-02-21 19:52:12,470 | INFO | Match 8609599215: fetch overview
2026-02-21 19:54:35,438 | INFO | Match 8609599215: parse overview
2026-02-21 19:54:38,959 | INFO | Match 8609599215: fetch lanes
2026-02-21 19:57:03,497 | INFO | Match 8609599215: parse lanes
2026-02-21 19:57:03,563 | INFO | Match 8609599215: append to Excel
2026-02-21 19:57:09,995 | INFO | [295/3135] Match 8609599215 DONE in 297.5s
2026-02-21 19:57:12,545 | INFO | [296/3135] Match 8609593236 START
2026-02-21 19:57:12,546 | INFO | Match 8609593236: fetch overview
2026-02-21 19:59:36,610 | INFO | Match 8609593236: parse overview
2026-02-21 19:59:40,244 | INFO | Match 8609593236: fetch lanes
2026-02-21 20:02:03,467 | INFO | Match 8609593236: parse lanes
2026-02-21 20:02:03,470 | INFO | Match 8609593236: append to Excel
2026-02-21 20:02:10,228 | INFO | [296/3135] Match 8609593236 DONE in 297.7s
2026-02-21 20:02:13,685 | INFO | [297/3135] Match 8609577662 START
2026-02-21 20:02:13,686 | INFO | Match 8609577662: fetch overview
2026-02-21 20:04:38,574 | INFO | Match 8609577662: parse overview
2026-02-21 20:04:42,010 | INFO | Match 8609577662: fetch lanes
2026-02-21 20:07:04,659 | INFO | Match 8609577662: parse lanes
2026-02-21 20:07:04,664 | INFO | Match 8609577662: append to Excel
2026-02-21 20:07:11,475 | INFO | [297/3135] Match 8609577662 DONE in 297.8s
2026-02-21 20:07:14,380 | INFO | [298/3135] Match 8609603616 START
2026-02-21 20:07:14,380 | INFO | Match 8609603616: fetch overview
2026-02-21 20:09:39,681 | INFO | Match 8609603616: parse overview
2026-02-21 20:09:43,233 | INFO | Match 8609603616: fetch lanes
2026-02-21 20:12:06,578 | INFO | Match 8609603616: parse lanes
2026-02-21 20:12:06,578 | INFO | Match 8609603616: append to Excel
2026-02-21 20:12:13,297 | INFO | [298/3135] Match 8609603616 DONE in 298.9s
2026-02-21 20:12:16,831 | INFO | [299/3135] Match 8609603882 START
2026-02-21 20:12:16,831 | INFO | Match 8609603882: fetch overview
2026-02-21 20:12:27,861 | INFO | Match 8609603882: parse overview
2026-02-21 20:12:30,829 | INFO | Match 8609603882: fetch lanes
2026-02-21 20:14:53,927 | INFO | Match 8609603882: parse lanes
2026-02-21 20:14:53,928 | INFO | Match 8609603882: append to Excel
2026-02-21 20:15:00,323 | INFO | [299/3135] Match 8609603882 DONE in 163.5s
2026-02-21 20:15:03,557 | INFO | [300/3135] Match 8609597509 START
2026-02-21 20:15:03,557 | INFO | Match 8609597509: fetch overview
2026-02-21 20:17:26,321 | INFO | Match 8609597509: parse overview
2026-02-21 20:17:29,658 | INFO | Match 8609597509: fetch lanes
2026-02-21 20:19:53,435 | INFO | Match 8609597509: parse lanes
2026-02-21 20:19:53,439 | INFO | Match 8609597509: append to Excel
2026-02-21 20:19:59,976 | INFO | [300/3135] Match 8609597509 DONE in 296.4s
2026-02-21 20:20:03,254 | INFO | [301/3135] Match 8609588565 START
2026-02-21 20:20:03,254 | INFO | Match 8609588565: fetch overview
2026-02-21 20:22:25,830 | INFO | Match 8609588565: parse overview
2026-02-21 20:22:30,486 | INFO | Match 8609588565: fetch lanes
2026-02-21 20:24:53,474 | INFO | Match 8609588565: parse lanes
2026-02-21 20:24:53,475 | INFO | Match 8609588565: append to Excel
2026-02-21 20:24:59,734 | INFO | [301/3135] Match 8609588565 DONE in 296.5s
2026-02-21 20:25:03,244 | INFO | [302/3135] Match 8609570267 START
2026-02-21 20:25:03,244 | INFO | Match 8609570267: fetch overview
2026-02-21 20:27:28,171 | INFO | Match 8609570267: parse overview
2026-02-21 20:27:31,696 | INFO | Match 8609570267: fetch lanes
2026-02-21 20:29:54,875 | INFO | Match 8609570267: parse lanes
2026-02-21 20:29:54,877 | INFO | Match 8609570267: append to Excel
2026-02-21 20:30:01,237 | INFO | [302/3135] Match 8609570267 DONE in 298.0s
2026-02-21 20:30:04,593 | INFO | [303/3135] Match 8609589014 START
2026-02-21 20:30:04,593 | INFO | Match 8609589014: fetch overview
2026-02-21 20:32:27,509 | INFO | Match 8609589014: parse overview
2026-02-21 20:32:31,636 | INFO | Match 8609589014: fetch lanes
2026-02-21 20:34:56,549 | INFO | Match 8609589014: parse lanes
2026-02-21 20:34:56,550 | INFO | Match 8609589014: append to Excel
2026-02-21 20:35:03,782 | INFO | [303/3135] Match 8609589014 DONE in 299.2s
2026-02-21 20:35:06,240 | INFO | [304/3135] Match 8609553966 START
2026-02-21 20:35:06,240 | INFO | Match 8609553966: fetch overview
2026-02-21 20:35:16,564 | INFO | Match 8609553966: parse overview
2026-02-21 20:35:21,317 | INFO | Match 8609553966: fetch lanes
2026-02-21 20:37:44,255 | INFO | Match 8609553966: parse lanes
2026-02-21 20:37:44,258 | INFO | Match 8609553966: append to Excel
2026-02-21 20:37:50,868 | INFO | [304/3135] Match 8609553966 DONE in 164.6s
2026-02-21 20:37:53,531 | INFO | [305/3135] Match 8609596926 START
2026-02-21 20:37:53,531 | INFO | Match 8609596926: fetch overview
2026-02-21 20:40:16,320 | INFO | Match 8609596926: parse overview
2026-02-21 20:40:19,061 | INFO | Match 8609596926: fetch lanes
2026-02-21 20:42:42,195 | INFO | Match 8609596926: parse lanes
2026-02-21 20:42:42,197 | INFO | Match 8609596926: append to Excel
2026-02-21 20:42:48,333 | INFO | [305/3135] Match 8609596926 DONE in 294.8s
2026-02-21 20:42:51,029 | INFO | [306/3135] Match 8609593356 START
2026-02-21 20:42:51,030 | INFO | Match 8609593356: fetch overview
2026-02-21 20:45:16,693 | INFO | Match 8609593356: parse overview
2026-02-21 20:45:20,144 | INFO | Match 8609593356: fetch lanes
2026-02-21 20:47:43,258 | INFO | Match 8609593356: parse lanes
2026-02-21 20:47:43,261 | INFO | Match 8609593356: append to Excel
2026-02-21 20:47:49,902 | INFO | [306/3135] Match 8609593356 DONE in 298.9s
2026-02-21 20:47:53,628 | INFO | [307/3135] Match 8609601519 START
2026-02-21 20:47:53,628 | INFO | Match 8609601519: fetch overview
2026-02-21 20:50:16,927 | INFO | Match 8609601519: parse overview
2026-02-21 20:50:19,370 | INFO | Match 8609601519: fetch lanes
2026-02-21 20:52:42,630 | INFO | Match 8609601519: parse lanes
2026-02-21 20:52:42,633 | INFO | Match 8609601519: append to Excel
2026-02-21 20:52:49,059 | INFO | [307/3135] Match 8609601519 DONE in 295.4s
2026-02-21 20:52:52,922 | INFO | [308/3135] Match 8609603839 START
2026-02-21 20:52:52,923 | INFO | Match 8609603839: fetch overview
2026-02-21 20:55:17,919 | INFO | Match 8609603839: parse overview
2026-02-21 20:55:22,502 | INFO | Match 8609603839: fetch lanes
2026-02-21 20:57:45,108 | INFO | Match 8609603839: parse lanes
2026-02-21 20:57:45,112 | INFO | Match 8609603839: append to Excel
2026-02-21 20:57:51,651 | INFO | [308/3135] Match 8609603839 DONE in 298.7s
2026-02-21 20:57:55,196 | INFO | [309/3135] Match 8609579031 START
2026-02-21 20:57:55,197 | INFO | Match 8609579031: fetch overview
2026-02-21 21:00:20,307 | INFO | Match 8609579031: parse overview
2026-02-21 21:00:24,805 | INFO | Match 8609579031: fetch lanes
2026-02-21 21:02:47,730 | INFO | Match 8609579031: parse lanes
2026-02-21 21:02:47,734 | INFO | Match 8609579031: append to Excel
2026-02-21 21:02:54,252 | INFO | [309/3135] Match 8609579031 DONE in 299.1s
2026-02-21 21:02:58,094 | INFO | [310/3135] Match 8609613144 START
2026-02-21 21:02:58,094 | INFO | Match 8609613144: fetch overview
2026-02-21 21:05:21,389 | INFO | Match 8609613144: parse overview
2026-02-21 21:05:23,918 | INFO | Match 8609613144: fetch lanes
2026-02-21 21:07:46,641 | INFO | Match 8609613144: parse lanes
2026-02-21 21:07:46,643 | INFO | Match 8609613144: append to Excel
2026-02-21 21:07:53,155 | INFO | [310/3135] Match 8609613144 DONE in 295.1s
2026-02-21 21:07:56,193 | INFO | [311/3135] Match 8609590303 START
2026-02-21 21:07:56,193 | INFO | Match 8609590303: fetch overview
2026-02-21 21:10:19,552 | INFO | Match 8609590303: parse overview
2026-02-21 21:10:23,073 | INFO | Match 8609590303: fetch lanes
2026-02-21 21:12:45,826 | INFO | Match 8609590303: parse lanes
2026-02-21 21:12:45,827 | INFO | Match 8609590303: append to Excel
2026-02-21 21:12:52,611 | INFO | [311/3135] Match 8609590303 DONE in 296.4s
2026-02-21 21:12:54,868 | INFO | [312/3135] Match 8609617489 START
2026-02-21 21:12:54,868 | INFO | Match 8609617489: fetch overview
2026-02-21 21:15:18,005 | INFO | Match 8609617489: parse overview
2026-02-21 21:15:20,926 | INFO | Match 8609617489: fetch lanes
2026-02-21 21:17:44,547 | INFO | Match 8609617489: parse lanes
2026-02-21 21:17:44,550 | INFO | Match 8609617489: append to Excel
2026-02-21 21:17:50,384 | INFO | [312/3135] Match 8609617489 DONE in 295.5s
2026-02-21 21:17:52,572 | INFO | [313/3135] Match 8609588449 START
2026-02-21 21:17:52,572 | INFO | Match 8609588449: fetch overview
2026-02-21 21:20:15,172 | INFO | Match 8609588449: parse overview
2026-02-21 21:20:18,681 | INFO | Match 8609588449: fetch lanes
2026-02-21 21:22:41,320 | INFO | Match 8609588449: parse lanes
2026-02-21 21:22:41,324 | INFO | Match 8609588449: append to Excel
2026-02-21 21:22:47,683 | INFO | [313/3135] Match 8609588449 DONE in 295.1s
2026-02-21 21:22:49,764 | INFO | [314/3135] Match 8609612708 START
2026-02-21 21:22:49,765 | INFO | Match 8609612708: fetch overview
2026-02-21 21:25:12,413 | INFO | Match 8609612708: parse overview
2026-02-21 21:25:15,936 | INFO | Match 8609612708: fetch lanes
2026-02-21 21:27:38,950 | INFO | Match 8609612708: parse lanes
2026-02-21 21:27:38,954 | INFO | Match 8609612708: append to Excel
2026-02-21 21:27:45,691 | INFO | [314/3135] Match 8609612708 DONE in 295.9s
2026-02-21 21:27:48,073 | INFO | [315/3135] Match 8609593024 START
2026-02-21 21:27:48,073 | INFO | Match 8609593024: fetch overview
2026-02-21 21:30:10,421 | INFO | Match 8609593024: parse overview
2026-02-21 21:30:13,733 | INFO | Match 8609593024: fetch lanes
2026-02-21 21:30:22,840 | INFO | Match 8609593024: parse lanes
2026-02-21 21:30:22,918 | INFO | Match 8609593024: append to Excel
2026-02-21 21:30:29,545 | INFO | [315/3135] Match 8609593024 DONE in 161.5s
2026-02-21 21:30:32,662 | INFO | [316/3135] Match 8609597074 START
2026-02-21 21:30:32,662 | INFO | Match 8609597074: fetch overview
2026-02-21 21:32:55,531 | INFO | Match 8609597074: parse overview
2026-02-21 21:32:59,105 | INFO | Match 8609597074: fetch lanes
2026-02-21 21:35:23,217 | INFO | Match 8609597074: parse lanes
2026-02-21 21:35:23,220 | INFO | Match 8609597074: append to Excel
2026-02-21 21:35:29,668 | INFO | [316/3135] Match 8609597074 DONE in 297.0s
2026-02-21 21:35:32,544 | INFO | [317/3135] Match 8609577608 START
2026-02-21 21:35:32,544 | INFO | Match 8609577608: fetch overview
2026-02-21 21:37:55,340 | INFO | Match 8609577608: parse overview
2026-02-21 21:37:59,693 | INFO | Match 8609577608: fetch lanes
2026-02-21 21:40:22,183 | INFO | Match 8609577608: parse lanes
2026-02-21 21:40:22,184 | INFO | Match 8609577608: append to Excel
2026-02-21 21:40:28,520 | INFO | [317/3135] Match 8609577608 DONE in 296.0s
2026-02-21 21:40:31,312 | INFO | [318/3135] Match 8609610290 START
2026-02-21 21:40:31,312 | INFO | Match 8609610290: fetch overview
2026-02-21 21:42:54,569 | INFO | Match 8609610290: parse overview
2026-02-21 21:42:57,233 | INFO | Match 8609610290: fetch lanes
2026-02-21 21:45:19,585 | INFO | Match 8609610290: parse lanes
2026-02-21 21:45:19,588 | INFO | Match 8609610290: append to Excel
2026-02-21 21:45:26,114 | INFO | [318/3135] Match 8609610290 DONE in 294.8s
2026-02-21 21:45:28,921 | INFO | [319/3135] Match 8609575905 START
2026-02-21 21:45:28,921 | INFO | Match 8609575905: fetch overview
2026-02-21 21:47:52,042 | INFO | Match 8609575905: parse overview
2026-02-21 21:47:56,760 | INFO | Match 8609575905: fetch lanes
2026-02-21 21:50:19,309 | INFO | Match 8609575905: parse lanes
2026-02-21 21:50:19,311 | INFO | Match 8609575905: append to Excel
2026-02-21 21:50:25,711 | INFO | [319/3135] Match 8609575905 DONE in 296.8s
2026-02-21 21:50:28,046 | INFO | [320/3135] Match 8609605784 START
2026-02-21 21:50:28,046 | INFO | Match 8609605784: fetch overview
2026-02-21 21:52:50,992 | INFO | Match 8609605784: parse overview
2026-02-21 21:52:55,076 | INFO | Match 8609605784: fetch lanes
2026-02-21 21:55:18,132 | INFO | Match 8609605784: parse lanes
2026-02-21 21:55:18,135 | INFO | Match 8609605784: append to Excel
2026-02-21 21:55:24,528 | INFO | [320/3135] Match 8609605784 DONE in 296.5s
2026-02-21 21:55:27,790 | INFO | [321/3135] Match 8609585574 START
2026-02-21 21:55:27,791 | INFO | Match 8609585574: fetch overview
2026-02-21 21:57:51,194 | INFO | Match 8609585574: parse overview
2026-02-21 21:57:54,907 | INFO | Match 8609585574: fetch lanes
2026-02-21 22:00:17,585 | INFO | Match 8609585574: parse lanes
2026-02-21 22:00:17,588 | INFO | Match 8609585574: append to Excel
2026-02-21 22:00:24,285 | INFO | [321/3135] Match 8609585574 DONE in 296.5s
2026-02-21 22:00:26,369 | INFO | [322/3135] Match 8609596590 START
2026-02-21 22:00:26,369 | INFO | Match 8609596590: fetch overview
2026-02-21 22:02:49,574 | INFO | Match 8609596590: parse overview
2026-02-21 22:02:53,623 | INFO | Match 8609596590: fetch lanes
2026-02-21 22:05:16,092 | INFO | Match 8609596590: parse lanes
2026-02-21 22:05:16,095 | INFO | Match 8609596590: append to Excel
2026-02-21 22:05:22,145 | INFO | [322/3135] Match 8609596590 DONE in 295.8s
2026-02-21 22:05:26,028 | INFO | [323/3135] Match 8609604203 START
2026-02-21 22:05:26,028 | INFO | Match 8609604203: fetch overview
2026-02-21 22:07:48,724 | INFO | Match 8609604203: parse overview
2026-02-21 22:07:52,752 | INFO | Match 8609604203: fetch lanes
2026-02-21 22:10:15,940 | INFO | Match 8609604203: parse lanes
2026-02-21 22:10:16,007 | INFO | Match 8609604203: append to Excel
2026-02-21 22:10:21,803 | INFO | [323/3135] Match 8609604203 DONE in 295.8s
2026-02-21 22:10:25,642 | INFO | [324/3135] Match 8609588413 START
2026-02-21 22:10:25,643 | INFO | Match 8609588413: fetch overview
2026-02-21 22:12:50,999 | INFO | Match 8609588413: parse overview
2026-02-21 22:12:54,044 | INFO | Match 8609588413: fetch lanes
2026-02-21 22:15:18,395 | INFO | Match 8609588413: parse lanes
2026-02-21 22:15:18,449 | INFO | Match 8609588413: append to Excel
2026-02-21 22:15:24,309 | INFO | [324/3135] Match 8609588413 DONE in 298.7s
2026-02-21 22:15:26,629 | INFO | [325/3135] Match 8609605678 START
2026-02-21 22:15:26,629 | INFO | Match 8609605678: fetch overview
2026-02-21 22:17:51,905 | INFO | Match 8609605678: parse overview
2026-02-21 22:17:54,992 | INFO | Match 8609605678: fetch lanes
2026-02-21 22:20:19,044 | INFO | Match 8609605678: parse lanes
2026-02-21 22:20:19,582 | INFO | Match 8609605678: append to Excel
2026-02-21 22:20:25,846 | INFO | [325/3135] Match 8609605678 DONE in 299.2s
2026-02-21 22:20:29,545 | INFO | [326/3135] Match 8609595068 START
2026-02-21 22:20:29,545 | INFO | Match 8609595068: fetch overview
2026-02-21 22:22:53,359 | INFO | Match 8609595068: parse overview
2026-02-21 22:22:56,215 | INFO | Match 8609595068: fetch lanes
2026-02-21 22:25:19,121 | INFO | Match 8609595068: parse lanes
2026-02-21 22:25:19,124 | INFO | Match 8609595068: append to Excel
2026-02-21 22:25:25,549 | INFO | [326/3135] Match 8609595068 DONE in 296.0s
2026-02-21 22:25:28,988 | INFO | [327/3135] Match 8609595291 START
2026-02-21 22:25:28,988 | INFO | Match 8609595291: fetch overview
2026-02-21 22:27:52,821 | INFO | Match 8609595291: parse overview
2026-02-21 22:27:55,674 | INFO | Match 8609595291: fetch lanes
2026-02-21 22:30:18,016 | INFO | Match 8609595291: parse lanes
2026-02-21 22:30:18,020 | INFO | Match 8609595291: append to Excel
2026-02-21 22:30:24,351 | INFO | [327/3135] Match 8609595291 DONE in 295.4s
2026-02-21 22:30:26,672 | INFO | [328/3135] Match 8609609058 START
2026-02-21 22:30:26,672 | INFO | Match 8609609058: fetch overview
2026-02-21 22:32:49,993 | INFO | Match 8609609058: parse overview
2026-02-21 22:32:53,094 | INFO | Match 8609609058: fetch lanes
2026-02-21 22:35:16,140 | INFO | Match 8609609058: parse lanes
2026-02-21 22:35:16,143 | INFO | Match 8609609058: append to Excel
2026-02-21 22:35:22,993 | INFO | [328/3135] Match 8609609058 DONE in 296.3s
2026-02-21 22:35:25,863 | INFO | [329/3135] Match 8609596408 START
2026-02-21 22:35:25,863 | INFO | Match 8609596408: fetch overview
2026-02-21 22:37:50,267 | INFO | Match 8609596408: parse overview
2026-02-21 22:37:54,046 | INFO | Match 8609596408: fetch lanes
2026-02-21 22:40:16,353 | INFO | Match 8609596408: parse lanes
2026-02-21 22:40:16,357 | INFO | Match 8609596408: append to Excel
2026-02-21 22:40:22,652 | INFO | [329/3135] Match 8609596408 DONE in 296.8s
2026-02-21 22:40:26,155 | INFO | [330/3135] Match 8609590534 START
2026-02-21 22:40:26,155 | INFO | Match 8609590534: fetch overview
2026-02-21 22:42:50,328 | INFO | Match 8609590534: parse overview
2026-02-21 22:42:53,253 | INFO | Match 8609590534: fetch lanes
2026-02-21 22:45:16,240 | INFO | Match 8609590534: parse lanes
2026-02-21 22:45:16,241 | INFO | Match 8609590534: append to Excel
2026-02-21 22:45:22,305 | INFO | [330/3135] Match 8609590534 DONE in 296.1s
2026-02-21 22:45:24,322 | INFO | [331/3135] Match 8609573767 START
2026-02-21 22:45:24,322 | INFO | Match 8609573767: fetch overview
2026-02-21 22:45:33,894 | INFO | Match 8609573767: parse overview
2026-02-21 22:45:37,090 | INFO | Match 8609573767: fetch lanes
2026-02-21 22:48:00,569 | INFO | Match 8609573767: parse lanes
2026-02-21 22:48:00,570 | INFO | Match 8609573767: append to Excel
2026-02-21 22:48:07,292 | INFO | [331/3135] Match 8609573767 DONE in 163.0s
2026-02-21 22:48:11,180 | INFO | [332/3135] Match 8609597251 START
2026-02-21 22:48:11,180 | INFO | Match 8609597251: fetch overview
2026-02-21 22:48:22,244 | INFO | Match 8609597251: parse overview
2026-02-21 22:48:25,836 | INFO | Match 8609597251: fetch lanes
2026-02-21 22:48:34,026 | INFO | Match 8609597251: parse lanes
2026-02-21 22:48:34,089 | INFO | Match 8609597251: append to Excel
2026-02-21 22:48:40,156 | INFO | [332/3135] Match 8609597251 DONE in 29.0s
2026-02-21 22:48:42,291 | INFO | [333/3135] Match 8609608518 START
2026-02-21 22:48:42,291 | INFO | Match 8609608518: fetch overview
2026-02-21 22:51:05,799 | INFO | Match 8609608518: parse overview
2026-02-21 22:51:10,482 | INFO | Match 8609608518: fetch lanes
2026-02-21 22:53:33,392 | INFO | Match 8609608518: parse lanes
2026-02-21 22:53:33,393 | INFO | Match 8609608518: append to Excel
2026-02-21 22:53:40,244 | INFO | [333/3135] Match 8609608518 DONE in 298.0s
2026-02-21 22:53:42,785 | INFO | [334/3135] Match 8609596227 START
2026-02-21 22:53:42,786 | INFO | Match 8609596227: fetch overview
2026-02-21 22:53:53,308 | INFO | Match 8609596227: parse overview
2026-02-21 22:53:58,070 | INFO | Match 8609596227: fetch lanes
2026-02-21 22:54:06,319 | INFO | Match 8609596227: parse lanes
2026-02-21 22:54:06,396 | INFO | Match 8609596227: append to Excel
2026-02-21 22:54:12,499 | INFO | [334/3135] Match 8609596227 DONE in 29.7s
2026-02-21 22:54:15,412 | INFO | [335/3135] Match 8609594334 START
2026-02-21 22:54:15,412 | INFO | Match 8609594334: fetch overview
2026-02-21 22:54:25,302 | INFO | Match 8609594334: parse overview
2026-02-21 22:54:28,487 | INFO | Match 8609594334: fetch lanes
2026-02-21 22:56:51,710 | INFO | Match 8609594334: parse lanes
2026-02-21 22:56:51,711 | INFO | Match 8609594334: append to Excel
2026-02-21 22:56:57,922 | INFO | [335/3135] Match 8609594334 DONE in 162.5s
2026-02-21 22:57:00,492 | INFO | [336/3135] Match 8609600207 START
2026-02-21 22:57:00,492 | INFO | Match 8609600207: fetch overview
2026-02-21 22:59:25,190 | INFO | Match 8609600207: parse overview
2026-02-21 22:59:28,018 | INFO | Match 8609600207: fetch lanes
2026-02-21 23:01:51,371 | INFO | Match 8609600207: parse lanes
2026-02-21 23:01:51,372 | INFO | Match 8609600207: append to Excel
2026-02-21 23:01:57,886 | INFO | [336/3135] Match 8609600207 DONE in 297.4s
2026-02-21 23:02:01,522 | INFO | [337/3135] Match 8609606843 START
2026-02-21 23:02:01,522 | INFO | Match 8609606843: fetch overview
2026-02-21 23:04:26,726 | INFO | Match 8609606843: parse overview
2026-02-21 23:04:31,140 | INFO | Match 8609606843: fetch lanes
2026-02-21 23:06:54,089 | INFO | Match 8609606843: parse lanes
2026-02-21 23:06:54,090 | INFO | Match 8609606843: append to Excel
2026-02-21 23:07:00,516 | INFO | [337/3135] Match 8609606843 DONE in 299.0s
2026-02-21 23:07:03,166 | INFO | [338/3135] Match 8609621857 START
2026-02-21 23:07:03,166 | INFO | Match 8609621857: fetch overview
2026-02-21 23:09:26,090 | INFO | Match 8609621857: parse overview
2026-02-21 23:09:30,177 | INFO | Match 8609621857: fetch lanes
2026-02-21 23:11:53,653 | INFO | Match 8609621857: parse lanes
2026-02-21 23:11:53,654 | INFO | Match 8609621857: append to Excel
2026-02-21 23:11:59,996 | INFO | [338/3135] Match 8609621857 DONE in 296.8s
2026-02-21 23:12:02,954 | INFO | [339/3135] Match 8609581291 START
2026-02-21 23:12:02,955 | INFO | Match 8609581291: fetch overview
2026-02-21 23:12:55,881 | INFO | Match 8609581291: parse overview
2026-02-21 23:12:58,676 | INFO | Match 8609581291: fetch lanes
2026-02-21 23:15:22,152 | INFO | Match 8609581291: parse lanes
2026-02-21 23:15:22,153 | INFO | Match 8609581291: append to Excel
2026-02-21 23:15:28,473 | INFO | [339/3135] Match 8609581291 DONE in 205.5s
2026-02-21 23:15:32,365 | INFO | [340/3135] Match 8609617297 START
2026-02-21 23:15:32,366 | INFO | Match 8609617297: fetch overview
2026-02-21 23:15:42,803 | INFO | Match 8609617297: parse overview
2026-02-21 23:15:45,973 | INFO | Match 8609617297: fetch lanes
2026-02-21 23:15:54,458 | INFO | Match 8609617297: parse lanes
2026-02-21 23:15:54,517 | INFO | Match 8609617297: append to Excel
2026-02-21 23:16:00,376 | INFO | [340/3135] Match 8609617297 DONE in 28.0s
2026-02-21 23:16:03,214 | INFO | [341/3135] Match 8609610870 START
2026-02-21 23:16:03,214 | INFO | Match 8609610870: fetch overview
2026-02-21 23:16:13,108 | INFO | Match 8609610870: parse overview
2026-02-21 23:16:18,206 | INFO | Match 8609610870: fetch lanes
2026-02-21 23:18:41,223 | INFO | Match 8609610870: parse lanes
2026-02-21 23:18:41,224 | INFO | Match 8609610870: append to Excel
2026-02-21 23:18:47,354 | INFO | [341/3135] Match 8609610870 DONE in 164.1s
2026-02-21 23:18:51,146 | INFO | [342/3135] Match 8609594196 START
2026-02-21 23:18:51,146 | INFO | Match 8609594196: fetch overview
2026-02-21 23:19:00,907 | INFO | Match 8609594196: parse overview
2026-02-21 23:19:05,294 | INFO | Match 8609594196: fetch lanes
2026-02-21 23:21:27,706 | INFO | Match 8609594196: parse lanes
2026-02-21 23:21:27,707 | INFO | Match 8609594196: append to Excel
2026-02-21 23:21:34,248 | INFO | [342/3135] Match 8609594196 DONE in 163.1s
2026-02-21 23:21:37,136 | INFO | [343/3135] Match 8609589797 START
2026-02-21 23:21:37,136 | INFO | Match 8609589797: fetch overview
2026-02-21 23:21:48,072 | INFO | Match 8609589797: parse overview
2026-02-21 23:21:51,415 | INFO | Match 8609589797: fetch lanes
2026-02-21 23:24:14,589 | INFO | Match 8609589797: parse lanes
2026-02-21 23:24:14,591 | INFO | Match 8609589797: append to Excel
2026-02-21 23:24:20,987 | INFO | [343/3135] Match 8609589797 DONE in 163.9s
2026-02-21 23:24:23,029 | INFO | [344/3135] Match 8609597482 START
2026-02-21 23:24:23,030 | INFO | Match 8609597482: fetch overview
2026-02-21 23:24:33,624 | INFO | Match 8609597482: parse overview
2026-02-21 23:24:38,371 | INFO | Match 8609597482: fetch lanes
2026-02-21 23:27:01,056 | INFO | Match 8609597482: parse lanes
2026-02-21 23:27:01,059 | INFO | Match 8609597482: append to Excel
2026-02-21 23:27:08,072 | INFO | [344/3135] Match 8609597482 DONE in 165.0s
2026-02-21 23:27:10,990 | INFO | [345/3135] Match 8609615025 START
2026-02-21 23:27:10,991 | INFO | Match 8609615025: fetch overview
2026-02-21 23:27:21,951 | INFO | Match 8609615025: parse overview
2026-02-21 23:27:24,690 | INFO | Match 8609615025: fetch lanes
2026-02-21 23:27:33,424 | INFO | Match 8609615025: parse lanes
2026-02-21 23:27:33,887 | INFO | Match 8609615025: append to Excel
2026-02-21 23:27:39,750 | INFO | [345/3135] Match 8609615025 DONE in 28.8s
2026-02-21 23:27:43,434 | INFO | [346/3135] Match 8609616874 START
2026-02-21 23:27:43,435 | INFO | Match 8609616874: fetch overview
2026-02-21 23:27:53,748 | INFO | Match 8609616874: parse overview
2026-02-21 23:27:58,582 | INFO | Match 8609616874: fetch lanes
2026-02-21 23:30:21,739 | INFO | Match 8609616874: parse lanes
2026-02-21 23:30:21,740 | INFO | Match 8609616874: append to Excel
2026-02-21 23:30:31,935 | INFO | [346/3135] Match 8609616874 DONE in 168.5s
2026-02-21 23:30:35,516 | INFO | [347/3135] Match 8609616960 START
2026-02-21 23:30:35,517 | INFO | Match 8609616960: fetch overview
2026-02-21 23:30:45,214 | INFO | Match 8609616960: parse overview
2026-02-21 23:30:48,588 | INFO | Match 8609616960: fetch lanes
2026-02-21 23:33:12,266 | INFO | Match 8609616960: parse lanes
2026-02-21 23:33:12,270 | INFO | Match 8609616960: append to Excel
2026-02-21 23:33:18,902 | INFO | [347/3135] Match 8609616960 DONE in 163.4s
2026-02-21 23:33:21,464 | INFO | [348/3135] Match 8609619620 START
2026-02-21 23:33:21,464 | INFO | Match 8609619620: fetch overview
2026-02-21 23:33:31,301 | INFO | Match 8609619620: parse overview
2026-02-21 23:33:34,467 | INFO | Match 8609619620: fetch lanes
2026-02-21 23:33:42,913 | INFO | Match 8609619620: parse lanes
2026-02-21 23:33:43,387 | INFO | Match 8609619620: append to Excel
2026-02-21 23:33:50,672 | INFO | [348/3135] Match 8609619620 DONE in 29.2s
2026-02-21 23:33:54,163 | INFO | [349/3135] Match 8609620506 START
2026-02-21 23:33:54,163 | INFO | Match 8609620506: fetch overview
2026-02-21 23:34:04,274 | INFO | Match 8609620506: parse overview
2026-02-21 23:34:08,911 | INFO | Match 8609620506: fetch lanes
2026-02-21 23:34:17,939 | INFO | Match 8609620506: parse lanes
2026-02-21 23:34:18,390 | INFO | Match 8609620506: append to Excel
2026-02-21 23:34:25,234 | INFO | [349/3135] Match 8609620506 DONE in 31.1s
2026-02-21 23:34:27,303 | INFO | [350/3135] Match 8609606846 START
2026-02-21 23:34:27,303 | INFO | Match 8609606846: fetch overview
2026-02-21 23:34:38,459 | INFO | Match 8609606846: parse overview
2026-02-21 23:34:42,796 | INFO | Match 8609606846: fetch lanes
2026-02-21 23:34:52,253 | INFO | Match 8609606846: parse lanes
2026-02-21 23:34:52,818 | INFO | Match 8609606846: append to Excel
2026-02-21 23:34:58,623 | INFO | [350/3135] Match 8609606846 DONE in 31.3s
2026-02-21 23:35:00,945 | INFO | [351/3135] Match 8609591405 START
2026-02-21 23:35:00,945 | INFO | Match 8609591405: fetch overview
2026-02-21 23:35:10,824 | INFO | Match 8609591405: parse overview
2026-02-21 23:35:14,504 | INFO | Match 8609591405: fetch lanes
2026-02-21 23:35:23,195 | INFO | Match 8609591405: parse lanes
2026-02-21 23:35:23,643 | INFO | Match 8609591405: append to Excel
2026-02-21 23:35:29,742 | INFO | [351/3135] Match 8609591405 DONE in 28.8s
2026-02-21 23:35:31,803 | INFO | [352/3135] Match 8609610688 START
2026-02-21 23:35:31,803 | INFO | Match 8609610688: fetch overview
2026-02-21 23:35:41,790 | INFO | Match 8609610688: parse overview
2026-02-21 23:35:45,392 | INFO | Match 8609610688: fetch lanes
2026-02-21 23:38:07,997 | INFO | Match 8609610688: parse lanes
2026-02-21 23:38:07,998 | INFO | Match 8609610688: append to Excel
2026-02-21 23:38:14,317 | INFO | [352/3135] Match 8609610688 DONE in 162.5s
2026-02-21 23:38:17,923 | INFO | [353/3135] Match 8609594304 START
2026-02-21 23:38:17,923 | INFO | Match 8609594304: fetch overview
2026-02-21 23:38:27,896 | INFO | Match 8609594304: parse overview
2026-02-21 23:38:31,119 | INFO | Match 8609594304: fetch lanes
2026-02-21 23:38:40,463 | INFO | Match 8609594304: parse lanes
2026-02-21 23:38:40,527 | INFO | Match 8609594304: append to Excel
2026-02-21 23:38:46,484 | INFO | [353/3135] Match 8609594304 DONE in 28.6s
2026-02-21 23:38:48,633 | INFO | [354/3135] Match 8609612047 START
2026-02-21 23:38:48,634 | INFO | Match 8609612047: fetch overview
2026-02-21 23:38:59,081 | INFO | Match 8609612047: parse overview
2026-02-21 23:39:03,489 | INFO | Match 8609612047: fetch lanes
2026-02-21 23:39:12,391 | INFO | Match 8609612047: parse lanes
2026-02-21 23:39:12,492 | INFO | Match 8609612047: append to Excel
2026-02-21 23:39:18,707 | INFO | [354/3135] Match 8609612047 DONE in 30.1s
2026-02-21 23:39:21,058 | INFO | [355/3135] Match 8609594545 START
2026-02-21 23:39:21,058 | INFO | Match 8609594545: fetch overview
2026-02-21 23:41:44,221 | INFO | Match 8609594545: parse overview
2026-02-21 23:41:47,627 | INFO | Match 8609594545: fetch lanes
2026-02-21 23:44:11,005 | INFO | Match 8609594545: parse lanes
2026-02-21 23:44:11,601 | INFO | Match 8609594545: append to Excel
2026-02-21 23:44:18,457 | INFO | [355/3135] Match 8609594545 DONE in 297.4s
2026-02-21 23:44:21,801 | INFO | [356/3135] Match 8609619967 START
2026-02-21 23:44:21,801 | INFO | Match 8609619967: fetch overview
2026-02-21 23:44:32,364 | INFO | Match 8609619967: parse overview
2026-02-21 23:44:37,353 | INFO | Match 8609619967: fetch lanes
2026-02-21 23:44:45,536 | INFO | Match 8609619967: parse lanes
2026-02-21 23:44:45,596 | INFO | Match 8609619967: append to Excel
2026-02-21 23:44:51,562 | INFO | [356/3135] Match 8609619967 DONE in 29.8s
2026-02-21 23:44:54,033 | INFO | [357/3135] Match 8609624585 START
2026-02-21 23:44:54,033 | INFO | Match 8609624585: fetch overview
2026-02-21 23:45:05,144 | INFO | Match 8609624585: parse overview
2026-02-21 23:45:10,043 | INFO | Match 8609624585: fetch lanes
2026-02-21 23:45:19,504 | INFO | Match 8609624585: parse lanes
2026-02-21 23:45:19,565 | INFO | Match 8609624585: append to Excel
2026-02-21 23:45:25,837 | INFO | [357/3135] Match 8609624585 DONE in 31.8s
2026-02-21 23:45:28,190 | INFO | [358/3135] Match 8609627136 START
2026-02-21 23:45:28,190 | INFO | Match 8609627136: fetch overview
2026-02-21 23:45:38,452 | INFO | Match 8609627136: parse overview
2026-02-21 23:45:42,553 | INFO | Match 8609627136: fetch lanes
2026-02-21 23:45:51,446 | INFO | Match 8609627136: parse lanes
2026-02-21 23:45:51,505 | INFO | Match 8609627136: append to Excel
2026-02-21 23:45:58,265 | INFO | [358/3135] Match 8609627136 DONE in 30.1s
2026-02-21 23:46:02,232 | INFO | [359/3135] Match 8609628589 START
2026-02-21 23:46:02,232 | INFO | Match 8609628589: fetch overview
2026-02-21 23:46:11,946 | INFO | Match 8609628589: parse overview
2026-02-21 23:46:14,980 | INFO | Match 8609628589: fetch lanes
2026-02-21 23:48:38,942 | INFO | Match 8609628589: parse lanes
2026-02-21 23:48:38,942 | INFO | Match 8609628589: append to Excel
2026-02-21 23:48:45,500 | INFO | [359/3135] Match 8609628589 DONE in 163.3s
2026-02-21 23:48:49,446 | INFO | [360/3135] Match 8609577586 START
2026-02-21 23:48:49,446 | INFO | Match 8609577586: fetch overview
2026-02-21 23:48:59,018 | INFO | Match 8609577586: parse overview
2026-02-21 23:49:03,342 | INFO | Match 8609577586: fetch lanes
2026-02-21 23:49:11,580 | INFO | Match 8609577586: parse lanes
2026-02-21 23:49:11,656 | INFO | Match 8609577586: append to Excel
2026-02-21 23:49:18,335 | INFO | [360/3135] Match 8609577586 DONE in 28.9s
2026-02-21 23:49:20,651 | INFO | [361/3135] Match 8609625716 START
2026-02-21 23:49:20,651 | INFO | Match 8609625716: fetch overview
2026-02-21 23:49:30,887 | INFO | Match 8609625716: parse overview
2026-02-21 23:49:35,839 | INFO | Match 8609625716: fetch lanes
2026-02-21 23:49:44,706 | INFO | Match 8609625716: parse lanes
2026-02-21 23:49:44,770 | INFO | Match 8609625716: append to Excel
2026-02-21 23:49:51,625 | INFO | [361/3135] Match 8609625716 DONE in 31.0s
2026-02-21 23:49:55,025 | INFO | [362/3135] Match 8609609960 START
2026-02-21 23:49:55,025 | INFO | Match 8609609960: fetch overview
2026-02-21 23:50:04,621 | INFO | Match 8609609960: parse overview
2026-02-21 23:50:08,702 | INFO | Match 8609609960: fetch lanes
2026-02-21 23:52:31,718 | INFO | Match 8609609960: parse lanes
2026-02-21 23:52:31,719 | INFO | Match 8609609960: append to Excel
2026-02-21 23:52:38,255 | INFO | [362/3135] Match 8609609960 DONE in 163.2s
2026-02-21 23:52:41,325 | INFO | [363/3135] Match 8609621672 START
2026-02-21 23:52:41,325 | INFO | Match 8609621672: fetch overview
2026-02-21 23:52:52,088 | INFO | Match 8609621672: parse overview
2026-02-21 23:52:55,293 | INFO | Match 8609621672: fetch lanes
2026-02-21 23:53:03,852 | INFO | Match 8609621672: parse lanes
2026-02-21 23:53:03,909 | INFO | Match 8609621672: append to Excel
2026-02-21 23:53:10,335 | INFO | [363/3135] Match 8609621672 DONE in 29.0s
2026-02-21 23:53:12,414 | INFO | [364/3135] Match 8609619464 START
2026-02-21 23:53:12,415 | INFO | Match 8609619464: fetch overview
2026-02-21 23:53:22,076 | INFO | Match 8609619464: parse overview
2026-02-21 23:53:26,374 | INFO | Match 8609619464: fetch lanes
2026-02-21 23:55:49,902 | INFO | Match 8609619464: parse lanes
2026-02-21 23:55:49,903 | INFO | Match 8609619464: append to Excel
2026-02-21 23:55:57,271 | INFO | [364/3135] Match 8609619464 DONE in 164.9s
2026-02-21 23:55:59,930 | INFO | [365/3135] Match 8609622445 START
2026-02-21 23:55:59,930 | INFO | Match 8609622445: fetch overview
2026-02-21 23:56:10,214 | INFO | Match 8609622445: parse overview
2026-02-21 23:56:14,036 | INFO | Match 8609622445: fetch lanes
2026-02-21 23:58:36,359 | INFO | Match 8609622445: parse lanes
2026-02-21 23:58:36,362 | INFO | Match 8609622445: append to Excel
2026-02-21 23:58:44,005 | INFO | [365/3135] Match 8609622445 DONE in 164.1s
2026-02-21 23:58:46,926 | INFO | [366/3135] Match 8609607139 START
2026-02-21 23:58:46,926 | INFO | Match 8609607139: fetch overview
2026-02-21 23:58:57,709 | INFO | Match 8609607139: parse overview
2026-02-21 23:59:00,861 | INFO | Match 8609607139: fetch lanes
2026-02-21 23:59:10,360 | INFO | Match 8609607139: parse lanes
2026-02-21 23:59:10,430 | INFO | Match 8609607139: append to Excel
2026-02-21 23:59:17,325 | INFO | [366/3135] Match 8609607139 DONE in 30.4s
2026-02-21 23:59:19,383 | INFO | [367/3135] Match 8609616253 START
2026-02-21 23:59:19,383 | INFO | Match 8609616253: fetch overview
2026-02-21 23:59:29,308 | INFO | Match 8609616253: parse overview
2026-02-21 23:59:32,466 | INFO | Match 8609616253: fetch lanes
2026-02-21 23:59:40,784 | INFO | Match 8609616253: parse lanes
2026-02-21 23:59:40,866 | INFO | Match 8609616253: append to Excel
2026-02-21 23:59:47,376 | INFO | [367/3135] Match 8609616253 DONE in 28.0s
2026-02-21 23:59:51,000 | INFO | [368/3135] Match 8609620001 START
2026-02-21 23:59:51,000 | INFO | Match 8609620001: fetch overview
2026-02-22 00:00:01,193 | INFO | Match 8609620001: parse overview
2026-02-22 00:00:05,105 | INFO | Match 8609620001: fetch lanes
2026-02-22 00:02:28,593 | INFO | Match 8609620001: parse lanes
2026-02-22 00:02:28,594 | INFO | Match 8609620001: append to Excel
2026-02-22 00:02:35,487 | INFO | [368/3135] Match 8609620001 DONE in 164.5s
2026-02-22 00:02:37,894 | INFO | [369/3135] Match 8609600326 START
2026-02-22 00:02:37,894 | INFO | Match 8609600326: fetch overview
2026-02-22 00:02:48,384 | INFO | Match 8609600326: parse overview
2026-02-22 00:02:51,984 | INFO | Match 8609600326: fetch lanes
2026-02-22 00:03:00,210 | INFO | Match 8609600326: parse lanes
2026-02-22 00:03:00,275 | INFO | Match 8609600326: append to Excel
2026-02-22 00:03:07,155 | INFO | [369/3135] Match 8609600326 DONE in 29.3s
2026-02-22 00:03:10,035 | INFO | [370/3135] Match 8609613832 START
2026-02-22 00:03:10,035 | INFO | Match 8609613832: fetch overview
2026-02-22 00:03:20,201 | INFO | Match 8609613832: parse overview
2026-02-22 00:03:23,596 | INFO | Match 8609613832: fetch lanes
2026-02-22 00:05:46,483 | INFO | Match 8609613832: parse lanes
2026-02-22 00:05:46,484 | INFO | Match 8609613832: append to Excel
2026-02-22 00:05:53,127 | INFO | [370/3135] Match 8609613832 DONE in 163.1s
2026-02-22 00:05:56,119 | INFO | [371/3135] Match 8609629811 START
2026-02-22 00:05:56,120 | INFO | Match 8609629811: fetch overview
2026-02-22 00:06:05,950 | INFO | Match 8609629811: parse overview
2026-02-22 00:06:09,028 | INFO | Match 8609629811: fetch lanes
2026-02-22 00:06:18,563 | INFO | Match 8609629811: parse lanes
2026-02-22 00:06:19,163 | INFO | Match 8609629811: append to Excel
2026-02-22 00:06:25,578 | INFO | [371/3135] Match 8609629811 DONE in 29.5s
2026-02-22 00:06:28,054 | INFO | [372/3135] Match 8609622041 START
2026-02-22 00:06:28,054 | INFO | Match 8609622041: fetch overview
2026-02-22 00:06:39,060 | INFO | Match 8609622041: parse overview
2026-02-22 00:06:42,327 | INFO | Match 8609622041: fetch lanes
2026-02-22 00:06:51,752 | INFO | Match 8609622041: parse lanes
2026-02-22 00:06:51,850 | INFO | Match 8609622041: append to Excel
2026-02-22 00:06:58,940 | INFO | [372/3135] Match 8609622041 DONE in 30.9s
2026-02-22 00:07:02,780 | INFO | [373/3135] Match 8609610858 START
2026-02-22 00:07:02,780 | INFO | Match 8609610858: fetch overview
2026-02-22 00:07:12,441 | INFO | Match 8609610858: parse overview
2026-02-22 00:07:16,543 | INFO | Match 8609610858: fetch lanes
2026-02-22 00:09:38,933 | INFO | Match 8609610858: parse lanes
2026-02-22 00:09:38,934 | INFO | Match 8609610858: append to Excel
2026-02-22 00:09:45,567 | INFO | [373/3135] Match 8609610858 DONE in 162.8s
2026-02-22 00:09:49,311 | INFO | [374/3135] Match 8609623885 START
2026-02-22 00:09:49,311 | INFO | Match 8609623885: fetch overview
2026-02-22 00:09:58,797 | INFO | Match 8609623885: parse overview
2026-02-22 00:10:03,217 | INFO | Match 8609623885: fetch lanes
2026-02-22 00:12:25,846 | INFO | Match 8609623885: parse lanes
2026-02-22 00:12:25,849 | INFO | Match 8609623885: append to Excel
2026-02-22 00:12:32,514 | INFO | [374/3135] Match 8609623885 DONE in 163.2s
2026-02-22 00:12:36,175 | INFO | [375/3135] Match 8609632920 START
2026-02-22 00:12:36,175 | INFO | Match 8609632920: fetch overview
2026-02-22 00:12:45,555 | INFO | Match 8609632920: parse overview
2026-02-22 00:12:49,069 | INFO | Match 8609632920: fetch lanes
2026-02-22 00:15:12,277 | INFO | Match 8609632920: parse lanes
2026-02-22 00:15:12,278 | INFO | Match 8609632920: append to Excel
2026-02-22 00:15:19,478 | INFO | [375/3135] Match 8609632920 DONE in 163.3s
2026-02-22 00:15:21,490 | INFO | [376/3135] Match 8609615620 START
2026-02-22 00:15:21,490 | INFO | Match 8609615620: fetch overview
2026-02-22 00:15:31,073 | INFO | Match 8609615620: parse overview
2026-02-22 00:15:33,900 | INFO | Match 8609615620: fetch lanes
2026-02-22 00:17:56,297 | INFO | Match 8609615620: parse lanes
2026-02-22 00:17:56,298 | INFO | Match 8609615620: append to Excel
2026-02-22 00:18:02,875 | INFO | [376/3135] Match 8609615620 DONE in 161.4s
2026-02-22 00:18:06,043 | INFO | [377/3135] Match 8609613165 START
2026-02-22 00:18:06,043 | INFO | Match 8609613165: fetch overview
2026-02-22 00:18:16,698 | INFO | Match 8609613165: parse overview
2026-02-22 00:18:20,854 | INFO | Match 8609613165: fetch lanes
2026-02-22 00:18:30,163 | INFO | Match 8609613165: parse lanes
2026-02-22 00:18:30,222 | INFO | Match 8609613165: append to Excel
2026-02-22 00:18:36,514 | INFO | [377/3135] Match 8609613165 DONE in 30.5s
2026-02-22 00:18:39,513 | INFO | [378/3135] Match 8609602723 START
2026-02-22 00:18:39,513 | INFO | Match 8609602723: fetch overview
2026-02-22 00:18:48,781 | INFO | Match 8609602723: parse overview
2026-02-22 00:18:53,612 | INFO | Match 8609602723: fetch lanes
2026-02-22 00:21:17,047 | INFO | Match 8609602723: parse lanes
2026-02-22 00:21:17,050 | INFO | Match 8609602723: append to Excel
2026-02-22 00:21:24,111 | INFO | [378/3135] Match 8609602723 DONE in 164.6s
2026-02-22 00:21:27,913 | INFO | [379/3135] Match 8609617852 START
2026-02-22 00:21:27,913 | INFO | Match 8609617852: fetch overview
2026-02-22 00:21:38,753 | INFO | Match 8609617852: parse overview
2026-02-22 00:21:44,628 | INFO | Match 8609617852: fetch lanes
2026-02-22 00:21:53,982 | INFO | Match 8609617852: parse lanes
2026-02-22 00:21:54,044 | INFO | Match 8609617852: append to Excel
2026-02-22 00:22:00,376 | INFO | [379/3135] Match 8609617852 DONE in 32.5s
2026-02-22 00:22:04,291 | INFO | [380/3135] Match 8609617337 START
2026-02-22 00:22:04,292 | INFO | Match 8609617337: fetch overview
2026-02-22 00:22:14,386 | INFO | Match 8609617337: parse overview
2026-02-22 00:22:19,245 | INFO | Match 8609617337: fetch lanes
2026-02-22 00:24:42,430 | INFO | Match 8609617337: parse lanes
2026-02-22 00:24:42,432 | INFO | Match 8609617337: append to Excel
2026-02-22 00:24:49,610 | INFO | [380/3135] Match 8609617337 DONE in 165.3s
2026-02-22 00:24:53,476 | INFO | [381/3135] Match 8609624084 START
2026-02-22 00:24:53,477 | INFO | Match 8609624084: fetch overview
2026-02-22 00:25:04,577 | INFO | Match 8609624084: parse overview
2026-02-22 00:25:08,911 | INFO | Match 8609624084: fetch lanes
2026-02-22 00:25:17,560 | INFO | Match 8609624084: parse lanes
2026-02-22 00:25:18,134 | INFO | Match 8609624084: append to Excel
2026-02-22 00:25:24,249 | INFO | [381/3135] Match 8609624084 DONE in 30.8s
2026-02-22 00:25:26,871 | INFO | [382/3135] Match 8609614982 START
2026-02-22 00:25:26,872 | INFO | Match 8609614982: fetch overview
2026-02-22 00:25:37,206 | INFO | Match 8609614982: parse overview
2026-02-22 00:25:41,284 | INFO | Match 8609614982: fetch lanes
2026-02-22 00:28:04,245 | INFO | Match 8609614982: parse lanes
2026-02-22 00:28:04,247 | INFO | Match 8609614982: append to Excel
2026-02-22 00:28:11,269 | INFO | [382/3135] Match 8609614982 DONE in 164.4s
2026-02-22 00:28:14,709 | INFO | [383/3135] Match 8609637353 START
2026-02-22 00:28:14,709 | INFO | Match 8609637353: fetch overview
2026-02-22 00:28:25,443 | INFO | Match 8609637353: parse overview
2026-02-22 00:28:28,343 | INFO | Match 8609637353: fetch lanes
2026-02-22 00:28:37,516 | INFO | Match 8609637353: parse lanes
2026-02-22 00:28:37,604 | INFO | Match 8609637353: append to Excel
2026-02-22 00:28:44,636 | INFO | [383/3135] Match 8609637353 DONE in 29.9s
2026-02-22 00:28:47,244 | INFO | [384/3135] Match 8609607362 START
2026-02-22 00:28:47,244 | INFO | Match 8609607362: fetch overview
2026-02-22 00:28:57,137 | INFO | Match 8609607362: parse overview
2026-02-22 00:29:00,594 | INFO | Match 8609607362: fetch lanes
2026-02-22 00:29:09,259 | INFO | Match 8609607362: parse lanes
2026-02-22 00:29:09,325 | INFO | Match 8609607362: append to Excel
2026-02-22 00:29:15,734 | INFO | [384/3135] Match 8609607362 DONE in 28.5s
2026-02-22 00:29:18,372 | INFO | [385/3135] Match 8609632950 START
2026-02-22 00:29:18,372 | INFO | Match 8609632950: fetch overview
2026-02-22 00:29:28,433 | INFO | Match 8609632950: parse overview
2026-02-22 00:29:32,777 | INFO | Match 8609632950: fetch lanes
2026-02-22 00:29:41,342 | INFO | Match 8609632950: parse lanes
2026-02-22 00:29:41,404 | INFO | Match 8609632950: append to Excel
2026-02-22 00:29:48,708 | INFO | [385/3135] Match 8609632950 DONE in 30.3s
2026-02-22 00:29:51,269 | INFO | [386/3135] Match 8609634456 START
2026-02-22 00:29:51,269 | INFO | Match 8609634456: fetch overview
2026-02-22 00:30:01,509 | INFO | Match 8609634456: parse overview
2026-02-22 00:30:05,488 | INFO | Match 8609634456: fetch lanes
2026-02-22 00:30:14,176 | INFO | Match 8609634456: parse lanes
2026-02-22 00:30:14,237 | INFO | Match 8609634456: append to Excel
2026-02-22 00:30:20,933 | INFO | [386/3135] Match 8609634456 DONE in 29.7s
2026-02-22 00:30:23,974 | INFO | [387/3135] Match 8609625544 START
2026-02-22 00:30:23,974 | INFO | Match 8609625544: fetch overview
2026-02-22 00:30:33,842 | INFO | Match 8609625544: parse overview
2026-02-22 00:30:38,416 | INFO | Match 8609625544: fetch lanes
2026-02-22 00:30:47,831 | INFO | Match 8609625544: parse lanes
2026-02-22 00:30:48,415 | INFO | Match 8609625544: append to Excel
2026-02-22 00:30:54,804 | INFO | [387/3135] Match 8609625544 DONE in 30.8s
2026-02-22 00:30:58,748 | INFO | [388/3135] Match 8609627891 START
2026-02-22 00:30:58,749 | INFO | Match 8609627891: fetch overview
2026-02-22 00:31:08,902 | INFO | Match 8609627891: parse overview
2026-02-22 00:31:12,224 | INFO | Match 8609627891: fetch lanes
2026-02-22 00:31:20,999 | INFO | Match 8609627891: parse lanes
2026-02-22 00:31:21,061 | INFO | Match 8609627891: append to Excel
2026-02-22 00:31:29,719 | INFO | [388/3135] Match 8609627891 DONE in 31.0s
2026-02-22 00:31:32,076 | INFO | [389/3135] Match 8609626557 START
2026-02-22 00:31:32,077 | INFO | Match 8609626557: fetch overview
2026-02-22 00:31:42,143 | INFO | Match 8609626557: parse overview
2026-02-22 00:31:46,010 | INFO | Match 8609626557: fetch lanes
2026-02-22 00:31:55,190 | INFO | Match 8609626557: parse lanes
2026-02-22 00:31:55,679 | INFO | Match 8609626557: append to Excel
2026-02-22 00:32:01,787 | INFO | [389/3135] Match 8609626557 DONE in 29.7s
2026-02-22 00:32:04,529 | INFO | [390/3135] Match 8609600266 START
2026-02-22 00:32:04,530 | INFO | Match 8609600266: fetch overview
2026-02-22 00:32:15,587 | INFO | Match 8609600266: parse overview
2026-02-22 00:32:20,671 | INFO | Match 8609600266: fetch lanes
2026-02-22 00:32:29,988 | INFO | Match 8609600266: parse lanes
2026-02-22 00:32:30,080 | INFO | Match 8609600266: append to Excel
2026-02-22 00:32:36,981 | INFO | [390/3135] Match 8609600266 DONE in 32.5s
2026-02-22 00:32:39,574 | INFO | [391/3135] Match 8609638712 START
2026-02-22 00:32:39,574 | INFO | Match 8609638712: fetch overview
2026-02-22 00:32:49,230 | INFO | Match 8609638712: parse overview
2026-02-22 00:32:51,905 | INFO | Match 8609638712: fetch lanes
2026-02-22 00:35:15,181 | INFO | Match 8609638712: parse lanes
2026-02-22 00:35:15,183 | INFO | Match 8609638712: append to Excel
2026-02-22 00:35:22,148 | INFO | [391/3135] Match 8609638712 DONE in 162.6s
2026-02-22 00:35:25,253 | INFO | [392/3135] Match 8609644586 START
2026-02-22 00:35:25,253 | INFO | Match 8609644586: fetch overview
2026-02-22 00:35:35,802 | INFO | Match 8609644586: parse overview
2026-02-22 00:35:39,588 | INFO | Match 8609644586: fetch lanes
2026-02-22 00:35:48,198 | INFO | Match 8609644586: parse lanes
2026-02-22 00:35:48,258 | INFO | Match 8609644586: append to Excel
2026-02-22 00:35:54,659 | INFO | [392/3135] Match 8609644586 DONE in 29.4s
2026-02-22 00:35:57,029 | INFO | [393/3135] Match 8609619142 START
2026-02-22 00:35:57,029 | INFO | Match 8609619142: fetch overview
2026-02-22 00:36:07,487 | INFO | Match 8609619142: parse overview
2026-02-22 00:36:11,456 | INFO | Match 8609619142: fetch lanes
2026-02-22 00:36:20,328 | INFO | Match 8609619142: parse lanes
2026-02-22 00:36:20,387 | INFO | Match 8609619142: append to Excel
2026-02-22 00:36:27,243 | INFO | [393/3135] Match 8609619142 DONE in 30.2s
2026-02-22 00:36:31,006 | INFO | [394/3135] Match 8609615346 START
2026-02-22 00:36:31,006 | INFO | Match 8609615346: fetch overview
2026-02-22 00:36:41,778 | INFO | Match 8609615346: parse overview
2026-02-22 00:36:45,995 | INFO | Match 8609615346: fetch lanes
2026-02-22 00:36:54,500 | INFO | Match 8609615346: parse lanes
2026-02-22 00:36:54,566 | INFO | Match 8609615346: append to Excel
2026-02-22 00:37:01,681 | INFO | [394/3135] Match 8609615346 DONE in 30.7s
2026-02-22 00:37:04,699 | INFO | [395/3135] Match 8609624671 START
2026-02-22 00:37:04,699 | INFO | Match 8609624671: fetch overview
2026-02-22 00:37:14,607 | INFO | Match 8609624671: parse overview
2026-02-22 00:37:18,468 | INFO | Match 8609624671: fetch lanes
2026-02-22 00:37:27,392 | INFO | Match 8609624671: parse lanes
2026-02-22 00:37:27,455 | INFO | Match 8609624671: append to Excel
2026-02-22 00:37:34,327 | INFO | [395/3135] Match 8609624671 DONE in 29.6s
2026-02-22 00:37:37,066 | INFO | [396/3135] Match 8609602547 START
2026-02-22 00:37:37,066 | INFO | Match 8609602547: fetch overview
2026-02-22 00:37:47,824 | INFO | Match 8609602547: parse overview
2026-02-22 00:37:52,105 | INFO | Match 8609602547: fetch lanes
2026-02-22 00:38:00,574 | INFO | Match 8609602547: parse lanes
2026-02-22 00:38:01,217 | INFO | Match 8609602547: append to Excel
2026-02-22 00:38:08,088 | INFO | [396/3135] Match 8609602547 DONE in 31.0s
2026-02-22 00:38:11,916 | INFO | [397/3135] Match 8609626879 START
2026-02-22 00:38:11,916 | INFO | Match 8609626879: fetch overview
2026-02-22 00:38:22,213 | INFO | Match 8609626879: parse overview
2026-02-22 00:38:25,639 | INFO | Match 8609626879: fetch lanes
2026-02-22 00:38:34,786 | INFO | Match 8609626879: parse lanes
2026-02-22 00:38:34,852 | INFO | Match 8609626879: append to Excel
2026-02-22 00:38:41,832 | INFO | [397/3135] Match 8609626879 DONE in 29.9s
2026-02-22 00:38:43,989 | INFO | [398/3135] Match 8609634231 START
2026-02-22 00:38:43,989 | INFO | Match 8609634231: fetch overview
2026-02-22 00:38:54,241 | INFO | Match 8609634231: parse overview
2026-02-22 00:38:58,181 | INFO | Match 8609634231: fetch lanes
2026-02-22 00:39:07,128 | INFO | Match 8609634231: parse lanes
2026-02-22 00:39:07,186 | INFO | Match 8609634231: append to Excel
2026-02-22 00:39:14,868 | INFO | [398/3135] Match 8609634231 DONE in 30.9s
2026-02-22 00:39:17,984 | INFO | [399/3135] Match 8609622591 START
2026-02-22 00:39:17,984 | INFO | Match 8609622591: fetch overview
2026-02-22 00:39:27,472 | INFO | Match 8609622591: parse overview
2026-02-22 00:39:30,160 | INFO | Match 8609622591: fetch lanes
2026-02-22 00:41:53,587 | INFO | Match 8609622591: parse lanes
2026-02-22 00:41:53,589 | INFO | Match 8609622591: append to Excel
2026-02-22 00:42:00,133 | INFO | [399/3135] Match 8609622591 DONE in 162.1s
2026-02-22 00:42:03,158 | INFO | [400/3135] Match 8609617806 START
2026-02-22 00:42:03,158 | INFO | Match 8609617806: fetch overview
2026-02-22 00:42:14,009 | INFO | Match 8609617806: parse overview
2026-02-22 00:42:19,121 | INFO | Match 8609617806: fetch lanes
2026-02-22 00:42:28,126 | INFO | Match 8609617806: parse lanes
2026-02-22 00:42:28,193 | INFO | Match 8609617806: append to Excel
2026-02-22 00:42:34,357 | INFO | [400/3135] Match 8609617806 DONE in 31.2s
2026-02-22 00:42:36,746 | INFO | [401/3135] Match 8609632022 START
2026-02-22 00:42:36,746 | INFO | Match 8609632022: fetch overview
2026-02-22 00:42:46,420 | INFO | Match 8609632022: parse overview
2026-02-22 00:42:49,507 | INFO | Match 8609632022: fetch lanes
2026-02-22 00:42:58,790 | INFO | Match 8609632022: parse lanes
2026-02-22 00:42:58,876 | INFO | Match 8609632022: append to Excel
2026-02-22 00:43:05,669 | INFO | [401/3135] Match 8609632022 DONE in 28.9s
2026-02-22 00:43:07,701 | INFO | [402/3135] Match 8609619355 START
2026-02-22 00:43:07,701 | INFO | Match 8609619355: fetch overview
2026-02-22 00:43:17,886 | INFO | Match 8609619355: parse overview
2026-02-22 00:43:23,280 | INFO | Match 8609619355: fetch lanes
2026-02-22 00:43:32,021 | INFO | Match 8609619355: parse lanes
2026-02-22 00:43:32,081 | INFO | Match 8609619355: append to Excel
2026-02-22 00:43:38,511 | INFO | [402/3135] Match 8609619355 DONE in 30.8s
2026-02-22 00:43:42,480 | INFO | [403/3135] Match 8609610599 START
2026-02-22 00:43:42,480 | INFO | Match 8609610599: fetch overview
2026-02-22 00:43:52,833 | INFO | Match 8609610599: parse overview
2026-02-22 00:43:57,724 | INFO | Match 8609610599: fetch lanes
2026-02-22 00:44:06,584 | INFO | Match 8609610599: parse lanes
2026-02-22 00:44:06,645 | INFO | Match 8609610599: append to Excel
2026-02-22 00:44:13,570 | INFO | [403/3135] Match 8609610599 DONE in 31.1s
2026-02-22 00:44:17,064 | INFO | [404/3135] Match 8609644666 START
2026-02-22 00:44:17,064 | INFO | Match 8609644666: fetch overview
2026-02-22 00:44:27,586 | INFO | Match 8609644666: parse overview
2026-02-22 00:44:32,429 | INFO | Match 8609644666: fetch lanes
2026-02-22 00:46:55,329 | INFO | Match 8609644666: parse lanes
2026-02-22 00:46:55,331 | INFO | Match 8609644666: append to Excel
2026-02-22 00:47:02,166 | INFO | [404/3135] Match 8609644666 DONE in 165.1s
2026-02-22 00:47:05,756 | INFO | [405/3135] Match 8609639501 START
2026-02-22 00:47:05,756 | INFO | Match 8609639501: fetch overview
2026-02-22 00:47:16,528 | INFO | Match 8609639501: parse overview
2026-02-22 00:47:20,857 | INFO | Match 8609639501: fetch lanes
2026-02-22 00:47:29,439 | INFO | Match 8609639501: parse lanes
2026-02-22 00:47:29,506 | INFO | Match 8609639501: append to Excel
2026-02-22 00:47:36,411 | INFO | [405/3135] Match 8609639501 DONE in 30.7s
2026-02-22 00:47:38,525 | INFO | [406/3135] Match 8609609500 START
2026-02-22 00:47:38,525 | INFO | Match 8609609500: fetch overview
2026-02-22 00:47:47,533 | INFO | Match 8609609500: parse overview
2026-02-22 00:47:51,205 | INFO | Match 8609609500: fetch lanes
2026-02-22 00:50:14,415 | INFO | Match 8609609500: parse lanes
2026-02-22 00:50:14,416 | INFO | Match 8609609500: append to Excel
2026-02-22 00:50:21,988 | INFO | [406/3135] Match 8609609500 DONE in 163.5s
2026-02-22 00:50:25,256 | INFO | [407/3135] Match 8609637220 START
2026-02-22 00:50:25,257 | INFO | Match 8609637220: fetch overview
2026-02-22 00:50:35,923 | INFO | Match 8609637220: parse overview
2026-02-22 00:50:40,185 | INFO | Match 8609637220: fetch lanes
2026-02-22 00:50:49,242 | INFO | Match 8609637220: parse lanes
2026-02-22 00:50:49,332 | INFO | Match 8609637220: append to Excel
2026-02-22 00:50:56,599 | INFO | [407/3135] Match 8609637220 DONE in 31.3s
2026-02-22 00:51:00,212 | INFO | [408/3135] Match 8609615246 START
2026-02-22 00:51:00,212 | INFO | Match 8609615246: fetch overview
2026-02-22 00:51:11,017 | INFO | Match 8609615246: parse overview
2026-02-22 00:51:14,596 | INFO | Match 8609615246: fetch lanes
2026-02-22 00:53:37,035 | INFO | Match 8609615246: parse lanes
2026-02-22 00:53:37,036 | INFO | Match 8609615246: append to Excel
2026-02-22 00:53:43,967 | INFO | [408/3135] Match 8609615246 DONE in 163.8s
2026-02-22 00:53:46,538 | INFO | [409/3135] Match 8609647819 START
2026-02-22 00:53:46,539 | INFO | Match 8609647819: fetch overview
2026-02-22 00:53:56,683 | INFO | Match 8609647819: parse overview
2026-02-22 00:54:01,074 | INFO | Match 8609647819: fetch lanes
2026-02-22 00:54:10,210 | INFO | Match 8609647819: parse lanes
2026-02-22 00:54:10,287 | INFO | Match 8609647819: append to Excel
2026-02-22 00:54:17,714 | INFO | [409/3135] Match 8609647819 DONE in 31.2s
2026-02-22 00:54:20,958 | INFO | [410/3135] Match 8609616255 START
2026-02-22 00:54:20,959 | INFO | Match 8609616255: fetch overview
2026-02-22 00:54:31,354 | INFO | Match 8609616255: parse overview
2026-02-22 00:54:35,171 | INFO | Match 8609616255: fetch lanes
2026-02-22 00:54:43,852 | INFO | Match 8609616255: parse lanes
2026-02-22 00:54:43,915 | INFO | Match 8609616255: append to Excel
2026-02-22 00:54:50,858 | INFO | [410/3135] Match 8609616255 DONE in 29.9s
2026-02-22 00:54:54,474 | INFO | [411/3135] Match 8609629253 START
2026-02-22 00:54:54,474 | INFO | Match 8609629253: fetch overview
2026-02-22 00:55:04,682 | INFO | Match 8609629253: parse overview
2026-02-22 00:55:08,907 | INFO | Match 8609629253: fetch lanes
2026-02-22 00:55:17,719 | INFO | Match 8609629253: parse lanes
2026-02-22 00:55:17,787 | INFO | Match 8609629253: append to Excel
2026-02-22 00:55:24,600 | INFO | [411/3135] Match 8609629253 DONE in 30.1s
2026-02-22 00:55:28,207 | INFO | [412/3135] Match 8609636611 START
2026-02-22 00:55:28,207 | INFO | Match 8609636611: fetch overview
2026-02-22 00:55:38,421 | INFO | Match 8609636611: parse overview
2026-02-22 00:55:42,746 | INFO | Match 8609636611: fetch lanes
2026-02-22 00:58:05,020 | INFO | Match 8609636611: parse lanes
2026-02-22 00:58:05,021 | INFO | Match 8609636611: append to Excel
2026-02-22 00:58:13,152 | INFO | [412/3135] Match 8609636611 DONE in 164.9s
2026-02-22 00:58:16,823 | INFO | [413/3135] Match 8609644543 START
2026-02-22 00:58:16,823 | INFO | Match 8609644543: fetch overview
2026-02-22 00:58:26,688 | INFO | Match 8609644543: parse overview
2026-02-22 00:58:31,100 | INFO | Match 8609644543: fetch lanes
2026-02-22 01:00:54,145 | INFO | Match 8609644543: parse lanes
2026-02-22 01:00:54,146 | INFO | Match 8609644543: append to Excel
2026-02-22 01:01:01,258 | INFO | [413/3135] Match 8609644543 DONE in 164.4s
2026-02-22 01:01:04,380 | INFO | [414/3135] Match 8609644341 START
2026-02-22 01:01:04,380 | INFO | Match 8609644341: fetch overview
2026-02-22 01:01:15,025 | INFO | Match 8609644341: parse overview
2026-02-22 01:01:18,903 | INFO | Match 8609644341: fetch lanes
2026-02-22 01:01:28,533 | INFO | Match 8609644341: parse lanes
2026-02-22 01:01:29,145 | INFO | Match 8609644341: append to Excel
2026-02-22 01:01:35,819 | INFO | [414/3135] Match 8609644341 DONE in 31.4s
2026-02-22 01:01:37,886 | INFO | [415/3135] Match 8609646812 START
2026-02-22 01:01:37,886 | INFO | Match 8609646812: fetch overview
2026-02-22 01:01:47,787 | INFO | Match 8609646812: parse overview
2026-02-22 01:01:50,635 | INFO | Match 8609646812: fetch lanes
2026-02-22 01:01:58,895 | INFO | Match 8609646812: parse lanes
2026-02-22 01:01:58,956 | INFO | Match 8609646812: append to Excel
2026-02-22 01:02:06,548 | INFO | [415/3135] Match 8609646812 DONE in 28.7s
2026-02-22 01:02:09,341 | INFO | [416/3135] Match 8609606662 START
2026-02-22 01:02:09,341 | INFO | Match 8609606662: fetch overview
2026-02-22 01:02:20,115 | INFO | Match 8609606662: parse overview
2026-02-22 01:02:24,786 | INFO | Match 8609606662: fetch lanes
2026-02-22 01:04:48,318 | INFO | Match 8609606662: parse lanes
2026-02-22 01:04:48,319 | INFO | Match 8609606662: append to Excel
2026-02-22 01:04:55,745 | INFO | [416/3135] Match 8609606662 DONE in 166.4s
2026-02-22 01:04:58,906 | INFO | [417/3135] Match 8609613775 START
2026-02-22 01:04:58,906 | INFO | Match 8609613775: fetch overview
2026-02-22 01:05:10,790 | INFO | Match 8609613775: parse overview
2026-02-22 01:05:14,478 | INFO | Match 8609613775: fetch lanes
2026-02-22 01:05:22,927 | INFO | Match 8609613775: parse lanes
2026-02-22 01:05:22,991 | INFO | Match 8609613775: append to Excel
2026-02-22 01:05:30,845 | INFO | [417/3135] Match 8609613775 DONE in 31.9s
2026-02-22 01:05:33,971 | INFO | [418/3135] Match 8609630349 START
2026-02-22 01:05:33,971 | INFO | Match 8609630349: fetch overview
2026-02-22 01:05:44,855 | INFO | Match 8609630349: parse overview
2026-02-22 01:05:49,096 | INFO | Match 8609630349: fetch lanes
2026-02-22 01:05:57,880 | INFO | Match 8609630349: parse lanes
2026-02-22 01:05:57,941 | INFO | Match 8609630349: append to Excel
2026-02-22 01:06:05,859 | INFO | [418/3135] Match 8609630349 DONE in 31.9s
2026-02-22 01:06:09,269 | INFO | [419/3135] Match 8609612518 START
2026-02-22 01:06:09,270 | INFO | Match 8609612518: fetch overview
2026-02-22 01:06:19,949 | INFO | Match 8609612518: parse overview
2026-02-22 01:06:24,793 | INFO | Match 8609612518: fetch lanes
2026-02-22 01:06:33,910 | INFO | Match 8609612518: parse lanes
2026-02-22 01:06:33,973 | INFO | Match 8609612518: append to Excel
2026-02-22 01:06:41,228 | INFO | [419/3135] Match 8609612518 DONE in 32.0s
2026-02-22 01:06:43,779 | INFO | [420/3135] Match 8609646231 START
2026-02-22 01:06:43,779 | INFO | Match 8609646231: fetch overview
2026-02-22 01:06:54,545 | INFO | Match 8609646231: parse overview
2026-02-22 01:06:59,294 | INFO | Match 8609646231: fetch lanes
2026-02-22 01:07:08,309 | INFO | Match 8609646231: parse lanes
2026-02-22 01:07:08,369 | INFO | Match 8609646231: append to Excel
2026-02-22 01:07:15,215 | INFO | [420/3135] Match 8609646231 DONE in 31.4s
2026-02-22 01:07:17,278 | INFO | [421/3135] Match 8609641225 START
2026-02-22 01:07:17,278 | INFO | Match 8609641225: fetch overview
2026-02-22 01:07:27,043 | INFO | Match 8609641225: parse overview
2026-02-22 01:07:29,979 | INFO | Match 8609641225: fetch lanes
2026-02-22 01:09:52,581 | INFO | Match 8609641225: parse lanes
2026-02-22 01:09:52,585 | INFO | Match 8609641225: append to Excel
2026-02-22 01:10:00,159 | INFO | [421/3135] Match 8609641225 DONE in 162.9s
2026-02-22 01:10:02,287 | INFO | [422/3135] Match 8609627814 START
2026-02-22 01:10:02,288 | INFO | Match 8609627814: fetch overview
2026-02-22 01:10:13,191 | INFO | Match 8609627814: parse overview
2026-02-22 01:10:16,535 | INFO | Match 8609627814: fetch lanes
2026-02-22 01:10:25,744 | INFO | Match 8609627814: parse lanes
2026-02-22 01:10:25,815 | INFO | Match 8609627814: append to Excel
2026-02-22 01:10:34,011 | INFO | [422/3135] Match 8609627814 DONE in 31.7s
2026-02-22 01:10:36,105 | INFO | [423/3135] Match 8609627814 START
2026-02-22 01:10:36,105 | INFO | Match 8609627814: fetch overview
2026-02-22 01:10:45,516 | INFO | Match 8609627814: parse overview
2026-02-22 01:10:49,304 | INFO | Match 8609627814: fetch lanes
2026-02-22 01:10:57,570 | INFO | Match 8609627814: parse lanes
2026-02-22 01:10:57,630 | INFO | Match 8609627814: append to Excel
2026-02-22 01:11:02,187 | INFO | Match 8609627814: already in Excel, skip append
2026-02-22 01:11:02,187 | INFO | [423/3135] Match 8609627814 DONE in 26.1s
2026-02-22 01:11:06,114 | INFO | [424/3135] Match 8609636310 START
2026-02-22 01:11:06,114 | INFO | Match 8609636310: fetch overview
2026-02-22 01:11:16,239 | INFO | Match 8609636310: parse overview
2026-02-22 01:11:19,404 | INFO | Match 8609636310: fetch lanes
2026-02-22 01:13:42,577 | INFO | Match 8609636310: parse lanes
2026-02-22 01:13:42,579 | INFO | Match 8609636310: append to Excel
2026-02-22 01:13:50,252 | INFO | [424/3135] Match 8609636310 DONE in 164.1s
2026-02-22 01:13:53,377 | INFO | [425/3135] Match 8609629449 START
2026-02-22 01:13:53,377 | INFO | Match 8609629449: fetch overview
2026-02-22 01:14:03,951 | INFO | Match 8609629449: parse overview
2026-02-22 01:14:08,942 | INFO | Match 8609629449: fetch lanes
2026-02-22 01:16:32,234 | INFO | Match 8609629449: parse lanes
2026-02-22 01:16:32,302 | INFO | Match 8609629449: append to Excel
2026-02-22 01:16:39,209 | INFO | [425/3135] Match 8609629449 DONE in 165.8s
2026-02-22 01:16:42,810 | INFO | [426/3135] Match 8609648350 START
2026-02-22 01:16:42,810 | INFO | Match 8609648350: fetch overview
2026-02-22 01:16:53,148 | INFO | Match 8609648350: parse overview
2026-02-22 01:16:56,030 | INFO | Match 8609648350: fetch lanes
2026-02-22 01:17:04,917 | INFO | Match 8609648350: parse lanes
2026-02-22 01:17:04,975 | INFO | Match 8609648350: append to Excel
2026-02-22 01:17:11,887 | INFO | [426/3135] Match 8609648350 DONE in 29.1s
2026-02-22 01:17:14,483 | INFO | [427/3135] Match 8609609956 START
2026-02-22 01:17:14,483 | INFO | Match 8609609956: fetch overview
2026-02-22 01:17:25,143 | INFO | Match 8609609956: parse overview
2026-02-22 01:17:29,650 | INFO | Match 8609609956: fetch lanes
2026-02-22 01:17:38,695 | INFO | Match 8609609956: parse lanes
2026-02-22 01:17:38,756 | INFO | Match 8609609956: append to Excel
2026-02-22 01:17:45,526 | INFO | [427/3135] Match 8609609956 DONE in 31.0s
2026-02-22 01:17:48,585 | INFO | [428/3135] Match 8609649760 START
2026-02-22 01:17:48,585 | INFO | Match 8609649760: fetch overview
2026-02-22 01:17:58,569 | INFO | Match 8609649760: parse overview
2026-02-22 01:18:02,805 | INFO | Match 8609649760: fetch lanes
2026-02-22 01:20:27,098 | INFO | Match 8609649760: parse lanes
2026-02-22 01:20:27,099 | INFO | Match 8609649760: append to Excel
2026-02-22 01:20:34,964 | INFO | [428/3135] Match 8609649760 DONE in 166.4s
2026-02-22 01:20:38,629 | INFO | [429/3135] Match 8609629014 START
2026-02-22 01:20:38,629 | INFO | Match 8609629014: fetch overview
2026-02-22 01:20:48,868 | INFO | Match 8609629014: parse overview
2026-02-22 01:20:51,864 | INFO | Match 8609629014: fetch lanes
2026-02-22 01:21:00,647 | INFO | Match 8609629014: parse lanes
2026-02-22 01:21:00,710 | INFO | Match 8609629014: append to Excel
2026-02-22 01:21:08,319 | INFO | [429/3135] Match 8609629014 DONE in 29.7s
2026-02-22 01:21:10,881 | INFO | [430/3135] Match 8609640133 START
2026-02-22 01:21:10,881 | INFO | Match 8609640133: fetch overview
2026-02-22 01:21:21,158 | INFO | Match 8609640133: parse overview
2026-02-22 01:21:24,453 | INFO | Match 8609640133: fetch lanes
2026-02-22 01:23:47,494 | INFO | Match 8609640133: parse lanes
2026-02-22 01:23:47,496 | INFO | Match 8609640133: append to Excel
2026-02-22 01:23:55,015 | INFO | [430/3135] Match 8609640133 DONE in 164.1s
2026-02-22 01:23:58,653 | INFO | [431/3135] Match 8609628365 START
2026-02-22 01:23:58,653 | INFO | Match 8609628365: fetch overview
2026-02-22 01:26:22,024 | INFO | Match 8609628365: parse overview
2026-02-22 01:26:25,096 | INFO | Match 8609628365: fetch lanes
2026-02-22 01:28:48,287 | INFO | Match 8609628365: parse lanes
2026-02-22 01:28:48,289 | INFO | Match 8609628365: append to Excel
2026-02-22 01:28:55,899 | INFO | [431/3135] Match 8609628365 DONE in 297.2s
2026-02-22 01:28:59,426 | INFO | [432/3135] Match 8609596658 START
2026-02-22 01:28:59,426 | INFO | Match 8609596658: fetch overview
2026-02-22 01:29:10,451 | INFO | Match 8609596658: parse overview
2026-02-22 01:29:14,132 | INFO | Match 8609596658: fetch lanes
2026-02-22 01:29:22,152 | INFO | Match 8609596658: parse lanes
2026-02-22 01:29:22,214 | INFO | Match 8609596658: append to Excel
2026-02-22 01:29:30,345 | INFO | [432/3135] Match 8609596658 DONE in 30.9s
2026-02-22 01:29:32,360 | INFO | [433/3135] Match 8609640024 START
2026-02-22 01:29:32,360 | INFO | Match 8609640024: fetch overview
2026-02-22 01:29:42,842 | INFO | Match 8609640024: parse overview
2026-02-22 01:29:46,965 | INFO | Match 8609640024: fetch lanes
2026-02-22 01:32:09,750 | INFO | Match 8609640024: parse lanes
2026-02-22 01:32:09,751 | INFO | Match 8609640024: append to Excel
2026-02-22 01:32:17,632 | INFO | [433/3135] Match 8609640024 DONE in 165.3s
2026-02-22 01:32:20,743 | INFO | [434/3135] Match 8609645686 START
2026-02-22 01:32:20,743 | INFO | Match 8609645686: fetch overview
2026-02-22 01:32:30,252 | INFO | Match 8609645686: parse overview
2026-02-22 01:32:33,155 | INFO | Match 8609645686: fetch lanes
2026-02-22 01:34:56,446 | INFO | Match 8609645686: parse lanes
2026-02-22 01:34:56,447 | INFO | Match 8609645686: append to Excel
2026-02-22 01:35:03,700 | INFO | [434/3135] Match 8609645686 DONE in 163.0s
2026-02-22 01:35:06,563 | INFO | [435/3135] Match 8609602877 START
2026-02-22 01:35:06,563 | INFO | Match 8609602877: fetch overview
2026-02-22 01:35:16,618 | INFO | Match 8609602877: parse overview
2026-02-22 01:35:20,756 | INFO | Match 8609602877: fetch lanes
2026-02-22 01:37:43,356 | INFO | Match 8609602877: parse lanes
2026-02-22 01:37:43,358 | INFO | Match 8609602877: append to Excel
2026-02-22 01:37:51,071 | INFO | [435/3135] Match 8609602877 DONE in 164.5s
2026-02-22 01:37:54,923 | INFO | [436/3135] Match 8609632370 START
2026-02-22 01:37:54,923 | INFO | Match 8609632370: fetch overview
2026-02-22 01:38:05,108 | INFO | Match 8609632370: parse overview
2026-02-22 01:38:10,064 | INFO | Match 8609632370: fetch lanes
2026-02-22 01:40:32,913 | INFO | Match 8609632370: parse lanes
2026-02-22 01:40:32,914 | INFO | Match 8609632370: append to Excel
2026-02-22 01:40:40,666 | INFO | [436/3135] Match 8609632370 DONE in 165.7s
2026-02-22 01:40:42,948 | INFO | [437/3135] Match 8609633614 START
2026-02-22 01:40:42,949 | INFO | Match 8609633614: fetch overview
2026-02-22 01:40:53,415 | INFO | Match 8609633614: parse overview
2026-02-22 01:40:57,366 | INFO | Match 8609633614: fetch lanes
2026-02-22 01:41:05,390 | INFO | Match 8609633614: parse lanes
2026-02-22 01:41:05,449 | INFO | Match 8609633614: append to Excel
2026-02-22 01:41:12,217 | INFO | [437/3135] Match 8609633614 DONE in 29.3s
2026-02-22 01:41:15,668 | INFO | [438/3135] Match 8609632215 START
2026-02-22 01:41:15,668 | INFO | Match 8609632215: fetch overview
2026-02-22 01:41:25,456 | INFO | Match 8609632215: parse overview
2026-02-22 01:41:28,910 | INFO | Match 8609632215: fetch lanes
2026-02-22 01:41:38,039 | INFO | Match 8609632215: parse lanes
2026-02-22 01:41:38,142 | INFO | Match 8609632215: append to Excel
2026-02-22 01:41:45,836 | INFO | [438/3135] Match 8609632215 DONE in 30.2s
2026-02-22 01:41:48,115 | INFO | [439/3135] Match 8609639765 START
2026-02-22 01:41:48,116 | INFO | Match 8609639765: fetch overview
2026-02-22 01:41:58,374 | INFO | Match 8609639765: parse overview
2026-02-22 01:42:02,822 | INFO | Match 8609639765: fetch lanes
2026-02-22 01:42:11,238 | INFO | Match 8609639765: parse lanes
2026-02-22 01:42:11,298 | INFO | Match 8609639765: append to Excel
2026-02-22 01:42:17,925 | INFO | [439/3135] Match 8609639765 DONE in 29.8s
2026-02-22 01:42:20,192 | INFO | [440/3135] Match 8609640318 START
2026-02-22 01:42:20,193 | INFO | Match 8609640318: fetch overview
2026-02-22 01:42:29,870 | INFO | Match 8609640318: parse overview
2026-02-22 01:42:33,564 | INFO | Match 8609640318: fetch lanes
2026-02-22 01:44:56,159 | INFO | Match 8609640318: parse lanes
2026-02-22 01:44:56,160 | INFO | Match 8609640318: append to Excel
2026-02-22 01:45:03,161 | INFO | [440/3135] Match 8609640318 DONE in 163.0s
2026-02-22 01:45:06,026 | INFO | [441/3135] Match 8609623172 START
2026-02-22 01:45:06,026 | INFO | Match 8609623172: fetch overview
2026-02-22 01:45:16,101 | INFO | Match 8609623172: parse overview
2026-02-22 01:45:20,298 | INFO | Match 8609623172: fetch lanes
2026-02-22 01:47:44,001 | INFO | Match 8609623172: parse lanes
2026-02-22 01:47:44,004 | INFO | Match 8609623172: append to Excel
2026-02-22 01:47:51,659 | INFO | [441/3135] Match 8609623172 DONE in 165.6s
2026-02-22 01:47:54,548 | INFO | [442/3135] Match 8609641309 START
2026-02-22 01:47:54,548 | INFO | Match 8609641309: fetch overview
2026-02-22 01:48:04,258 | INFO | Match 8609641309: parse overview
2026-02-22 01:48:08,732 | INFO | Match 8609641309: fetch lanes
2026-02-22 01:48:18,251 | INFO | Match 8609641309: parse lanes
2026-02-22 01:48:18,366 | INFO | Match 8609641309: append to Excel
2026-02-22 01:48:26,643 | INFO | [442/3135] Match 8609641309 DONE in 32.1s
2026-02-22 01:48:30,409 | INFO | [443/3135] Match 8609608166 START
2026-02-22 01:48:30,409 | INFO | Match 8609608166: fetch overview
2026-02-22 01:48:39,897 | INFO | Match 8609608166: parse overview
2026-02-22 01:48:44,090 | INFO | Match 8609608166: fetch lanes
2026-02-22 01:51:07,494 | INFO | Match 8609608166: parse lanes
2026-02-22 01:51:07,498 | INFO | Match 8609608166: append to Excel
2026-02-22 01:51:15,105 | INFO | [443/3135] Match 8609608166 DONE in 164.7s
2026-02-22 01:51:18,346 | INFO | [444/3135] Match 8609645379 START
2026-02-22 01:51:18,346 | INFO | Match 8609645379: fetch overview
2026-02-22 01:51:28,463 | INFO | Match 8609645379: parse overview
2026-02-22 01:51:32,639 | INFO | Match 8609645379: fetch lanes
2026-02-22 01:53:55,640 | INFO | Match 8609645379: parse lanes
2026-02-22 01:53:55,643 | INFO | Match 8609645379: append to Excel
2026-02-22 01:54:03,287 | INFO | [444/3135] Match 8609645379 DONE in 164.9s
2026-02-22 01:54:06,817 | INFO | [445/3135] Match 8609645669 START
2026-02-22 01:54:06,817 | INFO | Match 8609645669: fetch overview
2026-02-22 01:54:16,975 | INFO | Match 8609645669: parse overview
2026-02-22 01:54:19,939 | INFO | Match 8609645669: fetch lanes
2026-02-22 01:54:28,674 | INFO | Match 8609645669: parse lanes
2026-02-22 01:54:28,735 | INFO | Match 8609645669: append to Excel
2026-02-22 01:54:37,359 | INFO | [445/3135] Match 8609645669 DONE in 30.5s
2026-02-22 01:54:39,937 | INFO | [446/3135] Match 8609650301 START
2026-02-22 01:54:39,937 | INFO | Match 8609650301: fetch overview
2026-02-22 01:54:49,530 | INFO | Match 8609650301: parse overview
2026-02-22 01:54:53,521 | INFO | Match 8609650301: fetch lanes
2026-02-22 01:57:15,984 | INFO | Match 8609650301: parse lanes
2026-02-22 01:57:15,986 | INFO | Match 8609650301: append to Excel
2026-02-22 01:57:23,030 | INFO | [446/3135] Match 8609650301 DONE in 163.1s
2026-02-22 01:57:25,064 | INFO | [447/3135] Match 8609615722 START
2026-02-22 01:57:25,064 | INFO | Match 8609615722: fetch overview
2026-02-22 01:57:34,732 | INFO | Match 8609615722: parse overview
2026-02-22 01:57:39,290 | INFO | Match 8609615722: fetch lanes
2026-02-22 02:00:03,028 | INFO | Match 8609615722: parse lanes
2026-02-22 02:00:03,031 | INFO | Match 8609615722: append to Excel
2026-02-22 02:00:11,202 | INFO | [447/3135] Match 8609615722 DONE in 166.1s
2026-02-22 02:00:13,340 | INFO | [448/3135] Match 8609634781 START
2026-02-22 02:00:13,341 | INFO | Match 8609634781: fetch overview
2026-02-22 02:00:23,965 | INFO | Match 8609634781: parse overview
2026-02-22 02:00:28,054 | INFO | Match 8609634781: fetch lanes
2026-02-22 02:00:36,744 | INFO | Match 8609634781: parse lanes
2026-02-22 02:00:36,816 | INFO | Match 8609634781: append to Excel
2026-02-22 02:00:45,248 | INFO | [448/3135] Match 8609634781 DONE in 31.9s
2026-02-22 02:00:47,637 | INFO | [449/3135] Match 8609642864 START
2026-02-22 02:00:47,637 | INFO | Match 8609642864: fetch overview
2026-02-22 02:03:12,571 | INFO | Match 8609642864: parse overview
2026-02-22 02:03:16,403 | INFO | Match 8609642864: fetch lanes
2026-02-22 02:03:24,749 | INFO | Match 8609642864: parse lanes
2026-02-22 02:03:24,828 | INFO | Match 8609642864: append to Excel
2026-02-22 02:03:32,468 | INFO | [449/3135] Match 8609642864 DONE in 164.8s
2026-02-22 02:03:35,261 | INFO | [450/3135] Match 8609621324 START
2026-02-22 02:03:35,261 | INFO | Match 8609621324: fetch overview
2026-02-22 02:03:45,957 | INFO | Match 8609621324: parse overview
2026-02-22 02:03:50,259 | INFO | Match 8609621324: fetch lanes
2026-02-22 02:06:13,685 | INFO | Match 8609621324: parse lanes
2026-02-22 02:06:13,688 | INFO | Match 8609621324: append to Excel
2026-02-22 02:06:21,447 | INFO | [450/3135] Match 8609621324 DONE in 166.2s
2026-02-22 02:06:24,393 | INFO | [451/3135] Match 8609627693 START
2026-02-22 02:06:24,393 | INFO | Match 8609627693: fetch overview
2026-02-22 02:06:35,877 | INFO | Match 8609627693: parse overview
2026-02-22 02:06:39,437 | INFO | Match 8609627693: fetch lanes
2026-02-22 02:06:48,422 | INFO | Match 8609627693: parse lanes
2026-02-22 02:06:48,528 | INFO | Match 8609627693: append to Excel
2026-02-22 02:06:58,987 | INFO | [451/3135] Match 8609627693 DONE in 34.6s
2026-02-22 02:07:01,154 | INFO | [452/3135] Match 8609615208 START
2026-02-22 02:07:01,154 | INFO | Match 8609615208: fetch overview
2026-02-22 02:07:11,004 | INFO | Match 8609615208: parse overview
2026-02-22 02:07:15,079 | INFO | Match 8609615208: fetch lanes
2026-02-22 02:09:37,631 | INFO | Match 8609615208: parse lanes
2026-02-22 02:09:37,633 | INFO | Match 8609615208: append to Excel
2026-02-22 02:09:45,311 | INFO | [452/3135] Match 8609615208 DONE in 164.2s
2026-02-22 02:09:49,284 | INFO | [453/3135] Match 8609642476 START
2026-02-22 02:09:49,285 | INFO | Match 8609642476: fetch overview
2026-02-22 02:09:59,579 | INFO | Match 8609642476: parse overview
2026-02-22 02:10:03,284 | INFO | Match 8609642476: fetch lanes
2026-02-22 02:12:26,808 | INFO | Match 8609642476: parse lanes
2026-02-22 02:12:26,811 | INFO | Match 8609642476: append to Excel
2026-02-22 02:12:34,580 | INFO | [453/3135] Match 8609642476 DONE in 165.3s
2026-02-22 02:12:36,997 | INFO | [454/3135] Match 8609651613 START
2026-02-22 02:12:36,997 | INFO | Match 8609651613: fetch overview
2026-02-22 02:12:47,112 | INFO | Match 8609651613: parse overview
2026-02-22 02:12:52,171 | INFO | Match 8609651613: fetch lanes
2026-02-22 02:13:00,757 | INFO | Match 8609651613: parse lanes
2026-02-22 02:13:00,817 | INFO | Match 8609651613: append to Excel
2026-02-22 02:13:08,645 | INFO | [454/3135] Match 8609651613 DONE in 31.6s
2026-02-22 02:13:12,532 | INFO | [455/3135] Match 8609634096 START
2026-02-22 02:13:12,532 | INFO | Match 8609634096: fetch overview
2026-02-22 02:13:23,147 | INFO | Match 8609634096: parse overview
2026-02-22 02:13:27,567 | INFO | Match 8609634096: fetch lanes
2026-02-22 02:15:50,195 | INFO | Match 8609634096: parse lanes
2026-02-22 02:15:50,196 | INFO | Match 8609634096: append to Excel
2026-02-22 02:15:58,475 | INFO | [455/3135] Match 8609634096 DONE in 165.9s
2026-02-22 02:16:02,097 | INFO | [456/3135] Match 8609641308 START
2026-02-22 02:16:02,097 | INFO | Match 8609641308: fetch overview
2026-02-22 02:16:12,329 | INFO | Match 8609641308: parse overview
2026-02-22 02:16:16,746 | INFO | Match 8609641308: fetch lanes
2026-02-22 02:18:40,767 | INFO | Match 8609641308: parse lanes
2026-02-22 02:18:40,769 | INFO | Match 8609641308: append to Excel
2026-02-22 02:18:48,308 | INFO | [456/3135] Match 8609641308 DONE in 166.2s
2026-02-22 02:18:51,011 | INFO | [457/3135] Match 8609619297 START
2026-02-22 02:18:51,011 | INFO | Match 8609619297: fetch overview
2026-02-22 02:19:01,021 | INFO | Match 8609619297: parse overview
2026-02-22 02:19:05,306 | INFO | Match 8609619297: fetch lanes
2026-02-22 02:19:13,905 | INFO | Match 8609619297: parse lanes
2026-02-22 02:19:13,964 | INFO | Match 8609619297: append to Excel
2026-02-22 02:19:21,273 | INFO | [457/3135] Match 8609619297 DONE in 30.3s
2026-02-22 02:19:24,433 | INFO | [458/3135] Match 8609631744 START
2026-02-22 02:19:24,434 | INFO | Match 8609631744: fetch overview
2026-02-22 02:19:34,709 | INFO | Match 8609631744: parse overview
2026-02-22 02:19:38,709 | INFO | Match 8609631744: fetch lanes
2026-02-22 02:22:02,374 | INFO | Match 8609631744: parse lanes
2026-02-22 02:22:02,376 | INFO | Match 8609631744: append to Excel
2026-02-22 02:22:10,241 | INFO | [458/3135] Match 8609631744 DONE in 165.8s
2026-02-22 02:22:13,987 | INFO | [459/3135] Match 8609636133 START
2026-02-22 02:22:13,988 | INFO | Match 8609636133: fetch overview
2026-02-22 02:22:24,373 | INFO | Match 8609636133: parse overview
2026-02-22 02:22:29,195 | INFO | Match 8609636133: fetch lanes
2026-02-22 02:24:52,343 | INFO | Match 8609636133: parse lanes
2026-02-22 02:24:52,344 | INFO | Match 8609636133: append to Excel
2026-02-22 02:24:59,349 | INFO | [459/3135] Match 8609636133 DONE in 165.4s
2026-02-22 02:25:03,290 | INFO | [460/3135] Match 8609651312 START
2026-02-22 02:25:03,290 | INFO | Match 8609651312: fetch overview
2026-02-22 02:27:28,239 | INFO | Match 8609651312: parse overview
2026-02-22 02:27:31,893 | INFO | Match 8609651312: fetch lanes
2026-02-22 02:27:40,128 | INFO | Match 8609651312: parse lanes
2026-02-22 02:27:40,774 | INFO | Match 8609651312: append to Excel
2026-02-22 02:27:47,943 | INFO | [460/3135] Match 8609651312 DONE in 164.7s
2026-02-22 02:27:51,646 | INFO | [461/3135] Match 8609643849 START
2026-02-22 02:27:51,646 | INFO | Match 8609643849: fetch overview
2026-02-22 02:28:02,174 | INFO | Match 8609643849: parse overview
2026-02-22 02:28:05,282 | INFO | Match 8609643849: fetch lanes
2026-02-22 02:28:14,657 | INFO | Match 8609643849: parse lanes
2026-02-22 02:28:14,724 | INFO | Match 8609643849: append to Excel
2026-02-22 02:28:22,369 | INFO | [461/3135] Match 8609643849 DONE in 30.7s
2026-02-22 02:28:26,290 | INFO | [462/3135] Match 8609618711 START
2026-02-22 02:28:26,290 | INFO | Match 8609618711: fetch overview
2026-02-22 02:30:50,959 | INFO | Match 8609618711: parse overview
2026-02-22 02:30:55,581 | INFO | Match 8609618711: fetch lanes
2026-02-22 02:33:19,019 | INFO | Match 8609618711: parse lanes
2026-02-22 02:33:19,023 | INFO | Match 8609618711: append to Excel
2026-02-22 02:33:26,763 | INFO | [462/3135] Match 8609618711 DONE in 300.5s
2026-02-22 02:33:30,183 | INFO | [463/3135] Match 8609660397 START
2026-02-22 02:33:30,183 | INFO | Match 8609660397: fetch overview
2026-02-22 02:33:39,565 | INFO | Match 8609660397: parse overview
2026-02-22 02:33:43,298 | INFO | Match 8609660397: fetch lanes
2026-02-22 02:36:06,920 | INFO | Match 8609660397: parse lanes
2026-02-22 02:36:06,921 | INFO | Match 8609660397: append to Excel
2026-02-22 02:36:14,196 | INFO | [463/3135] Match 8609660397 DONE in 164.0s
2026-02-22 02:36:17,297 | INFO | [464/3135] Match 8609642591 START
2026-02-22 02:36:17,297 | INFO | Match 8609642591: fetch overview
2026-02-22 02:36:27,716 | INFO | Match 8609642591: parse overview
2026-02-22 02:36:32,989 | INFO | Match 8609642591: fetch lanes
2026-02-22 02:36:41,098 | INFO | Match 8609642591: parse lanes
2026-02-22 02:36:41,158 | INFO | Match 8609642591: append to Excel
2026-02-22 02:36:48,073 | INFO | [464/3135] Match 8609642591 DONE in 30.8s
2026-02-22 02:36:50,637 | INFO | [465/3135] Match 8609655416 START
2026-02-22 02:36:50,638 | INFO | Match 8609655416: fetch overview
2026-02-22 02:37:01,051 | INFO | Match 8609655416: parse overview
2026-02-22 02:37:05,455 | INFO | Match 8609655416: fetch lanes
2026-02-22 02:39:29,556 | INFO | Match 8609655416: parse lanes
2026-02-22 02:39:29,558 | INFO | Match 8609655416: append to Excel
2026-02-22 02:39:36,661 | INFO | [465/3135] Match 8609655416 DONE in 166.0s
2026-02-22 02:39:40,005 | INFO | [466/3135] Match 8609634815 START
2026-02-22 02:39:40,005 | INFO | Match 8609634815: fetch overview
2026-02-22 02:42:05,301 | INFO | Match 8609634815: parse overview
2026-02-22 02:42:09,165 | INFO | Match 8609634815: fetch lanes
2026-02-22 02:42:17,376 | INFO | Match 8609634815: parse lanes
2026-02-22 02:42:17,441 | INFO | Match 8609634815: append to Excel
2026-02-22 02:42:24,861 | INFO | [466/3135] Match 8609634815 DONE in 164.9s
2026-02-22 02:42:27,873 | INFO | [467/3135] Match 8609656981 START
2026-02-22 02:42:27,873 | INFO | Match 8609656981: fetch overview
2026-02-22 02:42:38,441 | INFO | Match 8609656981: parse overview
2026-02-22 02:42:42,859 | INFO | Match 8609656981: fetch lanes
2026-02-22 02:42:51,157 | INFO | Match 8609656981: parse lanes
2026-02-22 02:42:51,216 | INFO | Match 8609656981: append to Excel
2026-02-22 02:42:58,418 | INFO | [467/3135] Match 8609656981 DONE in 30.5s
2026-02-22 02:43:01,142 | INFO | [468/3135] Match 8609657646 START
2026-02-22 02:43:01,142 | INFO | Match 8609657646: fetch overview
2026-02-22 02:43:10,863 | INFO | Match 8609657646: parse overview
2026-02-22 02:43:14,889 | INFO | Match 8609657646: fetch lanes
2026-02-22 02:43:23,172 | INFO | Match 8609657646: parse lanes
2026-02-22 02:43:23,712 | INFO | Match 8609657646: append to Excel
2026-02-22 02:43:30,941 | INFO | [468/3135] Match 8609657646 DONE in 29.8s
2026-02-22 02:43:34,605 | INFO | [469/3135] Match 8609668846 START
2026-02-22 02:43:34,606 | INFO | Match 8609668846: fetch overview
2026-02-22 02:43:45,373 | INFO | Match 8609668846: parse overview
2026-02-22 02:43:51,372 | INFO | Match 8609668846: fetch lanes
2026-02-22 02:43:59,695 | INFO | Match 8609668846: parse lanes
2026-02-22 02:44:00,371 | INFO | Match 8609668846: append to Excel
2026-02-22 02:44:07,828 | INFO | [469/3135] Match 8609668846 DONE in 33.2s
2026-02-22 02:44:11,738 | INFO | [470/3135] Match 8609634709 START
2026-02-22 02:44:11,738 | INFO | Match 8609634709: fetch overview
2026-02-22 02:44:22,035 | INFO | Match 8609634709: parse overview
2026-02-22 02:44:25,574 | INFO | Match 8609634709: fetch lanes
2026-02-22 02:46:48,882 | INFO | Match 8609634709: parse lanes
2026-02-22 02:46:48,883 | INFO | Match 8609634709: append to Excel
2026-02-22 02:46:56,848 | INFO | [470/3135] Match 8609634709 DONE in 165.1s
2026-02-22 02:47:00,388 | INFO | [471/3135] Match 8609654158 START
2026-02-22 02:47:00,388 | INFO | Match 8609654158: fetch overview
2026-02-22 02:47:10,441 | INFO | Match 8609654158: parse overview
2026-02-22 02:47:14,840 | INFO | Match 8609654158: fetch lanes
2026-02-22 02:49:37,820 | INFO | Match 8609654158: parse lanes
2026-02-22 02:49:37,821 | INFO | Match 8609654158: append to Excel
2026-02-22 02:49:45,445 | INFO | [471/3135] Match 8609654158 DONE in 165.1s
2026-02-22 02:49:48,452 | INFO | [472/3135] Match 8609660080 START
2026-02-22 02:49:48,452 | INFO | Match 8609660080: fetch overview
2026-02-22 02:49:58,602 | INFO | Match 8609660080: parse overview
2026-02-22 02:50:01,730 | INFO | Match 8609660080: fetch lanes
2026-02-22 02:52:25,052 | INFO | Match 8609660080: parse lanes
2026-02-22 02:52:25,055 | INFO | Match 8609660080: append to Excel
2026-02-22 02:52:32,916 | INFO | [472/3135] Match 8609660080 DONE in 164.5s
2026-02-22 02:52:36,772 | INFO | [473/3135] Match 8609658243 START
2026-02-22 02:52:36,772 | INFO | Match 8609658243: fetch overview
2026-02-22 02:52:46,733 | INFO | Match 8609658243: parse overview
2026-02-22 02:52:51,495 | INFO | Match 8609658243: fetch lanes
2026-02-22 02:52:59,915 | INFO | Match 8609658243: parse lanes
2026-02-22 02:52:59,980 | INFO | Match 8609658243: append to Excel
2026-02-22 02:53:08,566 | INFO | [473/3135] Match 8609658243 DONE in 31.8s
2026-02-22 02:53:10,634 | INFO | [474/3135] Match 8609652372 START
2026-02-22 02:53:10,635 | INFO | Match 8609652372: fetch overview
2026-02-22 02:53:20,291 | INFO | Match 8609652372: parse overview
2026-02-22 02:53:23,746 | INFO | Match 8609652372: fetch lanes
2026-02-22 02:55:46,487 | INFO | Match 8609652372: parse lanes
2026-02-22 02:55:46,490 | INFO | Match 8609652372: append to Excel
2026-02-22 02:55:54,167 | INFO | [474/3135] Match 8609652372 DONE in 163.5s
2026-02-22 02:55:57,571 | INFO | [475/3135] Match 8609643634 START
2026-02-22 02:55:57,571 | INFO | Match 8609643634: fetch overview
2026-02-22 02:56:07,199 | INFO | Match 8609643634: parse overview
2026-02-22 02:56:11,717 | INFO | Match 8609643634: fetch lanes
2026-02-22 02:58:35,571 | INFO | Match 8609643634: parse lanes
2026-02-22 02:58:35,572 | INFO | Match 8609643634: append to Excel
2026-02-22 02:58:42,844 | INFO | [475/3135] Match 8609643634 DONE in 165.3s
2026-02-22 02:58:46,267 | INFO | [476/3135] Match 8609641946 START
2026-02-22 02:58:46,267 | INFO | Match 8609641946: fetch overview
2026-02-22 04:05:19,262 | INFO | Стартуем с матча №950 (ID 8609641946)
2026-02-22 04:05:19,262 | INFO | Матчей к обработке: 2660
2026-02-22 04:05:19,263 | INFO | [1/2660] Match 8609641946 START
2026-02-22 04:05:19,263 | INFO | Match 8609641946: fetch overview
2026-02-22 04:05:29,499 | INFO | Match 8609641946: parse overview
2026-02-22 04:05:35,064 | INFO | Match 8609641946: fetch lanes
2026-02-22 04:05:43,848 | INFO | Match 8609641946: parse lanes
2026-02-22 04:05:43,910 | INFO | Match 8609641946: append to Excel
2026-02-22 04:05:52,214 | INFO | [1/2660] Match 8609641946 DONE in 33.0s
2026-02-22 04:05:55,594 | INFO | [2/2660] Match 8609648044 START
2026-02-22 04:05:55,594 | INFO | Match 8609648044: fetch overview
2026-02-22 04:06:06,308 | INFO | Match 8609648044: parse overview
2026-02-22 04:06:10,167 | INFO | Match 8609648044: fetch lanes
2026-02-22 04:06:18,012 | INFO | Match 8609648044: parse lanes
2026-02-22 04:06:18,073 | INFO | Match 8609648044: append to Excel
2026-02-22 04:06:24,887 | INFO | [2/2660] Match 8609648044 DONE in 29.3s
2026-02-22 04:06:27,640 | INFO | [3/2660] Match 8609661718 START
2026-02-22 04:06:27,641 | INFO | Match 8609661718: fetch overview
2026-02-22 04:06:37,381 | INFO | Match 8609661718: parse overview
2026-02-22 04:06:41,671 | INFO | Match 8609661718: fetch lanes
2026-02-22 04:09:04,173 | INFO | Match 8609661718: parse lanes
2026-02-22 04:09:04,175 | INFO | Match 8609661718: append to Excel
2026-02-22 04:09:11,486 | INFO | [3/2660] Match 8609661718 DONE in 163.8s
2026-02-22 04:09:15,201 | INFO | [4/2660] Match 8609661022 START
2026-02-22 04:09:15,201 | INFO | Match 8609661022: fetch overview
2026-02-22 04:09:25,501 | INFO | Match 8609661022: parse overview
2026-02-22 04:09:28,418 | INFO | Match 8609661022: fetch lanes
2026-02-22 04:11:50,913 | INFO | Match 8609661022: parse lanes
2026-02-22 04:11:50,914 | INFO | Match 8609661022: append to Excel
2026-02-22 04:11:59,423 | INFO | [4/2660] Match 8609661022 DONE in 164.2s
2026-02-22 04:12:02,917 | INFO | [5/2660] Match 8609663972 START
2026-02-22 04:12:02,918 | INFO | Match 8609663972: fetch overview
2026-02-22 04:12:13,192 | INFO | Match 8609663972: parse overview
2026-02-22 04:12:17,693 | INFO | Match 8609663972: fetch lanes
2026-02-22 04:12:26,195 | INFO | Match 8609663972: parse lanes
2026-02-22 04:12:26,258 | INFO | Match 8609663972: append to Excel
2026-02-22 04:12:33,382 | INFO | [5/2660] Match 8609663972 DONE in 30.5s
2026-02-22 04:12:35,693 | INFO | [6/2660] Match 8609656471 START
2026-02-22 04:12:35,693 | INFO | Match 8609656471: fetch overview
2026-02-22 04:12:45,885 | INFO | Match 8609656471: parse overview
2026-02-22 04:12:49,068 | INFO | Match 8609656471: fetch lanes
2026-02-22 04:15:11,782 | INFO | Match 8609656471: parse lanes
2026-02-22 04:15:11,784 | INFO | Match 8609656471: append to Excel
2026-02-22 04:15:19,729 | INFO | [6/2660] Match 8609656471 DONE in 164.0s
2026-02-22 04:15:22,273 | INFO | [7/2660] Match 8609653139 START
2026-02-22 04:15:22,274 | INFO | Match 8609653139: fetch overview
2026-02-22 04:15:32,114 | INFO | Match 8609653139: parse overview
2026-02-22 04:15:38,334 | INFO | Match 8609653139: fetch lanes
2026-02-22 04:18:01,134 | INFO | Match 8609653139: parse lanes
2026-02-22 04:18:01,136 | INFO | Match 8609653139: append to Excel
2026-02-22 04:18:08,988 | INFO | [7/2660] Match 8609653139 DONE in 166.7s
2026-02-22 04:18:11,544 | INFO | [8/2660] Match 8609654192 START
2026-02-22 04:18:11,545 | INFO | Match 8609654192: fetch overview
2026-02-22 04:18:21,869 | INFO | Match 8609654192: parse overview
2026-02-22 04:18:25,868 | INFO | Match 8609654192: fetch lanes
2026-02-22 04:18:33,993 | INFO | Match 8609654192: parse lanes
2026-02-22 04:18:34,061 | INFO | Match 8609654192: append to Excel
2026-02-22 04:18:41,559 | INFO | [8/2660] Match 8609654192 DONE in 30.0s
2026-02-22 04:18:43,751 | INFO | [9/2660] Match 8609647968 START
2026-02-22 04:18:43,752 | INFO | Match 8609647968: fetch overview
2026-02-22 04:18:53,771 | INFO | Match 8609647968: parse overview
2026-02-22 04:18:57,681 | INFO | Match 8609647968: fetch lanes
2026-02-22 04:19:05,537 | INFO | Match 8609647968: parse lanes
2026-02-22 04:19:06,125 | INFO | Match 8609647968: append to Excel
2026-02-22 04:19:13,709 | INFO | [9/2660] Match 8609647968 DONE in 30.0s
2026-02-22 04:19:17,104 | INFO | [10/2660] Match 8609661051 START
2026-02-22 04:19:17,104 | INFO | Match 8609661051: fetch overview
2026-02-22 04:19:27,115 | INFO | Match 8609661051: parse overview
2026-02-22 04:19:32,034 | INFO | Match 8609661051: fetch lanes
2026-02-22 04:19:40,230 | INFO | Match 8609661051: parse lanes
2026-02-22 04:19:40,296 | INFO | Match 8609661051: append to Excel
2026-02-22 04:19:47,319 | INFO | [10/2660] Match 8609661051 DONE in 30.2s
2026-02-22 04:19:49,484 | INFO | [11/2660] Match 8609652250 START
2026-02-22 04:19:49,484 | INFO | Match 8609652250: fetch overview
2026-02-22 04:19:59,603 | INFO | Match 8609652250: parse overview
2026-02-22 04:20:04,729 | INFO | Match 8609652250: fetch lanes
2026-02-22 04:22:27,676 | INFO | Match 8609652250: parse lanes
2026-02-22 04:22:27,677 | INFO | Match 8609652250: append to Excel
2026-02-22 04:22:34,830 | INFO | [11/2660] Match 8609652250 DONE in 165.3s
2026-02-22 04:22:38,601 | INFO | [12/2660] Match 8609623353 START
2026-02-22 04:22:38,601 | INFO | Match 8609623353: fetch overview
2026-02-22 04:22:48,981 | INFO | Match 8609623353: parse overview
2026-02-22 04:22:54,049 | INFO | Match 8609623353: fetch lanes
2026-02-22 04:25:17,047 | INFO | Match 8609623353: parse lanes
2026-02-22 04:25:17,048 | INFO | Match 8609623353: append to Excel
2026-02-22 04:25:24,747 | INFO | [12/2660] Match 8609623353 DONE in 166.1s
2026-02-22 04:25:28,206 | INFO | [13/2660] Match 8609660281 START
2026-02-22 04:25:28,206 | INFO | Match 8609660281: fetch overview
2026-02-22 04:25:38,664 | INFO | Match 8609660281: parse overview
2026-02-22 04:25:42,203 | INFO | Match 8609660281: fetch lanes
2026-02-22 04:25:51,044 | INFO | Match 8609660281: parse lanes
2026-02-22 04:25:51,156 | INFO | Match 8609660281: append to Excel
2026-02-22 04:25:59,092 | INFO | [13/2660] Match 8609660281 DONE in 30.9s
2026-02-22 04:26:01,819 | INFO | [14/2660] Match 8609665783 START
2026-02-22 04:26:01,819 | INFO | Match 8609665783: fetch overview
2026-02-22 04:26:12,435 | INFO | Match 8609665783: parse overview
2026-02-22 04:26:16,875 | INFO | Match 8609665783: fetch lanes
2026-02-22 04:28:39,736 | INFO | Match 8609665783: parse lanes
2026-02-22 04:28:39,740 | INFO | Match 8609665783: append to Excel
2026-02-22 04:28:47,465 | INFO | [14/2660] Match 8609665783 DONE in 165.6s
2026-02-22 04:28:50,238 | INFO | [15/2660] Match 8609655140 START
2026-02-22 04:28:50,238 | INFO | Match 8609655140: fetch overview
2026-02-22 04:29:00,188 | INFO | Match 8609655140: parse overview
2026-02-22 04:29:04,264 | INFO | Match 8609655140: fetch lanes
2026-02-22 04:29:12,535 | INFO | Match 8609655140: parse lanes
2026-02-22 04:29:12,599 | INFO | Match 8609655140: append to Excel
2026-02-22 04:29:20,962 | INFO | [15/2660] Match 8609655140 DONE in 30.7s
2026-02-22 04:29:23,030 | INFO | [16/2660] Match 8609659292 START
2026-02-22 04:29:23,030 | INFO | Match 8609659292: fetch overview
2026-02-22 04:29:33,569 | INFO | Match 8609659292: parse overview
2026-02-22 04:29:36,207 | INFO | Match 8609659292: fetch lanes
2026-02-22 04:31:59,900 | INFO | Match 8609659292: parse lanes
2026-02-22 04:31:59,902 | INFO | Match 8609659292: append to Excel
2026-02-22 04:32:07,826 | INFO | [16/2660] Match 8609659292 DONE in 164.8s
2026-02-22 04:32:10,921 | INFO | [17/2660] Match 8609659292 START
2026-02-22 04:32:10,922 | INFO | Match 8609659292: fetch overview
2026-02-22 04:32:20,453 | INFO | Match 8609659292: parse overview
2026-02-22 04:32:23,569 | INFO | Match 8609659292: fetch lanes
2026-02-22 04:34:46,050 | INFO | Match 8609659292: parse lanes
2026-02-22 04:34:46,053 | INFO | Match 8609659292: append to Excel
2026-02-22 04:34:51,018 | INFO | Match 8609659292: already in Excel, skip append
2026-02-22 04:34:51,019 | INFO | [17/2660] Match 8609659292 DONE in 160.1s
2026-02-22 04:34:53,728 | INFO | [18/2660] Match 8609646408 START
2026-02-22 04:34:53,728 | INFO | Match 8609646408: fetch overview
2026-02-22 04:35:04,511 | INFO | Match 8609646408: parse overview
2026-02-22 04:35:08,823 | INFO | Match 8609646408: fetch lanes
2026-02-22 04:35:17,352 | INFO | Match 8609646408: parse lanes
2026-02-22 04:35:17,414 | INFO | Match 8609646408: append to Excel
2026-02-22 04:35:25,576 | INFO | [18/2660] Match 8609646408 DONE in 31.8s
2026-02-22 04:35:28,452 | INFO | [19/2660] Match 8609668060 START
2026-02-22 04:35:28,452 | INFO | Match 8609668060: fetch overview
2026-02-22 04:35:39,012 | INFO | Match 8609668060: parse overview
2026-02-22 04:35:42,371 | INFO | Match 8609668060: fetch lanes
2026-02-22 04:35:50,582 | INFO | Match 8609668060: parse lanes
2026-02-22 04:35:50,645 | INFO | Match 8609668060: append to Excel
2026-02-22 04:35:58,054 | INFO | [19/2660] Match 8609668060 DONE in 29.6s
2026-02-22 04:36:00,832 | INFO | [20/2660] Match 8609660679 START
2026-02-22 04:36:00,832 | INFO | Match 8609660679: fetch overview
2026-02-22 04:36:12,002 | INFO | Match 8609660679: parse overview
2026-02-22 04:36:15,707 | INFO | Match 8609660679: fetch lanes
2026-02-22 04:36:24,465 | INFO | Match 8609660679: parse lanes
2026-02-22 04:36:24,528 | INFO | Match 8609660679: append to Excel
2026-02-22 04:36:32,079 | INFO | [20/2660] Match 8609660679 DONE in 31.2s
2026-02-22 04:36:35,909 | INFO | [21/2660] Match 8609671725 START
2026-02-22 04:36:35,909 | INFO | Match 8609671725: fetch overview
2026-02-22 04:36:45,932 | INFO | Match 8609671725: parse overview
2026-02-22 04:36:49,789 | INFO | Match 8609671725: fetch lanes
2026-02-22 04:36:57,841 | INFO | Match 8609671725: parse lanes
2026-02-22 04:36:57,909 | INFO | Match 8609671725: append to Excel
2026-02-22 04:37:05,818 | INFO | [21/2660] Match 8609671725 DONE in 29.9s
2026-02-22 04:37:08,136 | INFO | [22/2660] Match 8609655021 START
2026-02-22 04:37:08,136 | INFO | Match 8609655021: fetch overview
2026-02-22 04:37:17,352 | INFO | Match 8609655021: parse overview
2026-02-22 04:37:22,717 | INFO | Match 8609655021: fetch lanes
2026-02-22 04:37:30,912 | INFO | Match 8609655021: parse lanes
2026-02-22 04:37:30,982 | INFO | Match 8609655021: append to Excel
2026-02-22 04:37:38,711 | INFO | [22/2660] Match 8609655021 DONE in 30.6s
2026-02-22 04:37:40,813 | INFO | [23/2660] Match 8609670757 START
2026-02-22 04:37:40,813 | INFO | Match 8609670757: fetch overview
2026-02-22 04:37:51,027 | INFO | Match 8609670757: parse overview
2026-02-22 04:37:55,288 | INFO | Match 8609670757: fetch lanes
2026-02-22 04:38:03,494 | INFO | Match 8609670757: parse lanes
2026-02-22 04:38:03,564 | INFO | Match 8609670757: append to Excel
2026-02-22 04:38:11,198 | INFO | [23/2660] Match 8609670757 DONE in 30.4s
2026-02-22 04:38:14,503 | INFO | [24/2660] Match 8609644408 START
2026-02-22 04:38:14,503 | INFO | Match 8609644408: fetch overview
2026-02-22 04:38:24,595 | INFO | Match 8609644408: parse overview
2026-02-22 04:38:27,890 | INFO | Match 8609644408: fetch lanes
2026-02-22 04:40:50,223 | INFO | Match 8609644408: parse lanes
2026-02-22 04:40:50,226 | INFO | Match 8609644408: append to Excel
2026-02-22 04:40:58,426 | INFO | [24/2660] Match 8609644408 DONE in 163.9s
2026-02-22 04:41:02,389 | INFO | [25/2660] Match 8609668412 START
2026-02-22 04:41:02,389 | INFO | Match 8609668412: fetch overview
2026-02-22 04:41:12,214 | INFO | Match 8609668412: parse overview
2026-02-22 04:41:16,494 | INFO | Match 8609668412: fetch lanes
2026-02-22 04:43:39,289 | INFO | Match 8609668412: parse lanes
2026-02-22 04:43:39,294 | INFO | Match 8609668412: append to Excel
2026-02-22 04:43:47,387 | INFO | [25/2660] Match 8609668412 DONE in 165.0s
2026-02-22 04:43:49,389 | INFO | [26/2660] Match 8609651662 START
2026-02-22 04:43:49,389 | INFO | Match 8609651662: fetch overview
2026-02-22 04:43:59,392 | INFO | Match 8609651662: parse overview
2026-02-22 04:44:03,915 | INFO | Match 8609651662: fetch lanes
2026-02-22 04:44:12,950 | INFO | Match 8609651662: parse lanes
2026-02-22 04:44:13,012 | INFO | Match 8609651662: append to Excel
2026-02-22 04:44:20,828 | INFO | [26/2660] Match 8609651662 DONE in 31.4s
2026-02-22 04:44:24,026 | INFO | [27/2660] Match 8609653402 START
2026-02-22 04:44:24,026 | INFO | Match 8609653402: fetch overview
2026-02-22 04:44:33,900 | INFO | Match 8609653402: parse overview
2026-02-22 04:44:37,806 | INFO | Match 8609653402: fetch lanes
2026-02-22 04:47:00,061 | INFO | Match 8609653402: parse lanes
2026-02-22 04:47:00,065 | INFO | Match 8609653402: append to Excel
2026-02-22 04:47:07,608 | INFO | [27/2660] Match 8609653402 DONE in 163.6s
2026-02-22 04:47:10,478 | INFO | [28/2660] Match 8609654348 START
2026-02-22 04:47:10,479 | INFO | Match 8609654348: fetch overview
2026-02-22 04:47:19,622 | INFO | Match 8609654348: parse overview
2026-02-22 04:47:23,079 | INFO | Match 8609654348: fetch lanes
2026-02-22 04:49:46,497 | INFO | Match 8609654348: parse lanes
2026-02-22 04:49:46,500 | INFO | Match 8609654348: append to Excel
2026-02-22 04:49:54,107 | INFO | [28/2660] Match 8609654348 DONE in 163.6s
2026-02-22 04:49:56,646 | INFO | [29/2660] Match 8609664284 START
2026-02-22 04:49:56,647 | INFO | Match 8609664284: fetch overview
2026-02-22 05:27:57,066 | INFO | Стартуем с матча №978 (ID 8609664284)
2026-02-22 05:27:57,067 | INFO | Матчей к обработке: 2632
2026-02-22 05:27:57,067 | INFO | [1/2632] Match 8609664284 START
2026-02-22 05:27:57,067 | INFO | Match 8609664284: fetch overview
2026-02-22 05:28:05,708 | INFO | Match 8609664284: parse overview
2026-02-22 05:28:09,891 | INFO | Match 8609664284: fetch lanes
2026-02-22 05:28:19,593 | INFO | Match 8609664284: parse lanes
2026-02-22 05:28:19,655 | INFO | Match 8609664284: append to Excel
2026-02-22 05:28:26,900 | INFO | [1/2632] Match 8609664284 DONE in 29.8s
2026-02-22 05:28:29,033 | INFO | [2/2632] Match 8609665639 START
2026-02-22 05:28:29,033 | INFO | Match 8609665639: fetch overview
2026-02-22 05:28:38,427 | INFO | Match 8609665639: parse overview
2026-02-22 05:28:42,977 | INFO | Match 8609665639: fetch lanes
2026-02-22 05:28:51,907 | INFO | Match 8609665639: parse lanes
2026-02-22 05:28:51,966 | INFO | Match 8609665639: append to Excel
2026-02-22 05:28:59,049 | INFO | [2/2632] Match 8609665639 DONE in 30.0s
2026-02-22 05:29:02,564 | INFO | [3/2632] Match 8609653614 START
2026-02-22 05:29:02,564 | INFO | Match 8609653614: fetch overview
2026-02-22 05:29:13,577 | INFO | Match 8609653614: parse overview
2026-02-22 05:29:17,221 | INFO | Match 8609653614: fetch lanes
2026-02-22 05:29:25,378 | INFO | Match 8609653614: parse lanes
2026-02-22 05:29:25,491 | INFO | Match 8609653614: append to Excel
2026-02-22 05:29:33,570 | INFO | [3/2632] Match 8609653614 DONE in 31.0s
2026-02-22 05:29:35,812 | INFO | [4/2632] Match 8609663028 START
2026-02-22 05:29:35,812 | INFO | Match 8609663028: fetch overview
2026-02-22 05:29:46,751 | INFO | Match 8609663028: parse overview
2026-02-22 05:29:49,817 | INFO | Match 8609663028: fetch lanes
2026-02-22 05:29:58,381 | INFO | Match 8609663028: parse lanes
2026-02-22 05:29:58,439 | INFO | Match 8609663028: append to Excel
2026-02-22 05:30:07,882 | INFO | [4/2632] Match 8609663028 DONE in 32.1s
2026-02-22 05:30:11,413 | INFO | [5/2632] Match 8609634143 START
2026-02-22 05:30:11,414 | INFO | Match 8609634143: fetch overview
2026-02-22 05:30:21,510 | INFO | Match 8609634143: parse overview
2026-02-22 05:30:25,700 | INFO | Match 8609634143: fetch lanes
2026-02-22 05:32:48,302 | INFO | Match 8609634143: parse lanes
2026-02-22 05:32:48,305 | INFO | Match 8609634143: append to Excel
2026-02-22 05:32:56,617 | INFO | [5/2632] Match 8609634143 DONE in 165.2s
2026-02-22 05:33:00,039 | INFO | [6/2632] Match 8609665672 START
2026-02-22 05:33:00,039 | INFO | Match 8609665672: fetch overview
2026-02-22 05:33:10,753 | INFO | Match 8609665672: parse overview
2026-02-22 05:33:14,281 | INFO | Match 8609665672: fetch lanes
2026-02-22 05:33:22,422 | INFO | Match 8609665672: parse lanes
2026-02-22 05:33:22,485 | INFO | Match 8609665672: append to Excel
2026-02-22 05:33:30,886 | INFO | [6/2632] Match 8609665672 DONE in 30.8s
2026-02-22 05:33:34,844 | INFO | [7/2632] Match 8609663757 START
2026-02-22 05:33:34,844 | INFO | Match 8609663757: fetch overview
2026-02-22 05:33:44,806 | INFO | Match 8609663757: parse overview
2026-02-22 05:33:47,624 | INFO | Match 8609663757: fetch lanes
2026-02-22 05:36:10,302 | INFO | Match 8609663757: parse lanes
2026-02-22 05:36:10,303 | INFO | Match 8609663757: append to Excel
2026-02-22 05:36:18,661 | INFO | [7/2632] Match 8609663757 DONE in 163.8s
2026-02-22 05:36:20,767 | INFO | [8/2632] Match 8609652591 START
2026-02-22 05:36:20,767 | INFO | Match 8609652591: fetch overview
2026-02-22 05:36:30,486 | INFO | Match 8609652591: parse overview
2026-02-22 05:36:34,796 | INFO | Match 8609652591: fetch lanes
2026-02-22 05:36:43,045 | INFO | Match 8609652591: parse lanes
2026-02-22 05:36:43,104 | INFO | Match 8609652591: append to Excel
2026-02-22 05:36:50,786 | INFO | [8/2632] Match 8609652591 DONE in 30.0s
2026-02-22 05:36:53,289 | INFO | [9/2632] Match 8609669240 START
2026-02-22 05:36:53,289 | INFO | Match 8609669240: fetch overview
2026-02-22 05:37:03,060 | INFO | Match 8609669240: parse overview
2026-02-22 05:37:06,289 | INFO | Match 8609669240: fetch lanes
2026-02-22 05:39:28,940 | INFO | Match 8609669240: parse lanes
2026-02-22 05:39:28,941 | INFO | Match 8609669240: append to Excel
2026-02-22 05:39:36,700 | INFO | [9/2632] Match 8609669240 DONE in 163.4s
2026-02-22 05:39:39,329 | INFO | [10/2632] Match 8609663942 START
2026-02-22 05:39:39,329 | INFO | Match 8609663942: fetch overview
2026-02-22 05:39:48,956 | INFO | Match 8609663942: parse overview
2026-02-22 05:39:53,584 | INFO | Match 8609663942: fetch lanes
2026-02-22 05:42:16,241 | INFO | Match 8609663942: parse lanes
2026-02-22 05:42:16,242 | INFO | Match 8609663942: append to Excel
2026-02-22 05:42:24,595 | INFO | [10/2632] Match 8609663942 DONE in 165.3s
2026-02-22 05:42:26,598 | INFO | [11/2632] Match 8609663200 START
2026-02-22 05:42:26,598 | INFO | Match 8609663200: fetch overview
2026-02-22 05:42:36,250 | INFO | Match 8609663200: parse overview
2026-02-22 05:42:40,294 | INFO | Match 8609663200: fetch lanes
2026-02-22 05:42:48,888 | INFO | Match 8609663200: parse lanes
2026-02-22 05:42:48,949 | INFO | Match 8609663200: append to Excel
2026-02-22 05:42:56,998 | INFO | [11/2632] Match 8609663200 DONE in 30.4s
2026-02-22 05:43:00,494 | INFO | [12/2632] Match 8609671265 START
2026-02-22 05:43:00,495 | INFO | Match 8609671265: fetch overview
2026-02-22 05:43:10,291 | INFO | Match 8609671265: parse overview
2026-02-22 05:43:14,569 | INFO | Match 8609671265: fetch lanes
2026-02-22 05:45:37,744 | INFO | Match 8609671265: parse lanes
2026-02-22 05:45:37,745 | INFO | Match 8609671265: append to Excel
2026-02-22 05:45:46,574 | INFO | [12/2632] Match 8609671265 DONE in 166.1s
2026-02-22 05:45:49,787 | INFO | [13/2632] Match 8609650161 START
2026-02-22 05:45:49,787 | INFO | Match 8609650161: fetch overview
2026-02-22 05:46:00,008 | INFO | Match 8609650161: parse overview
2026-02-22 05:46:03,330 | INFO | Match 8609650161: fetch lanes
2026-02-22 05:48:25,963 | INFO | Match 8609650161: parse lanes
2026-02-22 05:48:25,964 | INFO | Match 8609650161: append to Excel
2026-02-22 05:48:33,423 | INFO | [13/2632] Match 8609650161 DONE in 163.6s
2026-02-22 05:48:36,371 | INFO | [14/2632] Match 8609666218 START
2026-02-22 05:48:36,371 | INFO | Match 8609666218: fetch overview
2026-02-22 05:48:46,342 | INFO | Match 8609666218: parse overview
2026-02-22 05:48:49,724 | INFO | Match 8609666218: fetch lanes
2026-02-22 05:51:12,340 | INFO | Match 8609666218: parse lanes
2026-02-22 05:51:12,343 | INFO | Match 8609666218: append to Excel
2026-02-22 05:51:20,407 | INFO | [14/2632] Match 8609666218 DONE in 164.0s
2026-02-22 05:51:24,406 | INFO | [15/2632] Match 8609668472 START
2026-02-22 05:51:24,406 | INFO | Match 8609668472: fetch overview
2026-02-22 05:51:33,911 | INFO | Match 8609668472: parse overview
2026-02-22 05:51:38,257 | INFO | Match 8609668472: fetch lanes
2026-02-22 05:51:46,180 | INFO | Match 8609668472: parse lanes
2026-02-22 05:51:46,242 | INFO | Match 8609668472: append to Excel
2026-02-22 05:51:53,580 | INFO | [15/2632] Match 8609668472 DONE in 29.2s
2026-02-22 05:51:55,979 | INFO | [16/2632] Match 8609649702 START
2026-02-22 05:51:55,979 | INFO | Match 8609649702: fetch overview
2026-02-22 05:52:05,479 | INFO | Match 8609649702: parse overview
2026-02-22 05:52:08,567 | INFO | Match 8609649702: fetch lanes
2026-02-22 05:54:30,766 | INFO | Match 8609649702: parse lanes
2026-02-22 05:54:30,767 | INFO | Match 8609649702: append to Excel
2026-02-22 05:54:38,304 | INFO | [16/2632] Match 8609649702 DONE in 162.3s
2026-02-22 05:54:40,364 | INFO | [17/2632] Match 8609666747 START
2026-02-22 05:54:40,364 | INFO | Match 8609666747: fetch overview
2026-02-22 05:54:49,655 | INFO | Match 8609666747: parse overview
2026-02-22 05:54:52,585 | INFO | Match 8609666747: fetch lanes
2026-02-22 05:57:16,467 | INFO | Match 8609666747: parse lanes
2026-02-22 05:57:16,470 | INFO | Match 8609666747: append to Excel
2026-02-22 05:57:24,643 | INFO | [17/2632] Match 8609666747 DONE in 164.3s
2026-02-22 05:57:27,463 | INFO | [18/2632] Match 8609666905 START
2026-02-22 05:57:27,464 | INFO | Match 8609666905: fetch overview
2026-02-22 05:57:37,304 | INFO | Match 8609666905: parse overview
2026-02-22 05:57:42,114 | INFO | Match 8609666905: fetch lanes
2026-02-22 05:57:51,112 | INFO | Match 8609666905: parse lanes
2026-02-22 05:57:51,178 | INFO | Match 8609666905: append to Excel
2026-02-22 05:57:59,029 | INFO | [18/2632] Match 8609666905 DONE in 31.6s
2026-02-22 05:58:01,501 | INFO | [19/2632] Match 8609668310 START
2026-02-22 05:58:01,501 | INFO | Match 8609668310: fetch overview
2026-02-22 05:58:12,530 | INFO | Match 8609668310: parse overview
2026-02-22 05:58:15,804 | INFO | Match 8609668310: fetch lanes
2026-02-22 06:00:38,471 | INFO | Match 8609668310: parse lanes
2026-02-22 06:00:38,472 | INFO | Match 8609668310: append to Excel
2026-02-22 06:00:46,554 | INFO | [19/2632] Match 8609668310 DONE in 165.1s
2026-02-22 06:00:50,487 | INFO | [20/2632] Match 8609668310 START
2026-02-22 06:00:50,488 | INFO | Match 8609668310: fetch overview
2026-02-22 06:00:59,453 | INFO | Match 8609668310: parse overview
2026-02-22 06:01:03,681 | INFO | Match 8609668310: fetch lanes
2026-02-22 06:03:26,791 | INFO | Match 8609668310: parse lanes
2026-02-22 06:03:26,794 | INFO | Match 8609668310: append to Excel
2026-02-22 06:03:32,715 | INFO | Match 8609668310: already in Excel, skip append
2026-02-22 06:03:32,715 | INFO | [20/2632] Match 8609668310 DONE in 162.2s
2026-02-22 06:03:35,889 | INFO | [21/2632] Match 8609655108 START
2026-02-22 06:03:35,889 | INFO | Match 8609655108: fetch overview
2026-02-22 06:03:46,068 | INFO | Match 8609655108: parse overview
2026-02-22 06:03:49,982 | INFO | Match 8609655108: fetch lanes
2026-02-22 06:03:58,092 | INFO | Match 8609655108: parse lanes
2026-02-22 06:03:58,607 | INFO | Match 8609655108: append to Excel
2026-02-22 06:04:06,293 | INFO | [21/2632] Match 8609655108 DONE in 30.4s
2026-02-22 06:04:09,456 | INFO | [22/2632] Match 8609674570 START
2026-02-22 06:04:09,456 | INFO | Match 8609674570: fetch overview
2026-02-22 06:04:19,253 | INFO | Match 8609674570: parse overview
2026-02-22 06:04:23,679 | INFO | Match 8609674570: fetch lanes
2026-02-22 06:04:32,578 | INFO | Match 8609674570: parse lanes
2026-02-22 06:04:32,638 | INFO | Match 8609674570: append to Excel
2026-02-22 06:04:40,992 | INFO | [22/2632] Match 8609674570 DONE in 31.5s
2026-02-22 06:04:43,376 | INFO | [23/2632] Match 8609654139 START
2026-02-22 06:04:43,376 | INFO | Match 8609654139: fetch overview
2026-02-22 06:04:53,648 | INFO | Match 8609654139: parse overview
2026-02-22 06:04:57,619 | INFO | Match 8609654139: fetch lanes
2026-02-22 06:07:20,703 | INFO | Match 8609654139: parse lanes
2026-02-22 06:07:20,705 | INFO | Match 8609654139: append to Excel
2026-02-22 06:07:29,503 | INFO | [23/2632] Match 8609654139 DONE in 166.1s
2026-02-22 06:07:32,255 | INFO | [24/2632] Match 8609674237 START
2026-02-22 06:07:32,256 | INFO | Match 8609674237: fetch overview
2026-02-22 06:09:55,380 | INFO | Match 8609674237: parse overview
2026-02-22 06:09:59,986 | INFO | Match 8609674237: fetch lanes
2026-02-22 06:12:23,432 | INFO | Match 8609674237: parse lanes
2026-02-22 06:12:23,435 | INFO | Match 8609674237: append to Excel
2026-02-22 06:12:31,612 | INFO | [24/2632] Match 8609674237 DONE in 299.4s
2026-02-22 06:12:34,456 | INFO | [25/2632] Match 8609664870 START
2026-02-22 06:12:34,456 | INFO | Match 8609664870: fetch overview
2026-02-22 06:14:57,515 | INFO | Match 8609664870: parse overview
2026-02-22 06:15:01,965 | INFO | Match 8609664870: fetch lanes
2026-02-22 06:15:10,829 | INFO | Match 8609664870: parse lanes
2026-02-22 06:15:10,897 | INFO | Match 8609664870: append to Excel
2026-02-22 06:15:19,107 | INFO | [25/2632] Match 8609664870 DONE in 164.7s
2026-02-22 06:15:22,175 | INFO | [26/2632] Match 8609650035 START
2026-02-22 06:15:22,175 | INFO | Match 8609650035: fetch overview
2026-02-22 06:17:45,076 | INFO | Match 8609650035: parse overview
2026-02-22 06:17:49,105 | INFO | Match 8609650035: fetch lanes
2026-02-22 06:17:57,533 | INFO | Match 8609650035: parse lanes
2026-02-22 06:17:57,597 | INFO | Match 8609650035: append to Excel
2026-02-22 06:18:05,699 | INFO | [26/2632] Match 8609650035 DONE in 163.5s
2026-02-22 06:18:07,987 | INFO | [27/2632] Match 8609667857 START
2026-02-22 06:18:07,987 | INFO | Match 8609667857: fetch overview
2026-02-22 06:18:18,104 | INFO | Match 8609667857: parse overview
2026-02-22 06:18:23,070 | INFO | Match 8609667857: fetch lanes
2026-02-22 06:20:46,661 | INFO | Match 8609667857: parse lanes
2026-02-22 06:20:46,713 | INFO | Match 8609667857: append to Excel
2026-02-22 06:20:54,951 | INFO | [27/2632] Match 8609667857 DONE in 167.0s
2026-02-22 06:20:57,384 | INFO | [28/2632] Match 8609637322 START
2026-02-22 06:20:57,384 | INFO | Match 8609637322: fetch overview
2026-02-22 06:23:21,327 | INFO | Match 8609637322: parse overview
2026-02-22 06:23:24,180 | INFO | Match 8609637322: fetch lanes
2026-02-22 06:25:47,431 | INFO | Match 8609637322: parse lanes
2026-02-22 06:25:47,435 | INFO | Match 8609637322: append to Excel
2026-02-22 06:25:55,559 | INFO | [28/2632] Match 8609637322 DONE in 298.2s
2026-02-22 06:25:59,101 | INFO | [29/2632] Match 8609651046 START
2026-02-22 06:25:59,101 | INFO | Match 8609651046: fetch overview
2026-02-22 06:26:09,257 | INFO | Match 8609651046: parse overview
2026-02-22 06:26:13,396 | INFO | Match 8609651046: fetch lanes
2026-02-22 06:28:36,668 | INFO | Match 8609651046: parse lanes
2026-02-22 06:28:36,671 | INFO | Match 8609651046: append to Excel
2026-02-22 06:28:44,878 | INFO | [29/2632] Match 8609651046 DONE in 165.8s
2026-02-22 06:28:46,961 | INFO | [30/2632] Match 8609672778 START
2026-02-22 06:28:46,961 | INFO | Match 8609672778: fetch overview
2026-02-22 06:28:56,688 | INFO | Match 8609672778: parse overview
2026-02-22 06:29:00,964 | INFO | Match 8609672778: fetch lanes
2026-02-22 06:31:23,360 | INFO | Match 8609672778: parse lanes
2026-02-22 06:31:23,361 | INFO | Match 8609672778: append to Excel
2026-02-22 06:31:31,896 | INFO | [30/2632] Match 8609672778 DONE in 164.9s
2026-02-22 06:31:35,435 | INFO | [31/2632] Match 8609668607 START
2026-02-22 06:31:35,435 | INFO | Match 8609668607: fetch overview
2026-02-22 06:33:59,921 | INFO | Match 8609668607: parse overview
2026-02-22 06:34:03,170 | INFO | Match 8609668607: fetch lanes
2026-02-22 06:36:26,470 | INFO | Match 8609668607: parse lanes
2026-02-22 06:36:26,529 | INFO | Match 8609668607: append to Excel
2026-02-22 06:36:35,127 | INFO | [31/2632] Match 8609668607 DONE in 299.7s
2026-02-22 06:36:37,758 | INFO | [32/2632] Match 8609646610 START
2026-02-22 06:36:37,759 | INFO | Match 8609646610: fetch overview
2026-02-22 06:39:01,447 | INFO | Match 8609646610: parse overview
2026-02-22 06:39:05,361 | INFO | Match 8609646610: fetch lanes
2026-02-22 06:41:28,233 | INFO | Match 8609646610: parse lanes
2026-02-22 06:41:28,237 | INFO | Match 8609646610: append to Excel
2026-02-22 06:41:38,844 | INFO | [32/2632] Match 8609646610 DONE in 301.1s
2026-02-22 06:41:41,452 | INFO | [33/2632] Match 8609661941 START
2026-02-22 06:41:41,452 | INFO | Match 8609661941: fetch overview
2026-02-22 06:44:06,274 | INFO | Match 8609661941: parse overview
2026-02-22 06:44:10,455 | INFO | Match 8609661941: fetch lanes
2026-02-22 06:44:18,944 | INFO | Match 8609661941: parse lanes
2026-02-22 06:44:19,012 | INFO | Match 8609661941: append to Excel
2026-02-22 06:44:27,570 | INFO | [33/2632] Match 8609661941 DONE in 166.1s
2026-02-22 06:44:30,892 | INFO | [34/2632] Match 8609668921 START
2026-02-22 06:44:30,892 | INFO | Match 8609668921: fetch overview
2026-02-22 06:44:41,620 | INFO | Match 8609668921: parse overview
2026-02-22 06:44:45,995 | INFO | Match 8609668921: fetch lanes
2026-02-22 06:44:54,308 | INFO | Match 8609668921: parse lanes
2026-02-22 06:44:54,389 | INFO | Match 8609668921: append to Excel
2026-02-22 06:45:02,948 | INFO | [34/2632] Match 8609668921 DONE in 32.1s
2026-02-22 06:45:05,941 | INFO | [35/2632] Match 8609672714 START
2026-02-22 06:45:05,942 | INFO | Match 8609672714: fetch overview
2026-02-22 06:45:15,569 | INFO | Match 8609672714: parse overview
2026-02-22 06:45:19,133 | INFO | Match 8609672714: fetch lanes
2026-02-22 06:45:27,767 | INFO | Match 8609672714: parse lanes
2026-02-22 06:45:27,836 | INFO | Match 8609672714: append to Excel
2026-02-22 06:45:36,376 | INFO | [35/2632] Match 8609672714 DONE in 30.4s
2026-02-22 06:45:38,399 | INFO | [36/2632] Match 8609664459 START
2026-02-22 06:45:38,399 | INFO | Match 8609664459: fetch overview
2026-02-22 06:45:48,556 | INFO | Match 8609664459: parse overview
2026-02-22 06:45:51,824 | INFO | Match 8609664459: fetch lanes
2026-02-22 06:46:00,834 | INFO | Match 8609664459: parse lanes
2026-02-22 06:46:00,934 | INFO | Match 8609664459: append to Excel
2026-02-22 06:46:09,543 | INFO | [36/2632] Match 8609664459 DONE in 31.1s
2026-02-22 06:46:12,180 | INFO | [37/2632] Match 8609676647 START
2026-02-22 06:46:12,180 | INFO | Match 8609676647: fetch overview
2026-02-22 06:46:22,076 | INFO | Match 8609676647: parse overview
2026-02-22 06:46:26,012 | INFO | Match 8609676647: fetch lanes
2026-02-22 06:48:49,059 | INFO | Match 8609676647: parse lanes
2026-02-22 06:48:49,060 | INFO | Match 8609676647: append to Excel
2026-02-22 06:48:57,280 | INFO | [37/2632] Match 8609676647 DONE in 165.1s
2026-02-22 06:48:59,781 | INFO | [38/2632] Match 8609641584 START
2026-02-22 06:48:59,781 | INFO | Match 8609641584: fetch overview
2026-02-22 06:49:09,501 | INFO | Match 8609641584: parse overview
2026-02-22 06:49:13,600 | INFO | Match 8609641584: fetch lanes
2026-02-22 06:49:22,481 | INFO | Match 8609641584: parse lanes
2026-02-22 06:49:22,543 | INFO | Match 8609641584: append to Excel
2026-02-22 06:49:33,635 | INFO | [38/2632] Match 8609641584 DONE in 33.9s
2026-02-22 06:49:37,447 | INFO | [39/2632] Match 8609674305 START
2026-02-22 06:49:37,447 | INFO | Match 8609674305: fetch overview
2026-02-22 06:49:46,983 | INFO | Match 8609674305: parse overview
2026-02-22 06:49:50,229 | INFO | Match 8609674305: fetch lanes
2026-02-22 06:52:13,702 | INFO | Match 8609674305: parse lanes
2026-02-22 06:52:13,704 | INFO | Match 8609674305: append to Excel
2026-02-22 06:52:22,352 | INFO | [39/2632] Match 8609674305 DONE in 164.9s
2026-02-22 06:52:26,225 | INFO | [40/2632] Match 8609623700 START
2026-02-22 06:52:26,226 | INFO | Match 8609623700: fetch overview
2026-02-22 06:52:35,959 | INFO | Match 8609623700: parse overview
2026-02-22 06:52:41,122 | INFO | Match 8609623700: fetch lanes
2026-02-22 06:55:04,517 | INFO | Match 8609623700: parse lanes
2026-02-22 06:55:04,518 | INFO | Match 8609623700: append to Excel
2026-02-22 06:55:12,378 | INFO | [40/2632] Match 8609623700 DONE in 166.2s
2026-02-22 06:55:15,589 | INFO | [41/2632] Match 8609657476 START
2026-02-22 06:55:15,589 | INFO | Match 8609657476: fetch overview
2026-02-22 06:55:25,444 | INFO | Match 8609657476: parse overview
2026-02-22 06:55:28,352 | INFO | Match 8609657476: fetch lanes
2026-02-22 06:57:52,009 | INFO | Match 8609657476: parse lanes
2026-02-22 06:57:52,011 | INFO | Match 8609657476: append to Excel
2026-02-22 06:58:00,575 | INFO | [41/2632] Match 8609657476 DONE in 165.0s
2026-02-22 06:58:03,947 | INFO | [42/2632] Match 8609659433 START
2026-02-22 06:58:03,947 | INFO | Match 8609659433: fetch overview
2026-02-22 06:58:14,846 | INFO | Match 8609659433: parse overview
2026-02-22 06:58:20,020 | INFO | Match 8609659433: fetch lanes
2026-02-22 06:58:29,736 | INFO | Match 8609659433: parse lanes
2026-02-22 06:58:29,798 | INFO | Match 8609659433: append to Excel
2026-02-22 06:58:38,943 | INFO | [42/2632] Match 8609659433 DONE in 35.0s
2026-02-22 06:58:41,400 | INFO | [43/2632] Match 8609663370 START
2026-02-22 06:58:41,400 | INFO | Match 8609663370: fetch overview
2026-02-22 06:58:52,268 | INFO | Match 8609663370: parse overview
2026-02-22 06:58:56,857 | INFO | Match 8609663370: fetch lanes
2026-02-22 07:01:19,377 | INFO | Match 8609663370: parse lanes
2026-02-22 07:01:19,380 | INFO | Match 8609663370: append to Excel
2026-02-22 07:01:28,774 | INFO | [43/2632] Match 8609663370 DONE in 167.4s
2026-02-22 07:01:32,121 | INFO | [44/2632] Match 8609659557 START
2026-02-22 07:01:32,121 | INFO | Match 8609659557: fetch overview
2026-02-22 07:01:42,370 | INFO | Match 8609659557: parse overview
2026-02-22 07:01:45,606 | INFO | Match 8609659557: fetch lanes
2026-02-22 07:04:08,409 | INFO | Match 8609659557: parse lanes
2026-02-22 07:04:08,412 | INFO | Match 8609659557: append to Excel
2026-02-22 07:04:20,829 | INFO | [44/2632] Match 8609659557 DONE in 168.7s
2026-02-22 07:04:23,905 | INFO | [45/2632] Match 8609676352 START
2026-02-22 07:04:23,905 | INFO | Match 8609676352: fetch overview
2026-02-22 07:04:34,032 | INFO | Match 8609676352: parse overview
2026-02-22 07:04:37,986 | INFO | Match 8609676352: fetch lanes
2026-02-22 07:04:47,513 | INFO | Match 8609676352: parse lanes
2026-02-22 07:04:47,608 | INFO | Match 8609676352: append to Excel
2026-02-22 07:04:56,039 | INFO | [45/2632] Match 8609676352 DONE in 32.1s
2026-02-22 07:04:59,349 | INFO | [46/2632] Match 8609657169 START
2026-02-22 07:04:59,349 | INFO | Match 8609657169: fetch overview
2026-02-22 07:05:10,132 | INFO | Match 8609657169: parse overview
2026-02-22 07:05:14,261 | INFO | Match 8609657169: fetch lanes
2026-02-22 07:05:23,233 | INFO | Match 8609657169: parse lanes
2026-02-22 07:05:23,294 | INFO | Match 8609657169: append to Excel
2026-02-22 07:05:31,765 | INFO | [46/2632] Match 8609657169 DONE in 32.4s
2026-02-22 07:05:34,119 | INFO | [47/2632] Match 8609672293 START
2026-02-22 07:05:34,119 | INFO | Match 8609672293: fetch overview
2026-02-22 07:05:45,179 | INFO | Match 8609672293: parse overview
2026-02-22 07:05:49,610 | INFO | Match 8609672293: fetch lanes
2026-02-22 07:05:58,218 | INFO | Match 8609672293: parse lanes
2026-02-22 07:05:58,294 | INFO | Match 8609672293: append to Excel
2026-02-22 07:06:06,886 | INFO | [47/2632] Match 8609672293 DONE in 32.8s
2026-02-22 07:06:10,121 | INFO | [48/2632] Match 8609669077 START
2026-02-22 07:06:10,121 | INFO | Match 8609669077: fetch overview
2026-02-22 07:06:21,274 | INFO | Match 8609669077: parse overview
2026-02-22 07:06:25,980 | INFO | Match 8609669077: fetch lanes
2026-02-22 07:06:34,793 | INFO | Match 8609669077: parse lanes
2026-02-22 07:06:34,860 | INFO | Match 8609669077: append to Excel
2026-02-22 07:06:43,818 | INFO | [48/2632] Match 8609669077 DONE in 33.7s
2026-02-22 07:06:47,284 | INFO | [49/2632] Match 8609661781 START
2026-02-22 07:06:47,284 | INFO | Match 8609661781: fetch overview
2026-02-22 07:06:57,209 | INFO | Match 8609661781: parse overview
2026-02-22 07:07:00,847 | INFO | Match 8609661781: fetch lanes
2026-02-22 07:09:24,996 | INFO | Match 8609661781: parse lanes
2026-02-22 07:09:25,710 | INFO | Match 8609661781: append to Excel
2026-02-22 07:09:35,013 | INFO | [49/2632] Match 8609661781 DONE in 167.7s
2026-02-22 07:09:38,519 | INFO | [50/2632] Match 8609663163 START
2026-02-22 07:09:38,519 | INFO | Match 8609663163: fetch overview
2026-02-22 07:09:49,761 | INFO | Match 8609663163: parse overview
2026-02-22 07:09:53,478 | INFO | Match 8609663163: fetch lanes
2026-02-22 07:12:17,022 | INFO | Match 8609663163: parse lanes
2026-02-22 07:12:17,024 | INFO | Match 8609663163: append to Excel
2026-02-22 07:12:25,809 | INFO | [50/2632] Match 8609663163 DONE in 167.3s
2026-02-22 07:12:28,337 | INFO | [51/2632] Match 8609669789 START
2026-02-22 07:12:28,337 | INFO | Match 8609669789: fetch overview
2026-02-22 07:12:39,166 | INFO | Match 8609669789: parse overview
2026-02-22 07:12:42,742 | INFO | Match 8609669789: fetch lanes
2026-02-22 07:12:51,217 | INFO | Match 8609669789: parse lanes
2026-02-22 07:12:51,292 | INFO | Match 8609669789: append to Excel
2026-02-22 07:13:00,162 | INFO | [51/2632] Match 8609669789 DONE in 31.8s
2026-02-22 07:13:03,106 | INFO | [52/2632] Match 8609690713 START
2026-02-22 07:13:03,107 | INFO | Match 8609690713: fetch overview
2026-02-22 07:13:13,216 | INFO | Match 8609690713: parse overview
2026-02-22 07:13:16,597 | INFO | Match 8609690713: fetch lanes
2026-02-22 07:15:39,694 | INFO | Match 8609690713: parse lanes
2026-02-22 07:15:39,696 | INFO | Match 8609690713: append to Excel
2026-02-22 07:15:49,942 | INFO | [52/2632] Match 8609690713 DONE in 166.8s
2026-02-22 07:15:53,300 | INFO | [53/2632] Match 8609664643 START
2026-02-22 07:15:53,300 | INFO | Match 8609664643: fetch overview
2026-02-22 07:16:03,188 | INFO | Match 8609664643: parse overview
2026-02-22 07:16:08,651 | INFO | Match 8609664643: fetch lanes
2026-02-22 07:16:17,859 | INFO | Match 8609664643: parse lanes
2026-02-22 07:16:17,926 | INFO | Match 8609664643: append to Excel
2026-02-22 07:16:26,679 | INFO | [53/2632] Match 8609664643 DONE in 33.4s
2026-02-22 07:16:30,143 | INFO | [54/2632] Match 8609678754 START
2026-02-22 07:16:30,143 | INFO | Match 8609678754: fetch overview
2026-02-22 07:16:40,216 | INFO | Match 8609678754: parse overview
2026-02-22 07:16:43,972 | INFO | Match 8609678754: fetch lanes
2026-02-22 07:19:07,556 | INFO | Match 8609678754: parse lanes
2026-02-22 07:19:07,559 | INFO | Match 8609678754: append to Excel
2026-02-22 07:19:16,879 | INFO | [54/2632] Match 8609678754 DONE in 166.7s
2026-02-22 07:19:20,295 | INFO | [55/2632] Match 8609669483 START
2026-02-22 07:19:20,295 | INFO | Match 8609669483: fetch overview
2026-02-22 07:19:30,965 | INFO | Match 8609669483: parse overview
2026-02-22 07:19:35,664 | INFO | Match 8609669483: fetch lanes
2026-02-22 07:19:44,081 | INFO | Match 8609669483: parse lanes
2026-02-22 07:19:44,150 | INFO | Match 8609669483: append to Excel
2026-02-22 07:19:52,811 | INFO | [55/2632] Match 8609669483 DONE in 32.5s
2026-02-22 07:19:55,768 | INFO | [56/2632] Match 8609674584 START
2026-02-22 07:19:55,768 | INFO | Match 8609674584: fetch overview
2026-02-22 07:20:05,083 | INFO | Match 8609674584: parse overview
2026-02-22 07:20:08,752 | INFO | Match 8609674584: fetch lanes
2026-02-22 07:22:32,276 | INFO | Match 8609674584: parse lanes
2026-02-22 07:22:32,278 | INFO | Match 8609674584: append to Excel
2026-02-22 07:22:41,207 | INFO | [56/2632] Match 8609674584 DONE in 165.4s
2026-02-22 07:22:44,307 | INFO | [57/2632] Match 8609665498 START
2026-02-22 07:22:44,307 | INFO | Match 8609665498: fetch overview
2026-02-22 07:25:07,789 | INFO | Match 8609665498: parse overview
2026-02-22 07:25:10,867 | INFO | Match 8609665498: fetch lanes
2026-02-22 07:27:33,924 | INFO | Match 8609665498: parse lanes
2026-02-22 07:27:33,926 | INFO | Match 8609665498: append to Excel
2026-02-22 07:27:42,856 | INFO | [57/2632] Match 8609665498 DONE in 298.5s
2026-02-22 07:27:46,541 | INFO | [58/2632] Match 8609667569 START
2026-02-22 07:27:46,541 | INFO | Match 8609667569: fetch overview
2026-02-22 07:27:57,263 | INFO | Match 8609667569: parse overview
2026-02-22 07:28:01,018 | INFO | Match 8609667569: fetch lanes
2026-02-22 07:30:24,305 | INFO | Match 8609667569: parse lanes
2026-02-22 07:30:24,306 | INFO | Match 8609667569: append to Excel
2026-02-22 07:30:33,645 | INFO | [58/2632] Match 8609667569 DONE in 167.1s
2026-02-22 07:30:35,978 | INFO | [59/2632] Match 8609675187 START
2026-02-22 07:30:35,978 | INFO | Match 8609675187: fetch overview
2026-02-22 07:30:47,268 | INFO | Match 8609675187: parse overview
2026-02-22 07:30:51,396 | INFO | Match 8609675187: fetch lanes
2026-02-22 07:33:14,423 | INFO | Match 8609675187: parse lanes
2026-02-22 07:33:14,429 | INFO | Match 8609675187: append to Excel
2026-02-22 07:33:24,123 | INFO | [59/2632] Match 8609675187 DONE in 168.1s
2026-02-22 07:33:27,264 | INFO | [60/2632] Match 8609688288 START
2026-02-22 07:33:27,264 | INFO | Match 8609688288: fetch overview
2026-02-22 07:33:38,758 | INFO | Match 8609688288: parse overview
2026-02-22 07:33:41,624 | INFO | Match 8609688288: fetch lanes
2026-02-22 07:33:51,020 | INFO | Match 8609688288: parse lanes
2026-02-22 07:33:51,085 | INFO | Match 8609688288: append to Excel
2026-02-22 07:33:59,770 | INFO | [60/2632] Match 8609688288 DONE in 32.5s
2026-02-22 07:34:02,022 | INFO | [61/2632] Match 8609686857 START
2026-02-22 07:34:02,022 | INFO | Match 8609686857: fetch overview
2026-02-22 07:34:11,628 | INFO | Match 8609686857: parse overview
2026-02-22 07:34:15,093 | INFO | Match 8609686857: fetch lanes
2026-02-22 07:34:23,879 | INFO | Match 8609686857: parse lanes
2026-02-22 07:34:24,429 | INFO | Match 8609686857: append to Excel
2026-02-22 07:34:33,114 | INFO | [61/2632] Match 8609686857 DONE in 31.1s
2026-02-22 07:34:35,566 | INFO | [62/2632] Match 8609660503 START
2026-02-22 07:34:35,566 | INFO | Match 8609660503: fetch overview
2026-02-22 07:34:45,479 | INFO | Match 8609660503: parse overview
2026-02-22 07:34:48,641 | INFO | Match 8609660503: fetch lanes
2026-02-22 07:37:11,972 | INFO | Match 8609660503: parse lanes
2026-02-22 07:37:11,977 | INFO | Match 8609660503: append to Excel
2026-02-22 07:37:21,516 | INFO | [62/2632] Match 8609660503 DONE in 165.9s
2026-02-22 07:37:24,560 | INFO | [63/2632] Match 8609678508 START
2026-02-22 07:37:24,560 | INFO | Match 8609678508: fetch overview
2026-02-22 07:37:34,077 | INFO | Match 8609678508: parse overview
2026-02-22 07:37:37,090 | INFO | Match 8609678508: fetch lanes
2026-02-22 07:40:00,030 | INFO | Match 8609678508: parse lanes
2026-02-22 07:40:00,033 | INFO | Match 8609678508: append to Excel
2026-02-22 07:40:09,576 | INFO | [63/2632] Match 8609678508 DONE in 165.0s
2026-02-22 07:40:12,958 | INFO | [64/2632] Match 8609645221 START
2026-02-22 07:40:12,958 | INFO | Match 8609645221: fetch overview
2026-02-22 07:42:37,618 | INFO | Match 8609645221: parse overview
2026-02-22 07:42:40,828 | INFO | Match 8609645221: fetch lanes
2026-02-22 07:45:04,405 | INFO | Match 8609645221: parse lanes
2026-02-22 07:45:04,406 | INFO | Match 8609645221: append to Excel
2026-02-22 07:45:14,607 | INFO | [64/2632] Match 8609645221 DONE in 301.6s
2026-02-22 07:45:17,906 | INFO | [65/2632] Match 8609689122 START
2026-02-22 07:45:17,906 | INFO | Match 8609689122: fetch overview
2026-02-22 07:45:28,457 | INFO | Match 8609689122: parse overview
2026-02-22 07:45:32,462 | INFO | Match 8609689122: fetch lanes
2026-02-22 07:47:56,394 | INFO | Match 8609689122: parse lanes
2026-02-22 07:47:56,454 | INFO | Match 8609689122: append to Excel
2026-02-22 07:48:06,583 | INFO | [65/2632] Match 8609689122 DONE in 168.7s
2026-02-22 07:48:09,991 | INFO | [66/2632] Match 8609678794 START
2026-02-22 07:48:09,991 | INFO | Match 8609678794: fetch overview
2026-02-22 07:50:35,013 | INFO | Match 8609678794: parse overview
2026-02-22 07:50:38,716 | INFO | Match 8609678794: fetch lanes
2026-02-22 07:53:02,053 | INFO | Match 8609678794: parse lanes
2026-02-22 07:53:02,056 | INFO | Match 8609678794: append to Excel
2026-02-22 07:53:10,831 | INFO | [66/2632] Match 8609678794 DONE in 300.8s
2026-02-22 07:53:13,725 | INFO | [67/2632] Match 8609664050 START
2026-02-22 07:53:13,725 | INFO | Match 8609664050: fetch overview
2026-02-22 07:53:24,627 | INFO | Match 8609664050: parse overview
2026-02-22 07:53:27,601 | INFO | Match 8609664050: fetch lanes
2026-02-22 07:53:37,355 | INFO | Match 8609664050: parse lanes
2026-02-22 07:53:37,430 | INFO | Match 8609664050: append to Excel
2026-02-22 07:53:46,333 | INFO | [67/2632] Match 8609664050 DONE in 32.6s
2026-02-22 07:53:48,777 | INFO | [68/2632] Match 8609677610 START
2026-02-22 07:53:48,777 | INFO | Match 8609677610: fetch overview
2026-02-22 07:53:59,189 | INFO | Match 8609677610: parse overview
2026-02-22 07:54:02,264 | INFO | Match 8609677610: fetch lanes
2026-02-22 07:56:26,484 | INFO | Match 8609677610: parse lanes
2026-02-22 07:56:26,485 | INFO | Match 8609677610: append to Excel
2026-02-22 07:56:35,091 | INFO | [68/2632] Match 8609677610 DONE in 166.3s
2026-02-22 07:56:37,983 | INFO | [69/2632] Match 8609673613 START
2026-02-22 07:56:37,983 | INFO | Match 8609673613: fetch overview
2026-02-22 07:56:47,909 | INFO | Match 8609673613: parse overview
2026-02-22 07:56:53,059 | INFO | Match 8609673613: fetch lanes
2026-02-22 07:59:16,295 | INFO | Match 8609673613: parse lanes
2026-02-22 07:59:16,296 | INFO | Match 8609673613: append to Excel
2026-02-22 07:59:27,673 | INFO | [69/2632] Match 8609673613 DONE in 169.7s
2026-02-22 07:59:30,333 | INFO | [70/2632] Match 8609681224 START
2026-02-22 07:59:30,333 | INFO | Match 8609681224: fetch overview
2026-02-22 07:59:41,082 | INFO | Match 8609681224: parse overview
2026-02-22 07:59:44,362 | INFO | Match 8609681224: fetch lanes
2026-02-22 08:02:07,370 | INFO | Match 8609681224: parse lanes
2026-02-22 08:02:07,371 | INFO | Match 8609681224: append to Excel
2026-02-22 08:02:16,469 | INFO | [70/2632] Match 8609681224 DONE in 166.1s
2026-02-22 08:02:19,891 | INFO | [71/2632] Match 8609652258 START
2026-02-22 08:02:19,891 | INFO | Match 8609652258: fetch overview
2026-02-22 08:02:30,175 | INFO | Match 8609652258: parse overview
2026-02-22 08:02:34,026 | INFO | Match 8609652258: fetch lanes
2026-02-22 08:04:57,435 | INFO | Match 8609652258: parse lanes
2026-02-22 08:04:57,438 | INFO | Match 8609652258: append to Excel
2026-02-22 08:05:07,012 | INFO | [71/2632] Match 8609652258 DONE in 167.1s
2026-02-22 08:05:10,809 | INFO | [72/2632] Match 8609666180 START
2026-02-22 08:05:10,809 | INFO | Match 8609666180: fetch overview
2026-02-22 08:05:22,055 | INFO | Match 8609666180: parse overview
2026-02-22 08:05:27,149 | INFO | Match 8609666180: fetch lanes
2026-02-22 08:07:50,024 | INFO | Match 8609666180: parse lanes
2026-02-22 08:07:50,025 | INFO | Match 8609666180: append to Excel
2026-02-22 08:07:59,360 | INFO | [72/2632] Match 8609666180 DONE in 168.6s
2026-02-22 08:08:02,045 | INFO | [73/2632] Match 8609661045 START
2026-02-22 08:08:02,045 | INFO | Match 8609661045: fetch overview
2026-02-22 08:30:41,109 | INFO | Стартуем с матча №1050 (ID 8609661045)
2026-02-22 08:30:41,110 | INFO | Матчей к обработке: 2560
2026-02-22 08:30:41,111 | INFO | [1/2560] Match 8609661045 START
2026-02-22 08:30:41,111 | INFO | Match 8609661045: fetch overview
2026-02-22 08:33:04,212 | INFO | Match 8609661045: parse overview
2026-02-22 08:33:08,453 | INFO | Match 8609661045: fetch lanes
2026-02-22 08:35:31,510 | INFO | Match 8609661045: parse lanes
2026-02-22 08:35:31,511 | INFO | Match 8609661045: append to Excel
2026-02-22 08:35:40,046 | INFO | [1/2560] Match 8609661045 DONE in 298.9s
2026-02-22 08:35:42,837 | INFO | [2/2560] Match 8609684763 START
2026-02-22 08:35:42,837 | INFO | Match 8609684763: fetch overview
2026-02-22 08:35:53,615 | INFO | Match 8609684763: parse overview
2026-02-22 08:35:58,176 | INFO | Match 8609684763: fetch lanes
2026-02-22 08:36:07,560 | INFO | Match 8609684763: parse lanes
2026-02-22 08:36:07,631 | INFO | Match 8609684763: append to Excel
2026-02-22 08:36:17,349 | INFO | [2/2560] Match 8609684763 DONE in 34.5s
2026-02-22 08:36:19,566 | INFO | [3/2560] Match 8609679489 START
2026-02-22 08:36:19,566 | INFO | Match 8609679489: fetch overview
2026-02-22 08:36:29,650 | INFO | Match 8609679489: parse overview
2026-02-22 08:36:32,823 | INFO | Match 8609679489: fetch lanes
2026-02-22 08:38:56,248 | INFO | Match 8609679489: parse lanes
2026-02-22 08:38:56,310 | INFO | Match 8609679489: append to Excel
2026-02-22 08:39:05,873 | INFO | [3/2560] Match 8609679489 DONE in 166.3s
2026-02-22 08:39:08,763 | INFO | [4/2560] Match 8609684622 START
2026-02-22 08:39:08,763 | INFO | Match 8609684622: fetch overview
2026-02-22 08:39:19,341 | INFO | Match 8609684622: parse overview
2026-02-22 08:39:23,103 | INFO | Match 8609684622: fetch lanes
2026-02-22 08:41:46,143 | INFO | Match 8609684622: parse lanes
2026-02-22 08:41:46,210 | INFO | Match 8609684622: append to Excel
2026-02-22 08:41:55,185 | INFO | [4/2560] Match 8609684622 DONE in 166.4s
2026-02-22 08:41:58,102 | INFO | [5/2560] Match 8609673435 START
2026-02-22 08:41:58,102 | INFO | Match 8609673435: fetch overview
2026-02-22 08:42:08,980 | INFO | Match 8609673435: parse overview
2026-02-22 08:42:11,624 | INFO | Match 8609673435: fetch lanes
2026-02-22 08:44:34,482 | INFO | Match 8609673435: parse lanes
2026-02-22 08:44:34,484 | INFO | Match 8609673435: append to Excel
2026-02-22 08:44:43,718 | INFO | [5/2560] Match 8609673435 DONE in 165.6s
2026-02-22 08:44:45,976 | INFO | [6/2560] Match 8609680940 START
2026-02-22 08:44:45,976 | INFO | Match 8609680940: fetch overview
2026-02-22 08:44:56,043 | INFO | Match 8609680940: parse overview
2026-02-22 08:44:59,349 | INFO | Match 8609680940: fetch lanes
2026-02-22 08:47:22,698 | INFO | Match 8609680940: parse lanes
2026-02-22 08:47:22,701 | INFO | Match 8609680940: append to Excel
2026-02-22 08:47:32,709 | INFO | [6/2560] Match 8609680940 DONE in 166.7s
2026-02-22 08:47:35,292 | INFO | [7/2560] Match 8609669227 START
2026-02-22 08:47:35,292 | INFO | Match 8609669227: fetch overview
2026-02-22 08:47:47,298 | INFO | Match 8609669227: parse overview
2026-02-22 08:47:51,672 | INFO | Match 8609669227: fetch lanes
2026-02-22 08:48:00,284 | INFO | Match 8609669227: parse lanes
2026-02-22 08:48:00,350 | INFO | Match 8609669227: append to Excel
2026-02-22 08:48:09,441 | INFO | [7/2560] Match 8609669227 DONE in 34.1s
2026-02-22 08:48:12,894 | INFO | [8/2560] Match 8609677626 START
2026-02-22 08:48:12,894 | INFO | Match 8609677626: fetch overview
2026-02-22 08:48:23,289 | INFO | Match 8609677626: parse overview
2026-02-22 08:48:27,566 | INFO | Match 8609677626: fetch lanes
2026-02-22 08:50:50,412 | INFO | Match 8609677626: parse lanes
2026-02-22 08:50:50,415 | INFO | Match 8609677626: append to Excel
2026-02-22 08:50:59,396 | INFO | [8/2560] Match 8609677626 DONE in 166.5s
2026-02-22 08:51:02,164 | INFO | [9/2560] Match 8609690548 START
2026-02-22 08:51:02,164 | INFO | Match 8609690548: fetch overview
2026-02-22 08:51:12,867 | INFO | Match 8609690548: parse overview
2026-02-22 08:51:17,457 | INFO | Match 8609690548: fetch lanes
2026-02-22 08:53:40,690 | INFO | Match 8609690548: parse lanes
2026-02-22 08:53:40,693 | INFO | Match 8609690548: append to Excel
2026-02-22 08:53:50,645 | INFO | [9/2560] Match 8609690548 DONE in 168.5s
2026-02-22 08:53:53,727 | INFO | [10/2560] Match 8609684432 START
2026-02-22 08:53:53,728 | INFO | Match 8609684432: fetch overview
2026-02-22 08:54:03,739 | INFO | Match 8609684432: parse overview
2026-02-22 08:54:07,547 | INFO | Match 8609684432: fetch lanes
2026-02-22 08:54:17,174 | INFO | Match 8609684432: parse lanes
2026-02-22 08:54:17,243 | INFO | Match 8609684432: append to Excel
2026-02-22 08:54:26,082 | INFO | [10/2560] Match 8609684432 DONE in 32.4s
2026-02-22 08:54:29,042 | INFO | [11/2560] Match 8609689115 START
2026-02-22 08:54:29,042 | INFO | Match 8609689115: fetch overview
2026-02-22 08:54:39,023 | INFO | Match 8609689115: parse overview
2026-02-22 08:54:42,932 | INFO | Match 8609689115: fetch lanes
2026-02-22 08:57:05,343 | INFO | Match 8609689115: parse lanes
2026-02-22 08:57:05,345 | INFO | Match 8609689115: append to Excel
2026-02-22 08:57:15,167 | INFO | [11/2560] Match 8609689115 DONE in 166.1s
2026-02-22 08:57:18,992 | INFO | [12/2560] Match 8609687104 START
2026-02-22 08:57:18,993 | INFO | Match 8609687104: fetch overview
2026-02-22 08:57:30,385 | INFO | Match 8609687104: parse overview
2026-02-22 08:57:33,944 | INFO | Match 8609687104: fetch lanes
2026-02-22 08:59:56,989 | INFO | Match 8609687104: parse lanes
2026-02-22 08:59:56,991 | INFO | Match 8609687104: append to Excel
2026-02-22 09:00:07,385 | INFO | [12/2560] Match 8609687104 DONE in 168.4s
2026-02-22 09:00:09,980 | INFO | [13/2560] Match 8609653858 START
2026-02-22 09:00:09,981 | INFO | Match 8609653858: fetch overview
2026-02-22 09:00:19,914 | INFO | Match 8609653858: parse overview
2026-02-22 09:00:23,843 | INFO | Match 8609653858: fetch lanes
2026-02-22 09:02:46,764 | INFO | Match 8609653858: parse lanes
2026-02-22 09:02:46,765 | INFO | Match 8609653858: append to Excel
2026-02-22 09:02:56,075 | INFO | [13/2560] Match 8609653858 DONE in 166.1s
2026-02-22 09:02:59,784 | INFO | [14/2560] Match 8609676458 START
2026-02-22 09:02:59,784 | INFO | Match 8609676458: fetch overview
2026-02-22 09:03:09,610 | INFO | Match 8609676458: parse overview
2026-02-22 09:03:14,130 | INFO | Match 8609676458: fetch lanes
2026-02-22 09:05:36,844 | INFO | Match 8609676458: parse lanes
2026-02-22 09:05:36,845 | INFO | Match 8609676458: append to Excel
2026-02-22 09:05:45,809 | INFO | [14/2560] Match 8609676458 DONE in 166.0s
2026-02-22 09:05:48,215 | INFO | [15/2560] Match 8609658073 START
2026-02-22 09:05:48,215 | INFO | Match 8609658073: fetch overview
2026-02-22 09:05:58,007 | INFO | Match 8609658073: parse overview
2026-02-22 09:06:02,206 | INFO | Match 8609658073: fetch lanes
2026-02-22 09:08:24,997 | INFO | Match 8609658073: parse lanes
2026-02-22 09:08:25,000 | INFO | Match 8609658073: append to Excel
2026-02-22 09:08:34,856 | INFO | [15/2560] Match 8609658073 DONE in 166.6s
2026-02-22 09:08:37,232 | INFO | [16/2560] Match 8609661775 START
2026-02-22 09:08:37,232 | INFO | Match 8609661775: fetch overview
2026-02-22 09:08:47,643 | INFO | Match 8609661775: parse overview
2026-02-22 09:08:51,308 | INFO | Match 8609661775: fetch lanes
2026-02-22 09:11:14,198 | INFO | Match 8609661775: parse lanes
2026-02-22 09:11:14,199 | INFO | Match 8609661775: append to Excel
2026-02-22 09:11:23,951 | INFO | [16/2560] Match 8609661775 DONE in 166.7s
2026-02-22 09:11:26,164 | INFO | [17/2560] Match 8609690870 START
2026-02-22 09:11:26,164 | INFO | Match 8609690870: fetch overview
2026-02-22 09:11:36,833 | INFO | Match 8609690870: parse overview
2026-02-22 09:11:40,254 | INFO | Match 8609690870: fetch lanes
2026-02-22 09:11:49,707 | INFO | Match 8609690870: parse lanes
2026-02-22 09:11:49,775 | INFO | Match 8609690870: append to Excel
2026-02-22 09:11:59,301 | INFO | [17/2560] Match 8609690870 DONE in 33.1s
2026-02-22 09:12:02,689 | INFO | [18/2560] Match 8609685706 START
2026-02-22 09:12:02,689 | INFO | Match 8609685706: fetch overview
2026-02-22 09:12:13,185 | INFO | Match 8609685706: parse overview
2026-02-22 09:12:16,011 | INFO | Match 8609685706: fetch lanes
2026-02-22 09:14:39,389 | INFO | Match 8609685706: parse lanes
2026-02-22 09:14:39,392 | INFO | Match 8609685706: append to Excel
2026-02-22 09:14:48,716 | INFO | [18/2560] Match 8609685706 DONE in 166.0s
2026-02-22 09:14:51,611 | INFO | [19/2560] Match 8609691965 START
2026-02-22 09:14:51,611 | INFO | Match 8609691965: fetch overview
2026-02-22 09:15:01,121 | INFO | Match 8609691965: parse overview
2026-02-22 09:15:05,810 | INFO | Match 8609691965: fetch lanes
2026-02-22 09:17:28,580 | INFO | Match 8609691965: parse lanes
2026-02-22 09:17:28,582 | INFO | Match 8609691965: append to Excel
2026-02-22 09:17:38,101 | INFO | [19/2560] Match 8609691965 DONE in 166.5s
2026-02-22 09:17:41,549 | INFO | [20/2560] Match 8609661646 START
2026-02-22 09:17:41,550 | INFO | Match 8609661646: fetch overview
2026-02-22 09:17:52,033 | INFO | Match 8609661646: parse overview
2026-02-22 09:17:55,915 | INFO | Match 8609661646: fetch lanes
2026-02-22 09:18:04,494 | INFO | Match 8609661646: parse lanes
2026-02-22 09:18:04,552 | INFO | Match 8609661646: append to Excel
2026-02-22 09:18:13,574 | INFO | [20/2560] Match 8609661646 DONE in 32.0s
2026-02-22 09:18:16,340 | INFO | [21/2560] Match 8609689773 START
2026-02-22 09:18:16,340 | INFO | Match 8609689773: fetch overview
2026-02-22 09:18:27,440 | INFO | Match 8609689773: parse overview
2026-02-22 09:18:31,312 | INFO | Match 8609689773: fetch lanes
2026-02-22 09:20:53,822 | INFO | Match 8609689773: parse lanes
2026-02-22 09:20:53,826 | INFO | Match 8609689773: append to Excel
2026-02-22 09:21:03,313 | INFO | [21/2560] Match 8609689773 DONE in 167.0s
2026-02-22 09:21:06,069 | INFO | [22/2560] Match 8609684056 START
2026-02-22 09:21:06,069 | INFO | Match 8609684056: fetch overview
2026-02-22 09:21:16,037 | INFO | Match 8609684056: parse overview
2026-02-22 09:21:19,355 | INFO | Match 8609684056: fetch lanes
2026-02-22 09:21:27,935 | INFO | Match 8609684056: parse lanes
2026-02-22 09:21:28,004 | INFO | Match 8609684056: append to Excel
2026-02-22 09:21:37,082 | INFO | [22/2560] Match 8609684056 DONE in 31.0s
2026-02-22 09:21:40,771 | INFO | [23/2560] Match 8609684544 START
2026-02-22 09:21:40,771 | INFO | Match 8609684544: fetch overview
2026-02-22 09:21:51,831 | INFO | Match 8609684544: parse overview
2026-02-22 09:21:56,147 | INFO | Match 8609684544: fetch lanes
2026-02-22 09:22:05,314 | INFO | Match 8609684544: parse lanes
2026-02-22 09:22:05,382 | INFO | Match 8609684544: append to Excel
2026-02-22 09:22:14,182 | INFO | [23/2560] Match 8609684544 DONE in 33.4s
2026-02-22 09:22:17,232 | INFO | [24/2560] Match 8609682092 START
2026-02-22 09:22:17,232 | INFO | Match 8609682092: fetch overview
2026-02-22 09:22:27,161 | INFO | Match 8609682092: parse overview
2026-02-22 09:22:31,069 | INFO | Match 8609682092: fetch lanes
2026-02-22 09:22:39,602 | INFO | Match 8609682092: parse lanes
2026-02-22 09:22:40,179 | INFO | Match 8609682092: append to Excel
2026-02-22 09:22:48,515 | INFO | [24/2560] Match 8609682092 DONE in 31.3s
2026-02-22 09:22:50,770 | INFO | [25/2560] Match 8609679836 START
2026-02-22 09:22:50,770 | INFO | Match 8609679836: fetch overview
2026-02-22 09:23:01,707 | INFO | Match 8609679836: parse overview
2026-02-22 09:23:04,857 | INFO | Match 8609679836: fetch lanes
2026-02-22 09:25:28,053 | INFO | Match 8609679836: parse lanes
2026-02-22 09:25:28,055 | INFO | Match 8609679836: append to Excel
2026-02-22 09:25:38,868 | INFO | [25/2560] Match 8609679836 DONE in 168.1s
2026-02-22 09:25:42,374 | INFO | [26/2560] Match 8609694998 START
2026-02-22 09:25:42,374 | INFO | Match 8609694998: fetch overview
2026-02-22 09:28:07,566 | INFO | Match 8609694998: parse overview
2026-02-22 09:28:12,440 | INFO | Match 8609694998: fetch lanes
2026-02-22 09:28:21,097 | INFO | Match 8609694998: parse lanes
2026-02-22 09:28:21,187 | INFO | Match 8609694998: append to Excel
2026-02-22 09:28:30,414 | INFO | [26/2560] Match 8609694998 DONE in 168.0s
2026-02-22 09:28:34,310 | INFO | [27/2560] Match 8609690547 START
2026-02-22 09:28:34,310 | INFO | Match 8609690547: fetch overview
2026-02-22 09:30:58,921 | INFO | Match 8609690547: parse overview
2026-02-22 09:31:02,792 | INFO | Match 8609690547: fetch lanes
2026-02-22 09:31:11,395 | INFO | Match 8609690547: parse lanes
2026-02-22 09:31:11,471 | INFO | Match 8609690547: append to Excel
2026-02-22 09:31:19,928 | INFO | [27/2560] Match 8609690547 DONE in 165.6s
2026-02-22 09:31:23,115 | INFO | [28/2560] Match 8609687928 START
2026-02-22 09:31:23,115 | INFO | Match 8609687928: fetch overview
2026-02-22 09:31:34,179 | INFO | Match 8609687928: parse overview
2026-02-22 09:31:38,949 | INFO | Match 8609687928: fetch lanes
2026-02-22 09:34:02,000 | INFO | Match 8609687928: parse lanes
2026-02-22 09:34:02,004 | INFO | Match 8609687928: append to Excel
2026-02-22 09:34:11,375 | INFO | [28/2560] Match 8609687928 DONE in 168.3s
2026-02-22 09:34:14,031 | INFO | [29/2560] Match 8609675999 START
2026-02-22 09:34:14,031 | INFO | Match 8609675999: fetch overview
2026-02-22 09:34:25,591 | INFO | Match 8609675999: parse overview
2026-02-22 09:34:30,579 | INFO | Match 8609675999: fetch lanes
2026-02-22 09:34:39,491 | INFO | Match 8609675999: parse lanes
2026-02-22 09:34:39,555 | INFO | Match 8609675999: append to Excel
2026-02-22 09:34:48,542 | INFO | [29/2560] Match 8609675999 DONE in 34.5s
2026-02-22 09:34:50,545 | INFO | [30/2560] Match 8609635840 START
2026-02-22 09:34:50,545 | INFO | Match 8609635840: fetch overview
2026-02-22 09:35:00,656 | INFO | Match 8609635840: parse overview
2026-02-22 09:35:03,588 | INFO | Match 8609635840: fetch lanes
2026-02-22 09:35:12,989 | INFO | Match 8609635840: parse lanes
2026-02-22 09:35:13,059 | INFO | Match 8609635840: append to Excel
2026-02-22 09:35:23,211 | INFO | [30/2560] Match 8609635840 DONE in 32.7s
2026-02-22 09:35:26,278 | INFO | [31/2560] Match 8609697693 START
2026-02-22 09:35:26,278 | INFO | Match 8609697693: fetch overview
2026-02-22 09:35:36,027 | INFO | Match 8609697693: parse overview
2026-02-22 09:35:39,935 | INFO | Match 8609697693: fetch lanes
2026-02-22 09:38:03,975 | INFO | Match 8609697693: parse lanes
2026-02-22 09:38:03,979 | INFO | Match 8609697693: append to Excel
2026-02-22 09:38:14,414 | INFO | [31/2560] Match 8609697693 DONE in 168.1s
2026-02-22 09:38:18,364 | INFO | [32/2560] Match 8609668113 START
2026-02-22 09:38:18,364 | INFO | Match 8609668113: fetch overview
2026-02-22 09:38:29,295 | INFO | Match 8609668113: parse overview
2026-02-22 09:38:33,471 | INFO | Match 8609668113: fetch lanes
2026-02-22 09:40:57,386 | INFO | Match 8609668113: parse lanes
2026-02-22 09:40:57,451 | INFO | Match 8609668113: append to Excel
2026-02-22 09:41:07,585 | INFO | [32/2560] Match 8609668113 DONE in 169.2s
2026-02-22 09:41:10,821 | INFO | [33/2560] Match 8609703367 START
2026-02-22 09:41:10,821 | INFO | Match 8609703367: fetch overview
2026-02-22 09:43:33,696 | INFO | Match 8609703367: parse overview
2026-02-22 09:43:37,825 | INFO | Match 8609703367: fetch lanes
2026-02-22 09:46:02,396 | INFO | Match 8609703367: parse lanes
2026-02-22 09:46:02,467 | INFO | Match 8609703367: append to Excel
2026-02-22 09:46:12,407 | INFO | [33/2560] Match 8609703367 DONE in 301.6s
2026-02-22 09:46:15,571 | INFO | [34/2560] Match 8609688996 START
2026-02-22 09:46:15,571 | INFO | Match 8609688996: fetch overview
2026-02-22 09:48:37,996 | INFO | Match 8609688996: parse overview
2026-02-22 09:48:41,352 | INFO | Match 8609688996: fetch lanes
2026-02-22 09:51:06,304 | INFO | Match 8609688996: parse lanes
2026-02-22 09:51:06,395 | INFO | Match 8609688996: append to Excel
2026-02-22 09:51:16,786 | INFO | [34/2560] Match 8609688996 DONE in 301.2s
2026-02-22 09:51:19,682 | INFO | [35/2560] Match 8609694504 START
2026-02-22 09:51:19,682 | INFO | Match 8609694504: fetch overview
2026-02-22 09:53:43,176 | INFO | Match 8609694504: parse overview
2026-02-22 09:53:46,972 | INFO | Match 8609694504: fetch lanes
2026-02-22 09:56:10,398 | INFO | Match 8609694504: parse lanes
2026-02-22 09:56:10,403 | INFO | Match 8609694504: append to Excel
2026-02-22 09:56:19,462 | INFO | [35/2560] Match 8609694504 DONE in 299.8s
2026-02-22 09:56:22,753 | INFO | [36/2560] Match 8609682109 START
2026-02-22 09:56:22,754 | INFO | Match 8609682109: fetch overview
2026-02-22 09:58:45,111 | INFO | Match 8609682109: parse overview
2026-02-22 09:58:48,761 | INFO | Match 8609682109: fetch lanes
2026-02-22 09:58:58,099 | INFO | Match 8609682109: parse lanes
2026-02-22 09:58:58,177 | INFO | Match 8609682109: append to Excel
2026-02-22 09:59:07,563 | INFO | [36/2560] Match 8609682109 DONE in 164.8s
2026-02-22 09:59:10,547 | INFO | [37/2560] Match 8609695773 START
2026-02-22 09:59:10,547 | INFO | Match 8609695773: fetch overview
2026-02-22 10:01:35,917 | INFO | Match 8609695773: parse overview
2026-02-22 10:01:40,801 | INFO | Match 8609695773: fetch lanes
2026-02-22 10:04:05,071 | INFO | Match 8609695773: parse lanes
2026-02-22 10:04:05,202 | INFO | Match 8609695773: append to Excel
2026-02-22 10:04:14,691 | INFO | [37/2560] Match 8609695773 DONE in 304.1s
2026-02-22 10:04:18,137 | INFO | [38/2560] Match 8609690131 START
2026-02-22 10:04:18,137 | INFO | Match 8609690131: fetch overview
2026-02-22 10:06:43,729 | INFO | Match 8609690131: parse overview
2026-02-22 10:06:47,571 | INFO | Match 8609690131: fetch lanes
2026-02-22 10:09:11,957 | INFO | Match 8609690131: parse lanes
2026-02-22 10:09:11,963 | INFO | Match 8609690131: append to Excel
2026-02-22 10:09:21,727 | INFO | [38/2560] Match 8609690131 DONE in 303.6s
2026-02-22 10:09:24,796 | INFO | [39/2560] Match 8609663153 START
2026-02-22 10:09:24,797 | INFO | Match 8609663153: fetch overview
2026-02-22 10:11:47,746 | INFO | Match 8609663153: parse overview
2026-02-22 10:11:51,152 | INFO | Match 8609663153: fetch lanes
2026-02-22 10:14:13,626 | INFO | Match 8609663153: parse lanes
2026-02-22 10:14:13,630 | INFO | Match 8609663153: append to Excel
2026-02-22 10:14:22,780 | INFO | [39/2560] Match 8609663153 DONE in 298.0s
2026-02-22 10:14:26,552 | INFO | [40/2560] Match 8609695459 START
2026-02-22 10:14:26,552 | INFO | Match 8609695459: fetch overview
2026-02-22 10:16:52,768 | INFO | Match 8609695459: parse overview
2026-02-22 10:16:56,582 | INFO | Match 8609695459: fetch lanes
2026-02-22 10:17:05,631 | INFO | Match 8609695459: parse lanes
2026-02-22 10:17:05,696 | INFO | Match 8609695459: append to Excel
2026-02-22 10:17:15,336 | INFO | [40/2560] Match 8609695459 DONE in 168.8s
2026-02-22 10:17:17,685 | INFO | [41/2560] Match 8609688734 START
2026-02-22 10:17:17,685 | INFO | Match 8609688734: fetch overview
2026-02-22 10:17:27,396 | INFO | Match 8609688734: parse overview
2026-02-22 10:17:30,443 | INFO | Match 8609688734: fetch lanes
2026-02-22 10:17:38,803 | INFO | Match 8609688734: parse lanes
2026-02-22 10:17:38,873 | INFO | Match 8609688734: append to Excel
2026-02-22 10:17:48,609 | INFO | [41/2560] Match 8609688734 DONE in 30.9s
2026-02-22 10:17:52,046 | INFO | [42/2560] Match 8609690525 START
2026-02-22 10:17:52,047 | INFO | Match 8609690525: fetch overview
2026-02-22 10:18:02,537 | INFO | Match 8609690525: parse overview
2026-02-22 10:18:05,874 | INFO | Match 8609690525: fetch lanes
2026-02-22 10:20:29,191 | INFO | Match 8609690525: parse lanes
2026-02-22 10:20:29,192 | INFO | Match 8609690525: append to Excel
2026-02-22 10:20:38,759 | INFO | [42/2560] Match 8609690525 DONE in 166.7s
2026-02-22 10:20:41,760 | INFO | [43/2560] Match 8609675766 START
2026-02-22 10:20:41,760 | INFO | Match 8609675766: fetch overview
2026-02-22 10:20:52,010 | INFO | Match 8609675766: parse overview
2026-02-22 10:20:56,607 | INFO | Match 8609675766: fetch lanes
2026-02-22 10:21:06,103 | INFO | Match 8609675766: parse lanes
2026-02-22 10:21:06,164 | INFO | Match 8609675766: append to Excel
2026-02-22 10:21:15,509 | INFO | [43/2560] Match 8609675766 DONE in 33.7s
2026-02-22 10:21:19,465 | INFO | [44/2560] Match 8609694665 START
2026-02-22 10:21:19,465 | INFO | Match 8609694665: fetch overview
2026-02-22 10:21:29,023 | INFO | Match 8609694665: parse overview
2026-02-22 10:21:32,626 | INFO | Match 8609694665: fetch lanes
2026-02-22 10:23:55,239 | INFO | Match 8609694665: parse lanes
2026-02-22 10:23:55,240 | INFO | Match 8609694665: append to Excel
2026-02-22 10:24:06,464 | INFO | [44/2560] Match 8609694665 DONE in 167.0s
2026-02-22 10:24:10,245 | INFO | [45/2560] Match 8609689061 START
2026-02-22 10:24:10,246 | INFO | Match 8609689061: fetch overview
2026-02-22 10:24:20,168 | INFO | Match 8609689061: parse overview
2026-02-22 10:24:23,495 | INFO | Match 8609689061: fetch lanes
2026-02-22 10:26:47,435 | INFO | Match 8609689061: parse lanes
2026-02-22 10:26:47,438 | INFO | Match 8609689061: append to Excel
2026-02-22 10:26:57,637 | INFO | [45/2560] Match 8609689061 DONE in 167.4s
2026-02-22 10:27:01,596 | INFO | [46/2560] Match 8609642881 START
2026-02-22 10:27:01,597 | INFO | Match 8609642881: fetch overview
2026-02-22 10:27:12,023 | INFO | Match 8609642881: parse overview
2026-02-22 10:27:16,329 | INFO | Match 8609642881: fetch lanes
2026-02-22 10:29:40,144 | INFO | Match 8609642881: parse lanes
2026-02-22 10:29:40,148 | INFO | Match 8609642881: append to Excel
2026-02-22 10:29:50,090 | INFO | [46/2560] Match 8609642881 DONE in 168.5s
2026-02-22 10:29:53,810 | INFO | [47/2560] Match 8609685248 START
2026-02-22 10:29:53,810 | INFO | Match 8609685248: fetch overview
2026-02-22 10:32:19,577 | INFO | Match 8609685248: parse overview
2026-02-22 10:32:24,473 | INFO | Match 8609685248: fetch lanes
2026-02-22 10:34:48,269 | INFO | Match 8609685248: parse lanes
2026-02-22 10:34:48,270 | INFO | Match 8609685248: append to Excel
2026-02-22 10:34:56,857 | INFO | [47/2560] Match 8609685248 DONE in 303.0s
2026-02-22 10:34:58,939 | INFO | [48/2560] Match 8609687098 START
2026-02-22 10:34:58,939 | INFO | Match 8609687098: fetch overview
2026-02-22 10:35:09,846 | INFO | Match 8609687098: parse overview
2026-02-22 10:35:13,752 | INFO | Match 8609687098: fetch lanes
2026-02-22 10:37:37,691 | INFO | Match 8609687098: parse lanes
2026-02-22 10:37:37,694 | INFO | Match 8609687098: append to Excel
2026-02-22 10:37:47,295 | INFO | [48/2560] Match 8609687098 DONE in 168.4s
2026-02-22 10:37:50,357 | INFO | [49/2560] Match 8609685049 START
2026-02-22 10:37:50,357 | INFO | Match 8609685049: fetch overview
2026-02-22 10:40:16,485 | INFO | Match 8609685049: parse overview
2026-02-22 10:40:22,085 | INFO | Match 8609685049: fetch lanes
2026-02-22 10:40:30,630 | INFO | Match 8609685049: parse lanes
2026-02-22 10:40:30,692 | INFO | Match 8609685049: append to Excel
2026-02-22 10:40:39,657 | INFO | [49/2560] Match 8609685049 DONE in 169.3s
2026-02-22 10:40:43,099 | INFO | [50/2560] Match 8609687215 START
2026-02-22 10:40:43,099 | INFO | Match 8609687215: fetch overview
2026-02-22 10:40:54,073 | INFO | Match 8609687215: parse overview
2026-02-22 10:40:57,919 | INFO | Match 8609687215: fetch lanes
2026-02-22 10:41:06,485 | INFO | Match 8609687215: parse lanes
2026-02-22 10:41:07,150 | INFO | Match 8609687215: append to Excel
2026-02-22 10:41:15,700 | INFO | [50/2560] Match 8609687215 DONE in 32.6s
2026-02-22 10:41:19,468 | INFO | [51/2560] Match 8609692447 START
2026-02-22 10:41:19,468 | INFO | Match 8609692447: fetch overview
2026-02-22 10:41:29,977 | INFO | Match 8609692447: parse overview
2026-02-22 10:41:33,564 | INFO | Match 8609692447: fetch lanes
2026-02-22 10:41:42,934 | INFO | Match 8609692447: parse lanes
2026-02-22 10:41:43,032 | INFO | Match 8609692447: append to Excel
2026-02-22 10:41:53,675 | INFO | [51/2560] Match 8609692447 DONE in 34.2s
2026-02-22 10:41:55,982 | INFO | [52/2560] Match 8609700734 START
2026-02-22 10:41:55,982 | INFO | Match 8609700734: fetch overview
2026-02-22 10:42:06,502 | INFO | Match 8609700734: parse overview
2026-02-22 10:42:10,914 | INFO | Match 8609700734: fetch lanes
2026-02-22 10:44:35,324 | INFO | Match 8609700734: parse lanes
2026-02-22 10:44:35,327 | INFO | Match 8609700734: append to Excel
2026-02-22 10:44:45,224 | INFO | [52/2560] Match 8609700734 DONE in 169.2s
2026-02-22 10:44:47,253 | INFO | [53/2560] Match 8609704554 START
2026-02-22 10:44:47,254 | INFO | Match 8609704554: fetch overview
2026-02-22 10:44:57,663 | INFO | Match 8609704554: parse overview
2026-02-22 10:45:01,610 | INFO | Match 8609704554: fetch lanes
2026-02-22 10:47:25,131 | INFO | Match 8609704554: parse lanes
2026-02-22 10:47:25,132 | INFO | Match 8609704554: append to Excel
2026-02-22 10:47:34,381 | INFO | [53/2560] Match 8609704554 DONE in 167.1s
2026-02-22 10:47:38,260 | INFO | [54/2560] Match 8609697243 START
2026-02-22 10:47:38,260 | INFO | Match 8609697243: fetch overview
2026-02-22 10:50:01,863 | INFO | Match 8609697243: parse overview
2026-02-22 10:50:05,624 | INFO | Match 8609697243: fetch lanes
2026-02-22 10:52:29,051 | INFO | Match 8609697243: parse lanes
2026-02-22 10:52:29,056 | INFO | Match 8609697243: append to Excel
2026-02-22 10:52:38,729 | INFO | [54/2560] Match 8609697243 DONE in 300.5s
2026-02-22 10:52:41,251 | INFO | [55/2560] Match 8609699110 START
2026-02-22 10:52:41,251 | INFO | Match 8609699110: fetch overview
2026-02-22 10:55:06,723 | INFO | Match 8609699110: parse overview
2026-02-22 10:55:10,430 | INFO | Match 8609699110: fetch lanes
2026-02-22 10:57:34,113 | INFO | Match 8609699110: parse lanes
2026-02-22 10:57:34,115 | INFO | Match 8609699110: append to Excel
2026-02-22 10:57:43,246 | INFO | [55/2560] Match 8609699110 DONE in 302.0s
2026-02-22 10:57:46,412 | INFO | [56/2560] Match 8609693096 START
2026-02-22 10:57:46,412 | INFO | Match 8609693096: fetch overview
2026-02-22 11:00:09,735 | INFO | Match 8609693096: parse overview
2026-02-22 11:00:13,223 | INFO | Match 8609693096: fetch lanes
2026-02-22 11:02:35,859 | INFO | Match 8609693096: parse lanes
2026-02-22 11:02:35,862 | INFO | Match 8609693096: append to Excel
2026-02-22 11:02:45,225 | INFO | [56/2560] Match 8609693096 DONE in 298.8s
2026-02-22 11:02:47,313 | INFO | [57/2560] Match 8609688297 START
2026-02-22 11:02:47,313 | INFO | Match 8609688297: fetch overview
2026-02-22 11:05:10,753 | INFO | Match 8609688297: parse overview
2026-02-22 11:05:15,828 | INFO | Match 8609688297: fetch lanes
2026-02-22 11:07:38,937 | INFO | Match 8609688297: parse lanes
2026-02-22 11:07:39,010 | INFO | Match 8609688297: append to Excel
2026-02-22 11:07:49,225 | INFO | [57/2560] Match 8609688297 DONE in 301.9s
2026-02-22 11:07:51,759 | INFO | [58/2560] Match 8609693858 START
2026-02-22 11:07:51,759 | INFO | Match 8609693858: fetch overview
2026-02-22 11:10:15,630 | INFO | Match 8609693858: parse overview
2026-02-22 11:10:20,009 | INFO | Match 8609693858: fetch lanes
2026-02-22 11:12:43,243 | INFO | Match 8609693858: parse lanes
2026-02-22 11:12:43,250 | INFO | Match 8609693858: append to Excel
2026-02-22 11:12:52,788 | INFO | [58/2560] Match 8609693858 DONE in 301.0s
2026-02-22 11:12:56,519 | INFO | [59/2560] Match 8609684195 START
2026-02-22 11:12:56,519 | INFO | Match 8609684195: fetch overview
2026-02-22 11:15:19,999 | INFO | Match 8609684195: parse overview
2026-02-22 11:15:22,998 | INFO | Match 8609684195: fetch lanes
2026-02-22 11:17:48,940 | INFO | Match 8609684195: parse lanes
2026-02-22 11:17:49,009 | INFO | Match 8609684195: append to Excel
2026-02-22 11:17:58,540 | INFO | [59/2560] Match 8609684195 DONE in 302.0s
2026-02-22 11:18:01,348 | INFO | [60/2560] Match 8609681883 START
2026-02-22 11:18:01,348 | INFO | Match 8609681883: fetch overview
2026-02-22 11:20:26,658 | INFO | Match 8609681883: parse overview
2026-02-22 11:20:30,736 | INFO | Match 8609681883: fetch lanes
2026-02-22 11:22:54,483 | INFO | Match 8609681883: parse lanes
2026-02-22 11:22:54,488 | INFO | Match 8609681883: append to Excel
2026-02-22 11:23:04,504 | INFO | [60/2560] Match 8609681883 DONE in 303.2s
2026-02-22 11:23:07,592 | INFO | [61/2560] Match 8609699293 START
2026-02-22 11:23:07,593 | INFO | Match 8609699293: fetch overview
2026-02-22 11:25:30,506 | INFO | Match 8609699293: parse overview
2026-02-22 11:25:33,317 | INFO | Match 8609699293: fetch lanes
2026-02-22 11:27:56,833 | INFO | Match 8609699293: parse lanes
2026-02-22 11:27:56,840 | INFO | Match 8609699293: append to Excel
2026-02-22 11:28:06,924 | INFO | [61/2560] Match 8609699293 DONE in 299.3s
2026-02-22 11:28:09,817 | INFO | [62/2560] Match 8609688664 START
2026-02-22 11:28:09,817 | INFO | Match 8609688664: fetch overview
2026-02-22 11:30:32,896 | INFO | Match 8609688664: parse overview
2026-02-22 11:30:36,357 | INFO | Match 8609688664: fetch lanes
2026-02-22 11:32:59,418 | INFO | Match 8609688664: parse lanes
2026-02-22 11:32:59,423 | INFO | Match 8609688664: append to Excel
2026-02-22 11:33:10,855 | INFO | [62/2560] Match 8609688664 DONE in 301.0s
2026-02-22 11:33:14,798 | INFO | [63/2560] Match 8609693735 START
2026-02-22 11:33:14,798 | INFO | Match 8609693735: fetch overview
2026-02-22 11:35:37,717 | INFO | Match 8609693735: parse overview
2026-02-22 11:35:41,364 | INFO | Match 8609693735: fetch lanes
2026-02-22 11:38:08,269 | INFO | Match 8609693735: parse lanes
2026-02-22 11:38:08,272 | INFO | Match 8609693735: append to Excel
2026-02-22 11:38:18,297 | INFO | [63/2560] Match 8609693735 DONE in 303.5s
2026-02-22 11:38:20,725 | INFO | [64/2560] Match 8609693058 START
2026-02-22 11:38:20,725 | INFO | Match 8609693058: fetch overview
2026-02-22 11:40:46,147 | INFO | Match 8609693058: parse overview
2026-02-22 11:40:50,321 | INFO | Match 8609693058: fetch lanes
2026-02-22 11:43:14,917 | INFO | Match 8609693058: parse lanes
2026-02-22 11:43:14,921 | INFO | Match 8609693058: append to Excel
2026-02-22 11:43:24,670 | INFO | [64/2560] Match 8609693058 DONE in 303.9s
2026-02-22 11:43:27,422 | INFO | [65/2560] Match 8609700091 START
2026-02-22 11:43:27,423 | INFO | Match 8609700091: fetch overview
2026-02-22 11:45:52,417 | INFO | Match 8609700091: parse overview
2026-02-22 11:45:55,845 | INFO | Match 8609700091: fetch lanes
2026-02-22 11:48:19,342 | INFO | Match 8609700091: parse lanes
2026-02-22 11:48:19,347 | INFO | Match 8609700091: append to Excel
2026-02-22 11:48:28,832 | INFO | [65/2560] Match 8609700091 DONE in 301.4s
2026-02-22 11:48:32,663 | INFO | [66/2560] Match 8609695041 START
2026-02-22 11:48:32,663 | INFO | Match 8609695041: fetch overview
2026-02-22 11:50:56,111 | INFO | Match 8609695041: parse overview
2026-02-22 11:51:00,424 | INFO | Match 8609695041: fetch lanes
2026-02-22 11:53:23,722 | INFO | Match 8609695041: parse lanes
2026-02-22 11:53:23,727 | INFO | Match 8609695041: append to Excel
2026-02-22 11:53:35,099 | INFO | [66/2560] Match 8609695041 DONE in 302.4s
2026-02-22 11:53:37,523 | INFO | [67/2560] Match 8609677239 START
2026-02-22 11:53:37,524 | INFO | Match 8609677239: fetch overview
2026-02-22 11:56:01,526 | INFO | Match 8609677239: parse overview
2026-02-22 11:56:05,698 | INFO | Match 8609677239: fetch lanes
2026-02-22 11:58:28,899 | INFO | Match 8609677239: parse lanes
2026-02-22 11:58:28,903 | INFO | Match 8609677239: append to Excel
2026-02-22 11:58:40,219 | INFO | [67/2560] Match 8609677239 DONE in 302.7s
2026-02-22 11:58:44,144 | INFO | [68/2560] Match 8609677239 START
2026-02-22 11:58:44,144 | INFO | Match 8609677239: fetch overview
2026-02-22 12:01:07,107 | INFO | Match 8609677239: parse overview
2026-02-22 12:01:11,290 | INFO | Match 8609677239: fetch lanes
2026-02-22 12:03:34,562 | INFO | Match 8609677239: parse lanes
2026-02-22 12:03:34,564 | INFO | Match 8609677239: append to Excel
2026-02-22 12:03:40,931 | INFO | Match 8609677239: already in Excel, skip append
2026-02-22 12:03:40,932 | INFO | [68/2560] Match 8609677239 DONE in 296.8s
2026-02-22 12:03:44,604 | INFO | [69/2560] Match 8609699430 START
2026-02-22 12:03:44,604 | INFO | Match 8609699430: fetch overview
2026-02-22 12:06:07,541 | INFO | Match 8609699430: parse overview
2026-02-22 12:06:10,177 | INFO | Match 8609699430: fetch lanes
2026-02-22 12:08:32,641 | INFO | Match 8609699430: parse lanes
2026-02-22 12:08:32,644 | INFO | Match 8609699430: append to Excel
2026-02-22 12:08:42,887 | INFO | [69/2560] Match 8609699430 DONE in 298.3s
2026-02-22 12:08:46,245 | INFO | [70/2560] Match 8609705714 START
2026-02-22 12:08:46,245 | INFO | Match 8609705714: fetch overview
2026-02-22 12:11:08,992 | INFO | Match 8609705714: parse overview
2026-02-22 12:11:14,995 | INFO | Match 8609705714: fetch lanes
2026-02-22 12:13:38,406 | INFO | Match 8609705714: parse lanes
2026-02-22 12:13:38,411 | INFO | Match 8609705714: append to Excel
2026-02-22 12:13:47,885 | INFO | [70/2560] Match 8609705714 DONE in 301.6s
2026-02-22 12:13:50,695 | INFO | [71/2560] Match 8609691510 START
2026-02-22 12:13:50,695 | INFO | Match 8609691510: fetch overview
2026-02-22 12:16:13,928 | INFO | Match 8609691510: parse overview
2026-02-22 12:16:16,586 | INFO | Match 8609691510: fetch lanes
2026-02-22 12:18:39,974 | INFO | Match 8609691510: parse lanes
2026-02-22 12:18:39,977 | INFO | Match 8609691510: append to Excel
2026-02-22 12:18:49,762 | INFO | [71/2560] Match 8609691510 DONE in 299.1s
2026-02-22 12:18:52,949 | INFO | [72/2560] Match 8609711866 START
2026-02-22 12:18:52,950 | INFO | Match 8609711866: fetch overview
2026-02-22 12:21:15,857 | INFO | Match 8609711866: parse overview
2026-02-22 12:21:19,147 | INFO | Match 8609711866: fetch lanes
2026-02-22 12:23:42,313 | INFO | Match 8609711866: parse lanes
2026-02-22 12:23:42,315 | INFO | Match 8609711866: append to Excel
2026-02-22 12:23:51,797 | INFO | [72/2560] Match 8609711866 DONE in 298.8s
2026-02-22 12:23:55,173 | INFO | [73/2560] Match 8609673368 START
2026-02-22 12:23:55,174 | INFO | Match 8609673368: fetch overview
2026-02-22 12:24:07,126 | INFO | Match 8609673368: parse overview
2026-02-22 12:24:11,191 | INFO | Match 8609673368: fetch lanes
2026-02-22 12:26:33,809 | INFO | Match 8609673368: parse lanes
2026-02-22 12:26:33,811 | INFO | Match 8609673368: append to Excel
2026-02-22 12:26:43,965 | INFO | [73/2560] Match 8609673368 DONE in 168.8s
2026-02-22 12:26:46,320 | INFO | [74/2560] Match 8609695364 START
2026-02-22 12:26:46,320 | INFO | Match 8609695364: fetch overview
2026-02-22 12:29:09,271 | INFO | Match 8609695364: parse overview
2026-02-22 12:29:12,653 | INFO | Match 8609695364: fetch lanes
2026-02-22 12:31:35,747 | INFO | Match 8609695364: parse lanes
2026-02-22 12:31:35,751 | INFO | Match 8609695364: append to Excel
2026-02-22 12:31:46,286 | INFO | [74/2560] Match 8609695364 DONE in 300.0s
2026-02-22 12:31:48,334 | INFO | [75/2560] Match 8609709865 START
2026-02-22 12:31:48,334 | INFO | Match 8609709865: fetch overview
2026-02-22 12:34:11,229 | INFO | Match 8609709865: parse overview
2026-02-22 12:34:14,652 | INFO | Match 8609709865: fetch lanes
2026-02-22 12:36:37,632 | INFO | Match 8609709865: parse lanes
2026-02-22 12:36:37,636 | INFO | Match 8609709865: append to Excel
2026-02-22 12:36:47,977 | INFO | [75/2560] Match 8609709865 DONE in 299.6s
2026-02-22 12:36:50,659 | INFO | [76/2560] Match 8609697863 START
2026-02-22 12:36:50,659 | INFO | Match 8609697863: fetch overview
2026-02-22 12:39:14,133 | INFO | Match 8609697863: parse overview
2026-02-22 12:39:16,716 | INFO | Match 8609697863: fetch lanes
2026-02-22 12:41:39,744 | INFO | Match 8609697863: parse lanes
2026-02-22 12:41:39,746 | INFO | Match 8609697863: append to Excel
2026-02-22 12:41:49,671 | INFO | [76/2560] Match 8609697863 DONE in 299.0s
2026-02-22 12:41:53,002 | INFO | [77/2560] Match 8609712147 START
2026-02-22 12:41:53,002 | INFO | Match 8609712147: fetch overview
2026-02-22 12:44:16,306 | INFO | Match 8609712147: parse overview
2026-02-22 12:44:20,559 | INFO | Match 8609712147: fetch lanes
2026-02-22 12:46:44,301 | INFO | Match 8609712147: parse lanes
2026-02-22 12:46:44,305 | INFO | Match 8609712147: append to Excel
2026-02-22 12:46:53,638 | INFO | [77/2560] Match 8609712147 DONE in 300.6s
2026-02-22 12:46:56,271 | INFO | [78/2560] Match 8609690522 START
2026-02-22 12:46:56,271 | INFO | Match 8609690522: fetch overview
2026-02-22 12:49:19,638 | INFO | Match 8609690522: parse overview
2026-02-22 12:49:23,994 | INFO | Match 8609690522: fetch lanes
2026-02-22 12:51:46,738 | INFO | Match 8609690522: parse lanes
2026-02-22 12:51:46,742 | INFO | Match 8609690522: append to Excel
2026-02-22 12:51:55,656 | INFO | [78/2560] Match 8609690522 DONE in 299.4s
2026-02-22 12:51:59,176 | INFO | [79/2560] Match 8609699101 START
2026-02-22 12:51:59,177 | INFO | Match 8609699101: fetch overview
2026-02-22 12:54:22,721 | INFO | Match 8609699101: parse overview
2026-02-22 12:54:25,760 | INFO | Match 8609699101: fetch lanes
2026-02-22 12:56:49,602 | INFO | Match 8609699101: parse lanes
2026-02-22 12:56:49,674 | INFO | Match 8609699101: append to Excel
2026-02-22 12:56:59,440 | INFO | [79/2560] Match 8609699101 DONE in 300.3s
2026-02-22 12:57:02,482 | INFO | [80/2560] Match 8609696856 START
2026-02-22 12:57:02,484 | INFO | Match 8609696856: fetch overview
2026-02-22 12:59:26,350 | INFO | Match 8609696856: parse overview
2026-02-22 12:59:29,716 | INFO | Match 8609696856: fetch lanes
2026-02-22 13:01:53,229 | INFO | Match 8609696856: parse lanes
2026-02-22 13:01:53,231 | INFO | Match 8609696856: append to Excel
2026-02-22 13:02:05,765 | INFO | [80/2560] Match 8609696856 DONE in 303.3s
2026-02-22 13:02:08,710 | INFO | [81/2560] Match 8609695973 START
2026-02-22 13:02:08,710 | INFO | Match 8609695973: fetch overview
2026-02-22 13:04:31,814 | INFO | Match 8609695973: parse overview
2026-02-22 13:04:35,833 | INFO | Match 8609695973: fetch lanes
2026-02-22 13:06:58,396 | INFO | Match 8609695973: parse lanes
2026-02-22 13:06:58,401 | INFO | Match 8609695973: append to Excel
2026-02-22 13:07:08,341 | INFO | [81/2560] Match 8609695973 DONE in 299.6s
2026-02-22 13:07:10,415 | INFO | [82/2560] Match 8609712919 START
2026-02-22 13:07:10,415 | INFO | Match 8609712919: fetch overview
2026-02-22 13:09:34,138 | INFO | Match 8609712919: parse overview
2026-02-22 13:09:38,245 | INFO | Match 8609712919: fetch lanes
2026-02-22 13:12:01,815 | INFO | Match 8609712919: parse lanes
2026-02-22 13:12:01,820 | INFO | Match 8609712919: append to Excel
2026-02-22 13:12:11,223 | INFO | [82/2560] Match 8609712919 DONE in 300.8s
2026-02-22 13:12:14,998 | INFO | [83/2560] Match 8609680114 START
2026-02-22 13:12:14,998 | INFO | Match 8609680114: fetch overview
2026-02-22 13:12:25,826 | INFO | Match 8609680114: parse overview
2026-02-22 13:12:29,638 | INFO | Match 8609680114: fetch lanes
2026-02-22 13:14:52,789 | INFO | Match 8609680114: parse lanes
2026-02-22 13:14:52,793 | INFO | Match 8609680114: append to Excel
2026-02-22 13:15:02,920 | INFO | [83/2560] Match 8609680114 DONE in 167.9s
2026-02-22 13:15:06,290 | INFO | [84/2560] Match 8609657135 START
2026-02-22 13:15:06,290 | INFO | Match 8609657135: fetch overview
2026-02-22 13:17:30,066 | INFO | Match 8609657135: parse overview
2026-02-22 13:17:32,880 | INFO | Match 8609657135: fetch lanes
2026-02-22 13:19:57,906 | INFO | Match 8609657135: parse lanes
2026-02-22 13:19:57,912 | INFO | Match 8609657135: append to Excel
2026-02-22 13:20:11,333 | INFO | [84/2560] Match 8609657135 DONE in 305.0s
2026-02-22 13:20:14,948 | INFO | [85/2560] Match 8609693278 START
2026-02-22 13:20:14,948 | INFO | Match 8609693278: fetch overview
2026-02-22 13:22:37,914 | INFO | Match 8609693278: parse overview
2026-02-22 13:22:40,456 | INFO | Match 8609693278: fetch lanes
2026-02-22 13:25:03,243 | INFO | Match 8609693278: parse lanes
2026-02-22 13:25:03,253 | INFO | Match 8609693278: append to Excel
2026-02-22 13:25:12,859 | INFO | [85/2560] Match 8609693278 DONE in 297.9s
2026-02-22 13:25:15,422 | INFO | [86/2560] Match 8609697042 START
2026-02-22 13:25:15,423 | INFO | Match 8609697042: fetch overview
2026-02-22 13:27:38,896 | INFO | Match 8609697042: parse overview
2026-02-22 13:27:42,910 | INFO | Match 8609697042: fetch lanes
2026-02-22 13:30:08,248 | INFO | Match 8609697042: parse lanes
2026-02-22 13:30:08,367 | INFO | Match 8609697042: append to Excel
2026-02-22 13:30:17,503 | INFO | [86/2560] Match 8609697042 DONE in 302.1s
2026-02-22 13:30:19,960 | INFO | [87/2560] Match 8609686180 START
2026-02-22 13:30:19,960 | INFO | Match 8609686180: fetch overview
2026-02-22 13:32:42,814 | INFO | Match 8609686180: parse overview
2026-02-22 13:32:46,285 | INFO | Match 8609686180: fetch lanes
2026-02-22 13:35:10,151 | INFO | Match 8609686180: parse lanes
2026-02-22 13:35:10,155 | INFO | Match 8609686180: append to Excel
2026-02-22 13:35:19,882 | INFO | [87/2560] Match 8609686180 DONE in 299.9s
2026-02-22 13:35:22,220 | INFO | [88/2560] Match 8609669936 START
2026-02-22 13:35:22,220 | INFO | Match 8609669936: fetch overview
2026-02-22 13:37:47,154 | INFO | Match 8609669936: parse overview
2026-02-22 13:37:50,429 | INFO | Match 8609669936: fetch lanes
2026-02-22 13:40:15,196 | INFO | Match 8609669936: parse lanes
2026-02-22 13:40:15,199 | INFO | Match 8609669936: append to Excel
2026-02-22 13:40:25,149 | INFO | [88/2560] Match 8609669936 DONE in 302.9s
2026-02-22 13:40:27,943 | INFO | [89/2560] Match 8609700995 START
2026-02-22 13:40:27,943 | INFO | Match 8609700995: fetch overview
2026-02-22 13:42:53,777 | INFO | Match 8609700995: parse overview
2026-02-22 13:42:56,944 | INFO | Match 8609700995: fetch lanes
2026-02-22 13:45:21,448 | INFO | Match 8609700995: parse lanes
2026-02-22 13:45:21,450 | INFO | Match 8609700995: append to Excel
2026-02-22 13:45:31,229 | INFO | [89/2560] Match 8609700995 DONE in 303.3s
2026-02-22 13:45:34,192 | INFO | [90/2560] Match 8609708242 START
2026-02-22 13:45:34,192 | INFO | Match 8609708242: fetch overview
2026-02-22 13:47:57,621 | INFO | Match 8609708242: parse overview
2026-02-22 13:48:01,207 | INFO | Match 8609708242: fetch lanes
2026-02-22 13:50:26,149 | INFO | Match 8609708242: parse lanes
2026-02-22 13:50:26,154 | INFO | Match 8609708242: append to Excel
2026-02-22 13:50:36,164 | INFO | [90/2560] Match 8609708242 DONE in 302.0s
2026-02-22 13:50:38,219 | INFO | [91/2560] Match 8609703517 START
2026-02-22 13:50:38,219 | INFO | Match 8609703517: fetch overview
2026-02-22 13:53:01,625 | INFO | Match 8609703517: parse overview
2026-02-22 13:53:05,095 | INFO | Match 8609703517: fetch lanes
2026-02-22 13:55:28,942 | INFO | Match 8609703517: parse lanes
2026-02-22 13:55:29,022 | INFO | Match 8609703517: append to Excel
2026-02-22 13:55:38,934 | INFO | [91/2560] Match 8609703517 DONE in 300.7s
2026-02-22 13:55:41,950 | INFO | [92/2560] Match 8609692988 START
2026-02-22 13:55:41,950 | INFO | Match 8609692988: fetch overview
2026-02-22 13:58:07,515 | INFO | Match 8609692988: parse overview
2026-02-22 13:58:12,059 | INFO | Match 8609692988: fetch lanes
2026-02-22 14:00:35,021 | INFO | Match 8609692988: parse lanes
2026-02-22 14:00:35,026 | INFO | Match 8609692988: append to Excel
2026-02-22 14:00:46,701 | INFO | [92/2560] Match 8609692988 DONE in 304.8s
2026-02-22 14:00:49,565 | INFO | [93/2560] Match 8609703275 START
2026-02-22 14:00:49,565 | INFO | Match 8609703275: fetch overview
2026-02-22 14:03:12,257 | INFO | Match 8609703275: parse overview
2026-02-22 14:03:16,712 | INFO | Match 8609703275: fetch lanes
2026-02-22 14:05:39,553 | INFO | Match 8609703275: parse lanes
2026-02-22 14:05:39,557 | INFO | Match 8609703275: append to Excel
2026-02-22 14:05:49,804 | INFO | [93/2560] Match 8609703275 DONE in 300.2s
2026-02-22 14:05:52,518 | INFO | [94/2560] Match 8609703875 START
2026-02-22 14:05:52,518 | INFO | Match 8609703875: fetch overview
2026-02-22 14:08:16,276 | INFO | Match 8609703875: parse overview
2026-02-22 14:08:21,251 | INFO | Match 8609703875: fetch lanes
2026-02-22 14:10:43,853 | INFO | Match 8609703875: parse lanes
2026-02-22 14:10:43,857 | INFO | Match 8609703875: append to Excel
2026-02-22 14:10:53,592 | INFO | [94/2560] Match 8609703875 DONE in 301.1s
2026-02-22 14:10:56,136 | INFO | [95/2560] Match 8609692621 START
2026-02-22 14:10:56,136 | INFO | Match 8609692621: fetch overview
2026-02-22 14:13:19,157 | INFO | Match 8609692621: parse overview
2026-02-22 14:13:23,990 | INFO | Match 8609692621: fetch lanes
2026-02-22 14:15:46,683 | INFO | Match 8609692621: parse lanes
2026-02-22 14:15:46,686 | INFO | Match 8609692621: append to Excel
2026-02-22 14:15:56,271 | INFO | [95/2560] Match 8609692621 DONE in 300.1s
2026-02-22 14:15:58,791 | INFO | [96/2560] Match 8609700566 START
2026-02-22 14:15:58,791 | INFO | Match 8609700566: fetch overview
2026-02-22 14:18:21,892 | INFO | Match 8609700566: parse overview
2026-02-22 14:18:25,898 | INFO | Match 8609700566: fetch lanes
2026-02-22 14:20:49,273 | INFO | Match 8609700566: parse lanes
2026-02-22 14:20:49,277 | INFO | Match 8609700566: append to Excel
2026-02-22 14:20:58,469 | INFO | [96/2560] Match 8609700566 DONE in 299.7s
2026-02-22 14:21:00,643 | INFO | [97/2560] Match 8609698821 START
2026-02-22 14:21:00,644 | INFO | Match 8609698821: fetch overview
2026-02-22 14:23:23,545 | INFO | Match 8609698821: parse overview
2026-02-22 14:23:27,428 | INFO | Match 8609698821: fetch lanes
2026-02-22 14:25:50,805 | INFO | Match 8609698821: parse lanes
2026-02-22 14:25:50,808 | INFO | Match 8609698821: append to Excel
2026-02-22 14:26:00,244 | INFO | [97/2560] Match 8609698821 DONE in 299.6s
2026-02-22 14:26:02,358 | INFO | [98/2560] Match 8609710234 START
2026-02-22 14:26:02,358 | INFO | Match 8609710234: fetch overview
2026-02-22 14:28:25,555 | INFO | Match 8609710234: parse overview
2026-02-22 14:28:28,657 | INFO | Match 8609710234: fetch lanes
2026-02-22 14:30:52,334 | INFO | Match 8609710234: parse lanes
2026-02-22 14:30:52,338 | INFO | Match 8609710234: append to Excel
2026-02-22 14:31:02,082 | INFO | [98/2560] Match 8609710234 DONE in 299.7s
2026-02-22 14:31:05,904 | INFO | [99/2560] Match 8609710323 START
2026-02-22 14:31:05,904 | INFO | Match 8609710323: fetch overview
2026-02-22 14:33:31,150 | INFO | Match 8609710323: parse overview
2026-02-22 14:33:35,741 | INFO | Match 8609710323: fetch lanes
2026-02-22 14:36:00,313 | INFO | Match 8609710323: parse lanes
2026-02-22 14:36:00,373 | INFO | Match 8609710323: append to Excel
2026-02-22 14:36:10,591 | INFO | [99/2560] Match 8609710323 DONE in 304.7s
2026-02-22 14:36:13,708 | INFO | [100/2560] Match 8609712098 START
2026-02-22 14:36:13,708 | INFO | Match 8609712098: fetch overview
2026-02-22 14:38:37,244 | INFO | Match 8609712098: parse overview
2026-02-22 14:38:42,681 | INFO | Match 8609712098: fetch lanes
2026-02-22 14:41:06,467 | INFO | Match 8609712098: parse lanes
2026-02-22 14:41:06,469 | INFO | Match 8609712098: append to Excel
2026-02-22 14:41:15,937 | INFO | [100/2560] Match 8609712098 DONE in 302.2s
2026-02-22 14:41:19,105 | INFO | [101/2560] Match 8609684122 START
2026-02-22 14:41:19,105 | INFO | Match 8609684122: fetch overview
2026-02-22 14:43:44,972 | INFO | Match 8609684122: parse overview
2026-02-22 14:43:48,421 | INFO | Match 8609684122: fetch lanes
2026-02-22 14:46:12,769 | INFO | Match 8609684122: parse lanes
2026-02-22 14:46:12,854 | INFO | Match 8609684122: append to Excel
2026-02-22 14:46:22,837 | INFO | [101/2560] Match 8609684122 DONE in 303.7s
2026-02-22 14:46:26,199 | INFO | [102/2560] Match 8609713880 START
2026-02-22 14:46:26,199 | INFO | Match 8609713880: fetch overview
2026-02-22 14:48:52,272 | INFO | Match 8609713880: parse overview
2026-02-22 14:48:55,743 | INFO | Match 8609713880: fetch lanes
2026-02-22 14:51:18,855 | INFO | Match 8609713880: parse lanes
2026-02-22 14:51:18,858 | INFO | Match 8609713880: append to Excel
2026-02-22 14:51:28,290 | INFO | [102/2560] Match 8609713880 DONE in 302.1s
2026-02-22 14:51:31,629 | INFO | [103/2560] Match 8609712058 START
2026-02-22 14:51:31,629 | INFO | Match 8609712058: fetch overview
2026-02-22 14:53:57,156 | INFO | Match 8609712058: parse overview
2026-02-22 14:54:00,619 | INFO | Match 8609712058: fetch lanes
2026-02-22 14:56:25,088 | INFO | Match 8609712058: parse lanes
2026-02-22 14:56:25,146 | INFO | Match 8609712058: append to Excel
2026-02-22 14:56:35,849 | INFO | [103/2560] Match 8609712058 DONE in 304.2s
2026-02-22 14:56:38,956 | INFO | [104/2560] Match 8609713407 START
2026-02-22 14:56:38,957 | INFO | Match 8609713407: fetch overview
2026-02-22 14:59:04,399 | INFO | Match 8609713407: parse overview
2026-02-22 14:59:07,783 | INFO | Match 8609713407: fetch lanes
2026-02-22 15:01:31,397 | INFO | Match 8609713407: parse lanes
2026-02-22 15:01:31,401 | INFO | Match 8609713407: append to Excel
2026-02-22 15:01:41,853 | INFO | [104/2560] Match 8609713407 DONE in 302.9s
2026-02-22 15:01:43,868 | INFO | [105/2560] Match 8609706947 START
2026-02-22 15:01:43,869 | INFO | Match 8609706947: fetch overview
2026-02-22 15:04:06,973 | INFO | Match 8609706947: parse overview
2026-02-22 15:04:10,138 | INFO | Match 8609706947: fetch lanes
2026-02-22 15:06:33,622 | INFO | Match 8609706947: parse lanes
2026-02-22 15:06:33,625 | INFO | Match 8609706947: append to Excel
2026-02-22 15:06:42,921 | INFO | [105/2560] Match 8609706947 DONE in 299.1s
2026-02-22 15:06:45,858 | INFO | [106/2560] Match 8609710438 START
2026-02-22 15:06:45,859 | INFO | Match 8609710438: fetch overview
2026-02-22 15:09:09,146 | INFO | Match 8609710438: parse overview
2026-02-22 15:09:12,001 | INFO | Match 8609710438: fetch lanes
2026-02-22 15:11:35,196 | INFO | Match 8609710438: parse lanes
2026-02-22 15:11:35,201 | INFO | Match 8609710438: append to Excel
2026-02-22 15:11:44,926 | INFO | [106/2560] Match 8609710438 DONE in 299.1s
2026-02-22 15:11:48,397 | INFO | [107/2560] Match 8609702042 START
2026-02-22 15:11:48,397 | INFO | Match 8609702042: fetch overview
2026-02-22 15:14:10,876 | INFO | Match 8609702042: parse overview
2026-02-22 15:14:15,412 | INFO | Match 8609702042: fetch lanes
2026-02-22 15:16:38,641 | INFO | Match 8609702042: parse lanes
2026-02-22 15:16:38,644 | INFO | Match 8609702042: append to Excel
2026-02-22 15:16:47,965 | INFO | [107/2560] Match 8609702042 DONE in 299.6s
2026-02-22 15:16:49,972 | INFO | [108/2560] Match 8609698296 START
2026-02-22 15:16:49,972 | INFO | Match 8609698296: fetch overview
2026-02-22 15:19:14,247 | INFO | Match 8609698296: parse overview
2026-02-22 15:19:17,435 | INFO | Match 8609698296: fetch lanes
2026-02-22 15:21:40,742 | INFO | Match 8609698296: parse lanes
2026-02-22 15:21:40,746 | INFO | Match 8609698296: append to Excel
2026-02-22 15:21:51,427 | INFO | [108/2560] Match 8609698296 DONE in 301.5s
2026-02-22 15:21:55,099 | INFO | [109/2560] Match 8609717355 START
2026-02-22 15:21:55,099 | INFO | Match 8609717355: fetch overview
2026-02-22 15:24:19,672 | INFO | Match 8609717355: parse overview
2026-02-22 15:24:23,948 | INFO | Match 8609717355: fetch lanes
2026-02-22 15:26:46,813 | INFO | Match 8609717355: parse lanes
2026-02-22 15:26:46,817 | INFO | Match 8609717355: append to Excel
2026-02-22 15:26:57,172 | INFO | [109/2560] Match 8609717355 DONE in 302.1s
2026-02-22 15:27:00,547 | INFO | [110/2560] Match 8609692336 START
2026-02-22 15:27:00,548 | INFO | Match 8609692336: fetch overview
2026-02-22 15:29:23,879 | INFO | Match 8609692336: parse overview
2026-02-22 15:29:27,582 | INFO | Match 8609692336: fetch lanes
2026-02-22 15:31:50,718 | INFO | Match 8609692336: parse lanes
2026-02-22 15:31:50,722 | INFO | Match 8609692336: append to Excel
2026-02-22 15:32:00,793 | INFO | [110/2560] Match 8609692336 DONE in 300.2s
2026-02-22 15:32:03,227 | INFO | [111/2560] Match 8609700004 START
2026-02-22 15:32:03,227 | INFO | Match 8609700004: fetch overview
2026-02-22 15:34:26,338 | INFO | Match 8609700004: parse overview
2026-02-22 15:34:29,745 | INFO | Match 8609700004: fetch lanes
2026-02-22 15:36:52,493 | INFO | Match 8609700004: parse lanes
2026-02-22 15:36:52,495 | INFO | Match 8609700004: append to Excel
2026-02-22 15:37:02,859 | INFO | [111/2560] Match 8609700004 DONE in 299.6s
2026-02-22 15:37:05,066 | INFO | [112/2560] Match 8609704358 START
2026-02-22 15:37:05,066 | INFO | Match 8609704358: fetch overview
2026-02-22 15:39:29,371 | INFO | Match 8609704358: parse overview
2026-02-22 15:39:33,813 | INFO | Match 8609704358: fetch lanes
2026-02-22 15:41:56,218 | INFO | Match 8609704358: parse lanes
2026-02-22 15:41:56,220 | INFO | Match 8609704358: append to Excel
2026-02-22 15:42:07,365 | INFO | [112/2560] Match 8609704358 DONE in 302.3s
2026-02-22 15:42:09,631 | INFO | [113/2560] Match 8609711088 START
2026-02-22 15:42:09,632 | INFO | Match 8609711088: fetch overview
2026-02-22 15:44:33,672 | INFO | Match 8609711088: parse overview
2026-02-22 15:44:36,994 | INFO | Match 8609711088: fetch lanes
2026-02-22 15:47:00,181 | INFO | Match 8609711088: parse lanes
2026-02-22 15:47:00,183 | INFO | Match 8609711088: append to Excel
2026-02-22 15:47:11,272 | INFO | [113/2560] Match 8609711088 DONE in 301.6s
2026-02-22 15:47:14,307 | INFO | [114/2560] Match 8609723246 START
2026-02-22 15:47:14,308 | INFO | Match 8609723246: fetch overview
2026-02-22 15:49:37,223 | INFO | Match 8609723246: parse overview
2026-02-22 15:49:41,611 | INFO | Match 8609723246: fetch lanes
2026-02-22 15:52:05,327 | INFO | Match 8609723246: parse lanes
2026-02-22 15:52:05,329 | INFO | Match 8609723246: append to Excel
2026-02-22 15:52:15,208 | INFO | [114/2560] Match 8609723246 DONE in 300.9s
2026-02-22 15:52:18,017 | INFO | [115/2560] Match 8609717848 START
2026-02-22 15:52:18,017 | INFO | Match 8609717848: fetch overview
2026-02-22 15:54:41,446 | INFO | Match 8609717848: parse overview
2026-02-22 15:54:47,355 | INFO | Match 8609717848: fetch lanes
2026-02-22 15:57:10,508 | INFO | Match 8609717848: parse lanes
2026-02-22 15:57:10,512 | INFO | Match 8609717848: append to Excel
2026-02-22 15:57:20,353 | INFO | [115/2560] Match 8609717848 DONE in 302.3s
2026-02-22 15:57:23,844 | INFO | [116/2560] Match 8609724067 START
2026-02-22 15:57:23,844 | INFO | Match 8609724067: fetch overview
2026-02-22 15:59:47,052 | INFO | Match 8609724067: parse overview
2026-02-22 15:59:50,765 | INFO | Match 8609724067: fetch lanes
2026-02-22 16:02:14,036 | INFO | Match 8609724067: parse lanes
2026-02-22 16:02:14,115 | INFO | Match 8609724067: append to Excel
2026-02-22 16:02:24,983 | INFO | [116/2560] Match 8609724067 DONE in 301.1s
2026-02-22 16:02:27,394 | INFO | [117/2560] Match 8609724067 START
2026-02-22 16:02:27,394 | INFO | Match 8609724067: fetch overview
2026-02-22 16:04:50,789 | INFO | Match 8609724067: parse overview
2026-02-22 16:04:54,485 | INFO | Match 8609724067: fetch lanes
2026-02-22 16:05:08,057 | INFO | Match 8609724067: parse lanes
2026-02-22 16:05:08,121 | INFO | Match 8609724067: append to Excel
2026-02-22 16:05:14,169 | INFO | Match 8609724067: already in Excel, skip append
2026-02-22 16:05:14,169 | INFO | [117/2560] Match 8609724067 DONE in 166.8s
2026-02-22 16:05:16,629 | INFO | [118/2560] Match 8609713641 START
2026-02-22 16:05:16,629 | INFO | Match 8609713641: fetch overview
2026-02-22 16:07:39,471 | INFO | Match 8609713641: parse overview
2026-02-22 16:07:42,101 | INFO | Match 8609713641: fetch lanes
2026-02-22 16:10:06,848 | INFO | Match 8609713641: parse lanes
2026-02-22 16:10:06,853 | INFO | Match 8609713641: append to Excel
2026-02-22 16:10:16,850 | INFO | [118/2560] Match 8609713641 DONE in 300.2s
2026-02-22 16:10:19,550 | INFO | [119/2560] Match 8609691866 START
2026-02-22 16:10:19,550 | INFO | Match 8609691866: fetch overview
2026-02-22 16:12:42,907 | INFO | Match 8609691866: parse overview
2026-02-22 16:12:47,572 | INFO | Match 8609691866: fetch lanes
2026-02-22 16:15:11,297 | INFO | Match 8609691866: parse lanes
2026-02-22 16:15:11,299 | INFO | Match 8609691866: append to Excel
2026-02-22 16:15:22,128 | INFO | [119/2560] Match 8609691866 DONE in 302.6s
2026-02-22 16:15:25,819 | INFO | [120/2560] Match 8609719913 START
2026-02-22 16:15:25,819 | INFO | Match 8609719913: fetch overview
2026-02-22 16:17:49,283 | INFO | Match 8609719913: parse overview
2026-02-22 16:17:52,727 | INFO | Match 8609719913: fetch lanes
2026-02-22 16:20:17,328 | INFO | Match 8609719913: parse lanes
2026-02-22 16:20:17,395 | INFO | Match 8609719913: append to Excel
2026-02-22 16:20:27,955 | INFO | [120/2560] Match 8609719913 DONE in 302.1s
2026-02-22 16:20:31,732 | INFO | [121/2560] Match 8609695993 START
2026-02-22 16:20:31,733 | INFO | Match 8609695993: fetch overview
2026-02-22 16:21:24,550 | INFO | Match 8609695993: parse overview
2026-02-22 16:21:27,996 | INFO | Match 8609695993: fetch lanes
2026-02-22 16:23:51,443 | INFO | Match 8609695993: parse lanes
2026-02-22 16:23:51,445 | INFO | Match 8609695993: append to Excel
2026-02-22 16:24:01,108 | INFO | [121/2560] Match 8609695993 DONE in 209.4s
2026-02-22 16:24:04,957 | INFO | [122/2560] Match 8609714100 START
2026-02-22 16:24:04,957 | INFO | Match 8609714100: fetch overview
2026-02-22 16:26:30,816 | INFO | Match 8609714100: parse overview
2026-02-22 16:26:34,924 | INFO | Match 8609714100: fetch lanes
2026-02-22 16:26:43,385 | INFO | Match 8609714100: parse lanes
2026-02-22 16:26:43,447 | INFO | Match 8609714100: append to Excel
2026-02-22 16:26:52,754 | INFO | [122/2560] Match 8609714100 DONE in 167.8s
2026-02-22 16:26:56,179 | INFO | [123/2560] Match 8609725422 START
2026-02-22 16:26:56,179 | INFO | Match 8609725422: fetch overview
2026-02-22 16:29:18,778 | INFO | Match 8609725422: parse overview
2026-02-22 16:29:22,294 | INFO | Match 8609725422: fetch lanes
2026-02-22 16:31:47,168 | INFO | Match 8609725422: parse lanes
2026-02-22 16:31:47,170 | INFO | Match 8609725422: append to Excel
2026-02-22 16:31:57,885 | INFO | [123/2560] Match 8609725422 DONE in 301.7s
2026-02-22 16:32:00,105 | INFO | [124/2560] Match 8609707811 START
2026-02-22 16:32:00,106 | INFO | Match 8609707811: fetch overview
2026-02-22 16:34:22,999 | INFO | Match 8609707811: parse overview
2026-02-22 16:34:27,666 | INFO | Match 8609707811: fetch lanes
2026-02-22 16:36:51,092 | INFO | Match 8609707811: parse lanes
2026-02-22 16:36:51,096 | INFO | Match 8609707811: append to Excel
2026-02-22 16:37:00,521 | INFO | [124/2560] Match 8609707811 DONE in 300.4s
2026-02-22 16:37:03,105 | INFO | [125/2560] Match 8609718150 START
2026-02-22 16:37:03,105 | INFO | Match 8609718150: fetch overview
2026-02-22 16:39:26,768 | INFO | Match 8609718150: parse overview
2026-02-22 16:39:30,257 | INFO | Match 8609718150: fetch lanes
2026-02-22 16:41:52,944 | INFO | Match 8609718150: parse lanes
2026-02-22 16:41:52,945 | INFO | Match 8609718150: append to Excel
2026-02-22 16:42:03,450 | INFO | [125/2560] Match 8609718150 DONE in 300.3s
2026-02-22 16:42:06,860 | INFO | [126/2560] Match 8609705810 START
2026-02-22 16:42:06,860 | INFO | Match 8609705810: fetch overview
2026-02-22 16:43:00,254 | INFO | Match 8609705810: parse overview
2026-02-22 16:43:04,353 | INFO | Match 8609705810: fetch lanes
2026-02-22 16:45:27,162 | INFO | Match 8609705810: parse lanes
2026-02-22 16:45:27,163 | INFO | Match 8609705810: append to Excel
2026-02-22 16:45:36,760 | INFO | [126/2560] Match 8609705810 DONE in 209.9s
2026-02-22 16:45:39,110 | INFO | [127/2560] Match 8609701345 START
2026-02-22 16:45:39,110 | INFO | Match 8609701345: fetch overview
2026-02-22 16:48:02,764 | INFO | Match 8609701345: parse overview
2026-02-22 16:48:05,854 | INFO | Match 8609701345: fetch lanes
2026-02-22 16:48:16,274 | INFO | Match 8609701345: parse lanes
2026-02-22 16:48:16,349 | INFO | Match 8609701345: append to Excel
2026-02-22 16:48:26,070 | INFO | [127/2560] Match 8609701345 DONE in 167.0s
2026-02-22 16:48:28,296 | INFO | [128/2560] Match 8609711746 START
2026-02-22 16:48:28,296 | INFO | Match 8609711746: fetch overview
2026-02-22 16:48:38,617 | INFO | Match 8609711746: parse overview
2026-02-22 16:48:44,096 | INFO | Match 8609711746: fetch lanes
2026-02-22 16:51:08,107 | INFO | Match 8609711746: parse lanes
2026-02-22 16:51:08,110 | INFO | Match 8609711746: append to Excel
2026-02-22 16:51:17,116 | INFO | [128/2560] Match 8609711746 DONE in 168.8s
2026-02-22 16:51:19,338 | INFO | [129/2560] Match 8609700051 START
2026-02-22 16:51:19,338 | INFO | Match 8609700051: fetch overview
2026-02-22 16:51:30,049 | INFO | Match 8609700051: parse overview
2026-02-22 16:51:33,905 | INFO | Match 8609700051: fetch lanes
2026-02-22 16:51:43,660 | INFO | Match 8609700051: parse lanes
2026-02-22 16:51:43,729 | INFO | Match 8609700051: append to Excel
2026-02-22 16:51:53,763 | INFO | [129/2560] Match 8609700051 DONE in 34.4s
2026-02-22 16:51:56,011 | INFO | [130/2560] Match 8609704817 START
2026-02-22 16:51:56,011 | INFO | Match 8609704817: fetch overview
2026-02-22 16:52:06,582 | INFO | Match 8609704817: parse overview
2026-02-22 16:52:11,049 | INFO | Match 8609704817: fetch lanes
2026-02-22 16:52:20,102 | INFO | Match 8609704817: parse lanes
2026-02-22 16:52:20,162 | INFO | Match 8609704817: append to Excel
2026-02-22 16:52:29,966 | INFO | [130/2560] Match 8609704817 DONE in 34.0s
2026-02-22 16:52:32,058 | INFO | [131/2560] Match 8609723253 START
2026-02-22 16:52:32,058 | INFO | Match 8609723253: fetch overview
2026-02-22 16:54:55,675 | INFO | Match 8609723253: parse overview
2026-02-22 16:54:58,744 | INFO | Match 8609723253: fetch lanes
2026-02-22 16:57:22,188 | INFO | Match 8609723253: parse lanes
2026-02-22 16:57:22,191 | INFO | Match 8609723253: append to Excel
2026-02-22 16:57:31,844 | INFO | [131/2560] Match 8609723253 DONE in 299.8s
2026-02-22 16:57:35,766 | INFO | [132/2560] Match 8609724922 START
2026-02-22 16:57:35,767 | INFO | Match 8609724922: fetch overview
2026-02-22 16:57:46,174 | INFO | Match 8609724922: parse overview
2026-02-22 16:57:49,354 | INFO | Match 8609724922: fetch lanes
2026-02-22 16:57:58,419 | INFO | Match 8609724922: parse lanes
2026-02-22 16:57:59,182 | INFO | Match 8609724922: append to Excel
2026-02-22 16:58:08,385 | INFO | [132/2560] Match 8609724922 DONE in 32.6s
2026-02-22 16:58:11,847 | INFO | [133/2560] Match 8609713056 START
2026-02-22 16:58:11,848 | INFO | Match 8609713056: fetch overview
2026-02-22 16:58:22,476 | INFO | Match 8609713056: parse overview
2026-02-22 16:58:27,043 | INFO | Match 8609713056: fetch lanes
2026-02-22 17:00:51,620 | INFO | Match 8609713056: parse lanes
2026-02-22 17:00:52,479 | INFO | Match 8609713056: append to Excel
2026-02-22 17:01:02,159 | INFO | [133/2560] Match 8609713056 DONE in 170.3s
2026-02-22 17:01:04,361 | INFO | [134/2560] Match 8609723958 START
2026-02-22 17:01:04,361 | INFO | Match 8609723958: fetch overview
2026-02-22 17:01:15,352 | INFO | Match 8609723958: parse overview
2026-02-22 17:01:19,048 | INFO | Match 8609723958: fetch lanes
2026-02-22 17:03:42,558 | INFO | Match 8609723958: parse lanes
2026-02-22 17:03:42,561 | INFO | Match 8609723958: append to Excel
2026-02-22 17:03:53,138 | INFO | [134/2560] Match 8609723958 DONE in 168.8s
2026-02-22 17:03:55,718 | INFO | [135/2560] Match 8609696907 START
2026-02-22 17:03:55,718 | INFO | Match 8609696907: fetch overview
2026-02-22 17:04:06,288 | INFO | Match 8609696907: parse overview
2026-02-22 17:04:11,395 | INFO | Match 8609696907: fetch lanes
2026-02-22 17:04:21,091 | INFO | Match 8609696907: parse lanes
2026-02-22 17:04:21,163 | INFO | Match 8609696907: append to Excel
2026-02-22 17:04:31,076 | INFO | [135/2560] Match 8609696907 DONE in 35.4s
2026-02-22 17:04:34,567 | INFO | [136/2560] Match 8609734686 START
2026-02-22 17:04:34,567 | INFO | Match 8609734686: fetch overview
2026-02-22 17:04:45,206 | INFO | Match 8609734686: parse overview
2026-02-22 17:04:48,908 | INFO | Match 8609734686: fetch lanes
2026-02-22 17:04:58,853 | INFO | Match 8609734686: parse lanes
2026-02-22 17:04:58,918 | INFO | Match 8609734686: append to Excel
2026-02-22 17:05:09,310 | INFO | [136/2560] Match 8609734686 DONE in 34.7s
2026-02-22 17:05:11,520 | INFO | [137/2560] Match 8609718439 START
2026-02-22 17:05:11,520 | INFO | Match 8609718439: fetch overview
2026-02-22 17:05:23,135 | INFO | Match 8609718439: parse overview
2026-02-22 17:05:28,926 | INFO | Match 8609718439: fetch lanes
2026-02-22 17:05:37,857 | INFO | Match 8609718439: parse lanes
2026-02-22 17:05:37,917 | INFO | Match 8609718439: append to Excel
2026-02-22 17:05:47,797 | INFO | [137/2560] Match 8609718439 DONE in 36.3s
2026-02-22 17:05:50,655 | INFO | [138/2560] Match 8609720556 START
2026-02-22 17:05:50,655 | INFO | Match 8609720556: fetch overview
2026-02-22 17:08:15,990 | INFO | Match 8609720556: parse overview
2026-02-22 17:08:20,162 | INFO | Match 8609720556: fetch lanes
2026-02-22 17:08:29,393 | INFO | Match 8609720556: parse lanes
2026-02-22 17:08:29,490 | INFO | Match 8609720556: append to Excel
2026-02-22 17:08:39,971 | INFO | [138/2560] Match 8609720556 DONE in 169.3s
2026-02-22 17:08:43,002 | INFO | [139/2560] Match 8609712432 START
2026-02-22 17:08:43,002 | INFO | Match 8609712432: fetch overview
2026-02-22 17:08:54,000 | INFO | Match 8609712432: parse overview
2026-02-22 17:08:58,421 | INFO | Match 8609712432: fetch lanes
2026-02-22 17:09:07,668 | INFO | Match 8609712432: parse lanes
2026-02-22 17:09:07,732 | INFO | Match 8609712432: append to Excel
2026-02-22 17:09:17,771 | INFO | [139/2560] Match 8609712432 DONE in 34.8s
2026-02-22 17:09:20,137 | INFO | [140/2560] Match 8609719374 START
2026-02-22 17:09:20,137 | INFO | Match 8609719374: fetch overview
2026-02-22 17:11:43,144 | INFO | Match 8609719374: parse overview
2026-02-22 17:11:46,603 | INFO | Match 8609719374: fetch lanes
2026-02-22 17:11:56,083 | INFO | Match 8609719374: parse lanes
2026-02-22 17:11:56,165 | INFO | Match 8609719374: append to Excel
2026-02-22 17:12:07,739 | INFO | [140/2560] Match 8609719374 DONE in 167.6s
2026-02-22 17:12:10,061 | INFO | [141/2560] Match 8609718179 START
2026-02-22 17:12:10,061 | INFO | Match 8609718179: fetch overview
2026-02-22 17:12:21,854 | INFO | Match 8609718179: parse overview
2026-02-22 17:12:25,941 | INFO | Match 8609718179: fetch lanes
2026-02-22 17:12:34,467 | INFO | Match 8609718179: parse lanes
2026-02-22 17:12:34,528 | INFO | Match 8609718179: append to Excel
2026-02-22 17:12:44,211 | INFO | [141/2560] Match 8609718179 DONE in 34.1s
2026-02-22 17:12:46,566 | INFO | [142/2560] Match 8609703896 START
2026-02-22 17:12:46,566 | INFO | Match 8609703896: fetch overview
2026-02-22 17:12:59,051 | INFO | Match 8609703896: parse overview
2026-02-22 17:13:04,124 | INFO | Match 8609703896: fetch lanes
2026-02-22 17:13:12,983 | INFO | Match 8609703896: parse lanes
2026-02-22 17:13:13,072 | INFO | Match 8609703896: append to Excel
2026-02-22 17:13:23,771 | INFO | [142/2560] Match 8609703896 DONE in 37.2s
2026-02-22 17:13:25,971 | INFO | [143/2560] Match 8609730537 START
2026-02-22 17:13:25,971 | INFO | Match 8609730537: fetch overview
2026-02-22 17:14:18,716 | INFO | Match 8609730537: parse overview
2026-02-22 17:14:22,280 | INFO | Match 8609730537: fetch lanes
2026-02-22 17:16:46,735 | INFO | Match 8609730537: parse lanes
2026-02-22 17:16:46,737 | INFO | Match 8609730537: append to Excel
2026-02-22 17:16:56,971 | INFO | [143/2560] Match 8609730537 DONE in 211.0s
2026-02-22 17:16:59,188 | INFO | [144/2560] Match 8609734677 START
2026-02-22 17:16:59,188 | INFO | Match 8609734677: fetch overview
2026-02-22 17:19:24,855 | INFO | Match 8609734677: parse overview
2026-02-22 17:19:28,975 | INFO | Match 8609734677: fetch lanes
2026-02-22 17:21:51,683 | INFO | Match 8609734677: parse lanes
2026-02-22 17:21:51,687 | INFO | Match 8609734677: append to Excel
2026-02-22 17:22:01,632 | INFO | [144/2560] Match 8609734677 DONE in 302.4s
2026-02-22 17:22:05,488 | INFO | [145/2560] Match 8609722844 START
2026-02-22 17:22:05,488 | INFO | Match 8609722844: fetch overview
2026-02-22 17:24:29,019 | INFO | Match 8609722844: parse overview
2026-02-22 17:24:32,908 | INFO | Match 8609722844: fetch lanes
2026-02-22 17:26:55,956 | INFO | Match 8609722844: parse lanes
2026-02-22 17:26:55,960 | INFO | Match 8609722844: append to Excel
2026-02-22 17:27:06,132 | INFO | [145/2560] Match 8609722844 DONE in 300.6s
2026-02-22 17:27:09,962 | INFO | [146/2560] Match 8609702177 START
2026-02-22 17:27:09,963 | INFO | Match 8609702177: fetch overview
2026-02-22 17:27:21,080 | INFO | Match 8609702177: parse overview
2026-02-22 17:27:25,862 | INFO | Match 8609702177: fetch lanes
2026-02-22 17:29:49,595 | INFO | Match 8609702177: parse lanes
2026-02-22 17:29:49,596 | INFO | Match 8609702177: append to Excel
2026-02-22 17:29:59,088 | INFO | [146/2560] Match 8609702177 DONE in 169.1s
2026-02-22 17:30:02,215 | INFO | [147/2560] Match 8609714038 START
2026-02-22 17:30:02,215 | INFO | Match 8609714038: fetch overview
2026-02-22 17:32:26,220 | INFO | Match 8609714038: parse overview
2026-02-22 17:32:31,230 | INFO | Match 8609714038: fetch lanes
2026-02-22 17:34:55,350 | INFO | Match 8609714038: parse lanes
2026-02-22 17:34:55,420 | INFO | Match 8609714038: append to Excel
2026-02-22 17:35:06,306 | INFO | [147/2560] Match 8609714038 DONE in 304.1s
2026-02-22 17:35:09,881 | INFO | [148/2560] Match 8609737135 START
2026-02-22 17:35:09,881 | INFO | Match 8609737135: fetch overview
2026-02-22 17:37:32,792 | INFO | Match 8609737135: parse overview
2026-02-22 17:37:36,919 | INFO | Match 8609737135: fetch lanes
2026-02-22 17:39:59,887 | INFO | Match 8609737135: parse lanes
2026-02-22 17:39:59,891 | INFO | Match 8609737135: append to Excel
2026-02-22 17:40:10,608 | INFO | [148/2560] Match 8609737135 DONE in 300.7s
2026-02-22 17:40:12,665 | INFO | [149/2560] Match 8609709172 START
2026-02-22 17:40:12,665 | INFO | Match 8609709172: fetch overview
2026-02-22 17:42:35,738 | INFO | Match 8609709172: parse overview
2026-02-22 17:42:39,546 | INFO | Match 8609709172: fetch lanes
2026-02-22 17:45:02,390 | INFO | Match 8609709172: parse lanes
2026-02-22 17:45:02,394 | INFO | Match 8609709172: append to Excel
2026-02-22 17:45:13,314 | INFO | [149/2560] Match 8609709172 DONE in 300.6s
2026-02-22 17:45:16,385 | INFO | [150/2560] Match 8609725398 START
2026-02-22 17:45:16,385 | INFO | Match 8609725398: fetch overview
2026-02-22 17:45:27,810 | INFO | Match 8609725398: parse overview
2026-02-22 17:45:31,659 | INFO | Match 8609725398: fetch lanes
2026-02-22 17:47:55,562 | INFO | Match 8609725398: parse lanes
2026-02-22 17:47:55,565 | INFO | Match 8609725398: append to Excel
2026-02-22 17:48:05,746 | INFO | [150/2560] Match 8609725398 DONE in 169.4s
2026-02-22 17:48:08,847 | INFO | [151/2560] Match 8609721421 START
2026-02-22 17:48:08,847 | INFO | Match 8609721421: fetch overview
2026-02-22 17:49:02,774 | INFO | Match 8609721421: parse overview
2026-02-22 17:49:07,885 | INFO | Match 8609721421: fetch lanes
2026-02-22 17:51:31,736 | INFO | Match 8609721421: parse lanes
2026-02-22 17:51:31,743 | INFO | Match 8609721421: append to Excel
2026-02-22 17:51:42,180 | INFO | [151/2560] Match 8609721421 DONE in 213.3s
2026-02-22 17:51:44,332 | INFO | [152/2560] Match 8609715803 START
2026-02-22 17:51:44,332 | INFO | Match 8609715803: fetch overview
2026-02-22 17:52:37,806 | INFO | Match 8609715803: parse overview
2026-02-22 17:52:40,965 | INFO | Match 8609715803: fetch lanes
2026-02-22 17:55:05,705 | INFO | Match 8609715803: parse lanes
2026-02-22 17:55:05,770 | INFO | Match 8609715803: append to Excel
2026-02-22 17:55:16,258 | INFO | [152/2560] Match 8609715803 DONE in 211.9s
2026-02-22 17:55:18,886 | INFO | [153/2560] Match 8609709983 START
2026-02-22 17:55:18,887 | INFO | Match 8609709983: fetch overview
2026-02-22 17:57:45,251 | INFO | Match 8609709983: parse overview
2026-02-22 17:57:50,075 | INFO | Match 8609709983: fetch lanes
2026-02-22 17:57:59,513 | INFO | Match 8609709983: parse lanes
2026-02-22 17:57:59,585 | INFO | Match 8609709983: append to Excel
2026-02-22 17:58:10,019 | INFO | [153/2560] Match 8609709983 DONE in 171.1s
2026-02-22 17:58:13,531 | INFO | [154/2560] Match 8609719526 START
2026-02-22 17:58:13,531 | INFO | Match 8609719526: fetch overview
2026-02-22 18:00:36,447 | INFO | Match 8609719526: parse overview
2026-02-22 18:00:40,797 | INFO | Match 8609719526: fetch lanes
2026-02-22 18:03:04,915 | INFO | Match 8609719526: parse lanes
2026-02-22 18:03:04,919 | INFO | Match 8609719526: append to Excel
2026-02-22 18:03:15,281 | INFO | [154/2560] Match 8609719526 DONE in 301.7s
2026-02-22 18:03:19,145 | INFO | [155/2560] Match 8609719571 START
2026-02-22 18:03:19,145 | INFO | Match 8609719571: fetch overview
2026-02-22 18:05:44,504 | INFO | Match 8609719571: parse overview
2026-02-22 18:05:48,394 | INFO | Match 8609719571: fetch lanes
2026-02-22 18:08:12,024 | INFO | Match 8609719571: parse lanes
2026-02-22 18:08:12,028 | INFO | Match 8609719571: append to Excel
2026-02-22 18:08:21,659 | INFO | [155/2560] Match 8609719571 DONE in 302.5s
2026-02-22 18:08:24,763 | INFO | [156/2560] Match 8609731851 START
2026-02-22 18:08:24,763 | INFO | Match 8609731851: fetch overview
2026-02-22 18:10:48,667 | INFO | Match 8609731851: parse overview
2026-02-22 18:10:52,830 | INFO | Match 8609731851: fetch lanes
2026-02-22 18:13:17,843 | INFO | Match 8609731851: parse lanes
2026-02-22 18:13:18,568 | INFO | Match 8609731851: append to Excel
2026-02-22 18:13:27,851 | INFO | [156/2560] Match 8609731851 DONE in 303.1s
2026-02-22 18:13:31,095 | INFO | [157/2560] Match 8609731588 START
2026-02-22 18:13:31,095 | INFO | Match 8609731588: fetch overview
2026-02-22 18:15:57,788 | INFO | Match 8609731588: parse overview
2026-02-22 18:16:03,389 | INFO | Match 8609731588: fetch lanes
2026-02-22 18:18:27,166 | INFO | Match 8609731588: parse lanes
2026-02-22 18:18:27,170 | INFO | Match 8609731588: append to Excel
2026-02-22 18:18:37,972 | INFO | [157/2560] Match 8609731588 DONE in 306.9s
2026-02-22 18:18:40,390 | INFO | [158/2560] Match 8609715877 START
2026-02-22 18:18:40,390 | INFO | Match 8609715877: fetch overview
2026-02-22 18:21:03,653 | INFO | Match 8609715877: parse overview
2026-02-22 18:21:06,503 | INFO | Match 8609715877: fetch lanes
2026-02-22 18:21:15,699 | INFO | Match 8609715877: parse lanes
2026-02-22 18:21:15,775 | INFO | Match 8609715877: append to Excel
2026-02-22 18:21:26,744 | INFO | [158/2560] Match 8609715877 DONE in 166.4s
2026-02-22 18:21:30,047 | INFO | [159/2560] Match 8609720720 START
2026-02-22 18:21:30,047 | INFO | Match 8609720720: fetch overview
2026-02-22 18:23:53,657 | INFO | Match 8609720720: parse overview
2026-02-22 18:23:57,695 | INFO | Match 8609720720: fetch lanes
2026-02-22 18:26:20,922 | INFO | Match 8609720720: parse lanes
2026-02-22 18:26:20,924 | INFO | Match 8609720720: append to Excel
2026-02-22 18:26:32,653 | INFO | [159/2560] Match 8609720720 DONE in 302.6s
2026-02-22 18:26:35,705 | INFO | [160/2560] Match 8609721225 START
2026-02-22 18:26:35,705 | INFO | Match 8609721225: fetch overview
2026-02-22 18:28:59,221 | INFO | Match 8609721225: parse overview
2026-02-22 18:29:02,613 | INFO | Match 8609721225: fetch lanes
2026-02-22 18:31:25,774 | INFO | Match 8609721225: parse lanes
2026-02-22 18:31:25,776 | INFO | Match 8609721225: append to Excel
2026-02-22 18:31:38,609 | INFO | [160/2560] Match 8609721225 DONE in 302.9s
2026-02-22 18:31:42,161 | INFO | [161/2560] Match 8609731121 START
2026-02-22 18:31:42,161 | INFO | Match 8609731121: fetch overview
2026-02-22 18:34:04,841 | INFO | Match 8609731121: parse overview
2026-02-22 18:34:09,084 | INFO | Match 8609731121: fetch lanes
2026-02-22 18:36:33,380 | INFO | Match 8609731121: parse lanes
2026-02-22 18:36:33,383 | INFO | Match 8609731121: append to Excel
2026-02-22 18:36:46,064 | INFO | [161/2560] Match 8609731121 DONE in 303.9s
2026-02-22 18:36:49,513 | INFO | [162/2560] Match 8609733337 START
2026-02-22 18:36:49,514 | INFO | Match 8609733337: fetch overview
2026-02-22 18:39:13,164 | INFO | Match 8609733337: parse overview
2026-02-22 18:39:17,072 | INFO | Match 8609733337: fetch lanes
2026-02-22 18:41:40,628 | INFO | Match 8609733337: parse lanes
2026-02-22 18:41:40,631 | INFO | Match 8609733337: append to Excel
2026-02-22 18:41:51,365 | INFO | [162/2560] Match 8609733337 DONE in 301.9s
2026-02-22 18:41:53,681 | INFO | [163/2560] Match 8609723473 START
2026-02-22 18:41:53,681 | INFO | Match 8609723473: fetch overview
2026-02-22 18:44:17,846 | INFO | Match 8609723473: parse overview
2026-02-22 18:44:21,836 | INFO | Match 8609723473: fetch lanes
2026-02-22 18:46:45,440 | INFO | Match 8609723473: parse lanes
2026-02-22 18:46:45,444 | INFO | Match 8609723473: append to Excel
2026-02-22 18:46:58,605 | INFO | [163/2560] Match 8609723473 DONE in 304.9s
2026-02-22 18:47:02,140 | INFO | [164/2560] Match 8609706978 START
2026-02-22 18:47:02,140 | INFO | Match 8609706978: fetch overview
2026-02-22 18:49:26,191 | INFO | Match 8609706978: parse overview
2026-02-22 18:49:29,624 | INFO | Match 8609706978: fetch lanes
2026-02-22 18:51:52,741 | INFO | Match 8609706978: parse lanes
2026-02-22 18:51:52,744 | INFO | Match 8609706978: append to Excel
2026-02-22 18:52:03,353 | INFO | [164/2560] Match 8609706978 DONE in 301.2s
2026-02-22 18:52:07,348 | INFO | [165/2560] Match 8609706978 START
2026-02-22 18:52:07,348 | INFO | Match 8609706978: fetch overview
2026-02-22 18:54:30,402 | INFO | Match 8609706978: parse overview
2026-02-22 18:54:34,308 | INFO | Match 8609706978: fetch lanes
2026-02-22 18:56:57,852 | INFO | Match 8609706978: parse lanes
2026-02-22 18:56:57,855 | INFO | Match 8609706978: append to Excel
2026-02-22 18:57:05,431 | INFO | Match 8609706978: already in Excel, skip append
2026-02-22 18:57:05,431 | INFO | [165/2560] Match 8609706978 DONE in 298.1s
2026-02-22 18:57:08,162 | INFO | [166/2560] Match 8609708589 START
2026-02-22 18:57:08,163 | INFO | Match 8609708589: fetch overview
2026-02-22 18:59:32,279 | INFO | Match 8609708589: parse overview
2026-02-22 18:59:36,620 | INFO | Match 8609708589: fetch lanes
2026-02-22 19:02:00,281 | INFO | Match 8609708589: parse lanes
2026-02-22 19:02:00,285 | INFO | Match 8609708589: append to Excel
2026-02-22 19:02:16,368 | INFO | [166/2560] Match 8609708589 DONE in 308.2s
2026-02-22 19:02:19,911 | INFO | [167/2560] Match 8609722610 START
2026-02-22 19:02:19,911 | INFO | Match 8609722610: fetch overview
2026-02-22 19:04:43,390 | INFO | Match 8609722610: parse overview
2026-02-22 19:04:47,851 | INFO | Match 8609722610: fetch lanes
2026-02-22 19:07:11,198 | INFO | Match 8609722610: parse lanes
2026-02-22 19:07:11,200 | INFO | Match 8609722610: append to Excel
2026-02-22 19:07:20,696 | INFO | [167/2560] Match 8609722610 DONE in 300.8s
2026-02-22 19:07:23,089 | INFO | [168/2560] Match 8609717148 START
2026-02-22 19:07:23,089 | INFO | Match 8609717148: fetch overview
2026-02-22 19:09:45,902 | INFO | Match 8609717148: parse overview
2026-02-22 19:09:48,529 | INFO | Match 8609717148: fetch lanes
2026-02-22 19:12:11,745 | INFO | Match 8609717148: parse lanes
2026-02-22 19:12:11,747 | INFO | Match 8609717148: append to Excel
2026-02-22 19:12:23,097 | INFO | [168/2560] Match 8609717148 DONE in 300.0s
2026-02-22 19:12:26,133 | INFO | [169/2560] Match 8609740801 START
2026-02-22 19:12:26,133 | INFO | Match 8609740801: fetch overview
2026-02-22 19:14:49,891 | INFO | Match 8609740801: parse overview
2026-02-22 19:14:53,613 | INFO | Match 8609740801: fetch lanes
2026-02-22 19:15:04,151 | INFO | Match 8609740801: parse lanes
2026-02-22 19:15:04,228 | INFO | Match 8609740801: append to Excel
2026-02-22 19:15:14,570 | INFO | [169/2560] Match 8609740801 DONE in 168.4s
2026-02-22 19:15:17,984 | INFO | [170/2560] Match 8609720176 START
2026-02-22 19:15:17,985 | INFO | Match 8609720176: fetch overview
2026-02-22 19:17:41,628 | INFO | Match 8609720176: parse overview
2026-02-22 19:17:44,851 | INFO | Match 8609720176: fetch lanes
2026-02-22 19:20:08,396 | INFO | Match 8609720176: parse lanes
2026-02-22 19:20:08,400 | INFO | Match 8609720176: append to Excel
2026-02-22 19:20:19,787 | INFO | [170/2560] Match 8609720176 DONE in 301.8s
2026-02-22 19:20:22,228 | INFO | [171/2560] Match 8609718901 START
2026-02-22 19:20:22,228 | INFO | Match 8609718901: fetch overview
2026-02-22 19:22:45,652 | INFO | Match 8609718901: parse overview
2026-02-22 19:22:50,009 | INFO | Match 8609718901: fetch lanes
2026-02-22 19:25:14,093 | INFO | Match 8609718901: parse lanes
2026-02-22 19:25:14,098 | INFO | Match 8609718901: append to Excel
2026-02-22 19:25:23,984 | INFO | [171/2560] Match 8609718901 DONE in 301.8s
2026-02-22 19:25:26,071 | INFO | [172/2560] Match 8609727409 START
2026-02-22 19:25:26,072 | INFO | Match 8609727409: fetch overview
2026-02-22 19:27:49,073 | INFO | Match 8609727409: parse overview
2026-02-22 19:27:52,404 | INFO | Match 8609727409: fetch lanes
2026-02-22 19:30:17,308 | INFO | Match 8609727409: parse lanes
2026-02-22 19:30:17,315 | INFO | Match 8609727409: append to Excel
2026-02-22 19:30:27,570 | INFO | [172/2560] Match 8609727409 DONE in 301.5s
2026-02-22 19:30:29,783 | INFO | [173/2560] Match 8609701458 START
2026-02-22 19:30:29,783 | INFO | Match 8609701458: fetch overview
2026-02-22 19:32:53,312 | INFO | Match 8609701458: parse overview
2026-02-22 19:32:57,827 | INFO | Match 8609701458: fetch lanes
2026-02-22 19:35:21,013 | INFO | Match 8609701458: parse lanes
2026-02-22 19:35:21,017 | INFO | Match 8609701458: append to Excel
2026-02-22 19:35:31,827 | INFO | [173/2560] Match 8609701458 DONE in 302.0s
2026-02-22 19:35:35,457 | INFO | [174/2560] Match 8609709373 START
2026-02-22 19:35:35,457 | INFO | Match 8609709373: fetch overview
2026-02-22 19:38:02,725 | INFO | Match 8609709373: parse overview
2026-02-22 19:38:07,468 | INFO | Match 8609709373: fetch lanes
2026-02-22 19:38:16,585 | INFO | Match 8609709373: parse lanes
2026-02-22 19:38:16,648 | INFO | Match 8609709373: append to Excel
2026-02-22 19:38:27,355 | INFO | [174/2560] Match 8609709373 DONE in 171.9s
2026-02-22 19:38:29,775 | INFO | [175/2560] Match 8609713982 START
2026-02-22 19:38:29,775 | INFO | Match 8609713982: fetch overview
2026-02-22 19:40:53,539 | INFO | Match 8609713982: parse overview
2026-02-22 19:40:57,800 | INFO | Match 8609713982: fetch lanes
2026-02-22 19:43:20,843 | INFO | Match 8609713982: parse lanes
2026-02-22 19:43:20,848 | INFO | Match 8609713982: append to Excel
2026-02-22 19:43:31,887 | INFO | [175/2560] Match 8609713982 DONE in 302.1s
2026-02-22 19:43:34,735 | INFO | [176/2560] Match 8609707769 START
2026-02-22 19:43:34,736 | INFO | Match 8609707769: fetch overview
2026-02-22 19:45:58,111 | INFO | Match 8609707769: parse overview
2026-02-22 19:46:01,388 | INFO | Match 8609707769: fetch lanes
2026-02-22 19:48:28,374 | INFO | Match 8609707769: parse lanes
2026-02-22 19:48:28,441 | INFO | Match 8609707769: append to Excel
2026-02-22 19:48:38,760 | INFO | [176/2560] Match 8609707769 DONE in 304.0s
2026-02-22 19:48:41,771 | INFO | [177/2560] Match 8609733050 START
2026-02-22 19:48:41,771 | INFO | Match 8609733050: fetch overview
2026-02-22 19:49:35,315 | INFO | Match 8609733050: parse overview
2026-02-22 19:49:38,609 | INFO | Match 8609733050: fetch lanes
2026-02-22 19:52:03,247 | INFO | Match 8609733050: parse lanes
2026-02-22 19:52:03,249 | INFO | Match 8609733050: append to Excel
2026-02-22 19:52:14,359 | INFO | [177/2560] Match 8609733050 DONE in 212.6s
2026-02-22 19:52:17,567 | INFO | [178/2560] Match 8609713271 START
2026-02-22 19:52:17,567 | INFO | Match 8609713271: fetch overview
2026-02-22 19:53:11,723 | INFO | Match 8609713271: parse overview
2026-02-22 19:53:17,229 | INFO | Match 8609713271: fetch lanes
2026-02-22 19:55:40,279 | INFO | Match 8609713271: parse lanes
2026-02-22 19:55:40,281 | INFO | Match 8609713271: append to Excel
2026-02-22 19:55:50,865 | INFO | [178/2560] Match 8609713271 DONE in 213.3s
2026-02-22 19:55:54,215 | INFO | [179/2560] Match 8609733787 START
2026-02-22 19:55:54,215 | INFO | Match 8609733787: fetch overview
2026-02-22 19:58:21,018 | INFO | Match 8609733787: parse overview
2026-02-22 19:58:24,493 | INFO | Match 8609733787: fetch lanes
2026-02-22 20:00:48,789 | INFO | Match 8609733787: parse lanes
2026-02-22 20:00:48,854 | INFO | Match 8609733787: append to Excel
2026-02-22 20:00:59,962 | INFO | [179/2560] Match 8609733787 DONE in 305.7s
2026-02-22 20:01:03,192 | INFO | [180/2560] Match 8609731874 START
2026-02-22 20:01:03,193 | INFO | Match 8609731874: fetch overview
2026-02-22 20:03:26,114 | INFO | Match 8609731874: parse overview
2026-02-22 20:03:28,878 | INFO | Match 8609731874: fetch lanes
2026-02-22 20:05:52,274 | INFO | Match 8609731874: parse lanes
2026-02-22 20:05:52,279 | INFO | Match 8609731874: append to Excel
2026-02-22 20:06:02,737 | INFO | [180/2560] Match 8609731874 DONE in 299.5s
2026-02-22 20:06:04,891 | INFO | [181/2560] Match 8609740148 START
2026-02-22 20:06:04,891 | INFO | Match 8609740148: fetch overview
2026-02-22 20:08:28,167 | INFO | Match 8609740148: parse overview
2026-02-22 20:08:32,212 | INFO | Match 8609740148: fetch lanes
2026-02-22 20:10:57,718 | INFO | Match 8609740148: parse lanes
2026-02-22 20:10:58,481 | INFO | Match 8609740148: append to Excel
2026-02-22 20:11:07,859 | INFO | [181/2560] Match 8609740148 DONE in 303.0s
2026-02-22 20:11:10,901 | INFO | [182/2560] Match 8609723172 START
2026-02-22 20:11:10,901 | INFO | Match 8609723172: fetch overview
2026-02-22 20:13:34,362 | INFO | Match 8609723172: parse overview
2026-02-22 20:13:38,333 | INFO | Match 8609723172: fetch lanes
2026-02-22 20:16:03,195 | INFO | Match 8609723172: parse lanes
2026-02-22 20:16:03,198 | INFO | Match 8609723172: append to Excel
2026-02-22 20:16:13,635 | INFO | [182/2560] Match 8609723172 DONE in 302.7s
2026-02-22 20:16:16,760 | INFO | [183/2560] Match 8609741107 START
2026-02-22 20:16:16,761 | INFO | Match 8609741107: fetch overview
2026-02-22 20:18:40,693 | INFO | Match 8609741107: parse overview
2026-02-22 20:18:44,658 | INFO | Match 8609741107: fetch lanes
2026-02-22 20:21:09,793 | INFO | Match 8609741107: parse lanes
2026-02-22 20:21:09,861 | INFO | Match 8609741107: append to Excel
2026-02-22 20:21:20,430 | INFO | [183/2560] Match 8609741107 DONE in 303.7s
2026-02-22 20:21:22,742 | INFO | [184/2560] Match 8609733111 START
2026-02-22 20:21:22,743 | INFO | Match 8609733111: fetch overview
2026-02-22 20:23:45,695 | INFO | Match 8609733111: parse overview
2026-02-22 20:23:48,695 | INFO | Match 8609733111: fetch lanes
2026-02-22 20:26:11,892 | INFO | Match 8609733111: parse lanes
2026-02-22 20:26:11,896 | INFO | Match 8609733111: append to Excel
2026-02-22 20:26:22,294 | INFO | [184/2560] Match 8609733111 DONE in 299.6s
2026-02-22 20:26:25,692 | INFO | [185/2560] Match 8609738287 START
2026-02-22 20:26:25,693 | INFO | Match 8609738287: fetch overview
2026-02-22 20:28:48,285 | INFO | Match 8609738287: parse overview
2026-02-22 20:28:52,565 | INFO | Match 8609738287: fetch lanes
2026-02-22 20:31:17,022 | INFO | Match 8609738287: parse lanes
2026-02-22 20:31:17,025 | INFO | Match 8609738287: append to Excel
2026-02-22 20:31:28,134 | INFO | [185/2560] Match 8609738287 DONE in 302.4s
2026-02-22 20:31:30,544 | INFO | [186/2560] Match 8609736594 START
2026-02-22 20:31:30,544 | INFO | Match 8609736594: fetch overview
2026-02-22 20:33:55,862 | INFO | Match 8609736594: parse overview
2026-02-22 20:34:00,198 | INFO | Match 8609736594: fetch lanes
2026-02-22 20:36:23,285 | INFO | Match 8609736594: parse lanes
2026-02-22 20:36:23,363 | INFO | Match 8609736594: append to Excel
2026-02-22 20:36:33,367 | INFO | [186/2560] Match 8609736594 DONE in 302.8s
2026-02-22 20:36:36,922 | INFO | [187/2560] Match 8609749238 START
2026-02-22 20:36:36,922 | INFO | Match 8609749238: fetch overview
2026-02-22 20:38:59,896 | INFO | Match 8609749238: parse overview
2026-02-22 20:39:05,523 | INFO | Match 8609749238: fetch lanes
2026-02-22 20:41:29,112 | INFO | Match 8609749238: parse lanes
2026-02-22 20:41:29,116 | INFO | Match 8609749238: append to Excel
2026-02-22 20:41:41,169 | INFO | [187/2560] Match 8609749238 DONE in 304.2s
2026-02-22 20:41:44,656 | INFO | [188/2560] Match 8609723086 START
2026-02-22 20:41:44,657 | INFO | Match 8609723086: fetch overview
2026-02-22 20:44:08,397 | INFO | Match 8609723086: parse overview
2026-02-22 20:44:11,861 | INFO | Match 8609723086: fetch lanes
2026-02-22 20:46:34,756 | INFO | Match 8609723086: parse lanes
2026-02-22 20:46:34,760 | INFO | Match 8609723086: append to Excel
2026-02-22 20:46:44,816 | INFO | [188/2560] Match 8609723086 DONE in 300.2s
2026-02-22 20:46:48,325 | INFO | [189/2560] Match 8609745504 START
2026-02-22 20:46:48,325 | INFO | Match 8609745504: fetch overview
2026-02-22 20:46:58,490 | INFO | Match 8609745504: parse overview
2026-02-22 20:47:02,785 | INFO | Match 8609745504: fetch lanes
2026-02-22 20:49:26,026 | INFO | Match 8609745504: parse lanes
2026-02-22 20:49:26,030 | INFO | Match 8609745504: append to Excel
2026-02-22 20:49:36,170 | INFO | [189/2560] Match 8609745504 DONE in 167.8s
2026-02-22 20:49:38,716 | INFO | [190/2560] Match 8609725215 START
2026-02-22 20:49:38,716 | INFO | Match 8609725215: fetch overview
2026-02-22 20:52:04,631 | INFO | Match 8609725215: parse overview
2026-02-22 20:52:09,010 | INFO | Match 8609725215: fetch lanes
2026-02-22 20:54:32,547 | INFO | Match 8609725215: parse lanes
2026-02-22 20:54:32,551 | INFO | Match 8609725215: append to Excel
2026-02-22 20:54:42,609 | INFO | [190/2560] Match 8609725215 DONE in 303.9s
2026-02-22 20:54:45,335 | INFO | [191/2560] Match 8609742823 START
2026-02-22 20:54:45,335 | INFO | Match 8609742823: fetch overview
2026-02-22 20:57:10,377 | INFO | Match 8609742823: parse overview
2026-02-22 20:57:15,209 | INFO | Match 8609742823: fetch lanes
2026-02-22 20:59:37,987 | INFO | Match 8609742823: parse lanes
2026-02-22 20:59:37,990 | INFO | Match 8609742823: append to Excel
2026-02-22 20:59:49,282 | INFO | [191/2560] Match 8609742823 DONE in 303.9s
2026-02-22 20:59:51,417 | INFO | [192/2560] Match 8609728998 START
2026-02-22 20:59:51,417 | INFO | Match 8609728998: fetch overview
2026-02-22 21:00:02,979 | INFO | Match 8609728998: parse overview
2026-02-22 21:00:06,230 | INFO | Match 8609728998: fetch lanes
2026-02-22 21:02:29,809 | INFO | Match 8609728998: parse lanes
2026-02-22 21:02:29,812 | INFO | Match 8609728998: append to Excel
2026-02-22 21:02:40,718 | INFO | [192/2560] Match 8609728998 DONE in 169.3s
2026-02-22 21:02:44,255 | INFO | [193/2560] Match 8609725617 START
2026-02-22 21:02:44,255 | INFO | Match 8609725617: fetch overview
2026-02-22 21:05:09,863 | INFO | Match 8609725617: parse overview
2026-02-22 21:05:13,289 | INFO | Match 8609725617: fetch lanes
2026-02-22 21:07:36,357 | INFO | Match 8609725617: parse lanes
2026-02-22 21:07:36,359 | INFO | Match 8609725617: append to Excel
2026-02-22 21:07:47,256 | INFO | [193/2560] Match 8609725617 DONE in 303.0s
2026-02-22 21:07:50,865 | INFO | [194/2560] Match 8609729759 START
2026-02-22 21:07:50,865 | INFO | Match 8609729759: fetch overview
2026-02-22 21:10:16,959 | INFO | Match 8609729759: parse overview
2026-02-22 21:10:21,450 | INFO | Match 8609729759: fetch lanes
2026-02-22 21:11:14,459 | INFO | Match 8609729759: parse lanes
2026-02-22 21:11:14,524 | INFO | Match 8609729759: append to Excel
2026-02-22 21:11:24,775 | INFO | [194/2560] Match 8609729759 DONE in 213.9s
2026-02-22 21:11:28,414 | INFO | [195/2560] Match 8609735633 START
2026-02-22 21:11:28,415 | INFO | Match 8609735633: fetch overview
2026-02-22 21:13:51,128 | INFO | Match 8609735633: parse overview
2026-02-22 21:13:54,254 | INFO | Match 8609735633: fetch lanes
2026-02-22 21:16:20,768 | INFO | Match 8609735633: parse lanes
2026-02-22 21:16:20,772 | INFO | Match 8609735633: append to Excel
2026-02-22 21:16:31,710 | INFO | [195/2560] Match 8609735633 DONE in 303.3s
2026-02-22 21:16:34,319 | INFO | [196/2560] Match 8609745422 START
2026-02-22 21:16:34,319 | INFO | Match 8609745422: fetch overview
2026-02-22 21:18:58,188 | INFO | Match 8609745422: parse overview
2026-02-22 21:19:02,128 | INFO | Match 8609745422: fetch lanes
2026-02-22 21:21:25,418 | INFO | Match 8609745422: parse lanes
2026-02-22 21:21:25,420 | INFO | Match 8609745422: append to Excel
2026-02-22 21:21:36,890 | INFO | [196/2560] Match 8609745422 DONE in 302.6s
2026-02-22 21:21:39,175 | INFO | [197/2560] Match 8609708722 START
2026-02-22 21:21:39,175 | INFO | Match 8609708722: fetch overview
2026-02-22 21:24:04,657 | INFO | Match 8609708722: parse overview
2026-02-22 21:24:08,159 | INFO | Match 8609708722: fetch lanes
2026-02-22 21:26:31,211 | INFO | Match 8609708722: parse lanes
2026-02-22 21:26:31,215 | INFO | Match 8609708722: append to Excel
2026-02-22 21:26:41,768 | INFO | [197/2560] Match 8609708722 DONE in 302.6s
2026-02-22 21:26:45,316 | INFO | [198/2560] Match 8609700216 START
2026-02-22 21:26:45,316 | INFO | Match 8609700216: fetch overview
2026-02-22 21:29:08,461 | INFO | Match 8609700216: parse overview
2026-02-22 21:29:13,085 | INFO | Match 8609700216: fetch lanes
2026-02-22 21:31:35,851 | INFO | Match 8609700216: parse lanes
2026-02-22 21:31:35,853 | INFO | Match 8609700216: append to Excel
2026-02-22 21:31:45,933 | INFO | [198/2560] Match 8609700216 DONE in 300.6s
2026-02-22 21:31:48,933 | INFO | [199/2560] Match 8609741464 START
2026-02-22 21:31:48,934 | INFO | Match 8609741464: fetch overview
2026-02-22 21:34:11,997 | INFO | Match 8609741464: parse overview
2026-02-22 21:34:16,009 | INFO | Match 8609741464: fetch lanes
2026-02-22 21:36:39,860 | INFO | Match 8609741464: parse lanes
2026-02-22 21:36:39,864 | INFO | Match 8609741464: append to Excel
2026-02-22 21:36:49,453 | INFO | [199/2560] Match 8609741464 DONE in 300.5s
2026-02-22 21:36:51,603 | INFO | [200/2560] Match 8609754138 START
2026-02-22 21:36:51,603 | INFO | Match 8609754138: fetch overview
2026-02-22 21:39:14,990 | INFO | Match 8609754138: parse overview
2026-02-22 21:39:17,971 | INFO | Match 8609754138: fetch lanes
2026-02-22 21:41:40,306 | INFO | Match 8609754138: parse lanes
2026-02-22 21:41:40,308 | INFO | Match 8609754138: append to Excel
2026-02-22 21:41:54,597 | INFO | [200/2560] Match 8609754138 DONE in 303.0s
2026-02-22 21:41:57,336 | INFO | [201/2560] Match 8609732136 START
2026-02-22 21:41:57,336 | INFO | Match 8609732136: fetch overview
2026-02-22 21:44:20,295 | INFO | Match 8609732136: parse overview
2026-02-22 21:44:23,670 | INFO | Match 8609732136: fetch lanes
2026-02-22 21:46:47,258 | INFO | Match 8609732136: parse lanes
2026-02-22 21:46:47,261 | INFO | Match 8609732136: append to Excel
2026-02-22 21:46:57,869 | INFO | [201/2560] Match 8609732136 DONE in 300.5s
2026-02-22 21:47:00,752 | INFO | [202/2560] Match 8609755143 START
2026-02-22 21:47:00,752 | INFO | Match 8609755143: fetch overview
2026-02-22 21:49:23,576 | INFO | Match 8609755143: parse overview
2026-02-22 21:49:28,238 | INFO | Match 8609755143: fetch lanes
2026-02-22 21:51:50,903 | INFO | Match 8609755143: parse lanes
2026-02-22 21:51:50,907 | INFO | Match 8609755143: append to Excel
2026-02-22 21:52:01,642 | INFO | [202/2560] Match 8609755143 DONE in 300.9s
2026-02-22 21:52:03,903 | INFO | [203/2560] Match 8609757761 START
2026-02-22 21:52:03,903 | INFO | Match 8609757761: fetch overview
2026-02-22 21:54:27,182 | INFO | Match 8609757761: parse overview
2026-02-22 21:54:30,496 | INFO | Match 8609757761: fetch lanes
2026-02-22 21:56:53,282 | INFO | Match 8609757761: parse lanes
2026-02-22 21:56:53,287 | INFO | Match 8609757761: append to Excel
2026-02-22 21:57:04,455 | INFO | [203/2560] Match 8609757761 DONE in 300.6s
2026-02-22 21:57:07,509 | INFO | [204/2560] Match 8609726148 START
2026-02-22 21:57:07,509 | INFO | Match 8609726148: fetch overview
2026-02-22 21:59:30,919 | INFO | Match 8609726148: parse overview
2026-02-22 21:59:34,331 | INFO | Match 8609726148: fetch lanes
2026-02-22 22:01:57,132 | INFO | Match 8609726148: parse lanes
2026-02-22 22:01:57,135 | INFO | Match 8609726148: append to Excel
2026-02-22 22:02:07,835 | INFO | [204/2560] Match 8609726148 DONE in 300.3s
2026-02-22 22:02:10,821 | INFO | [205/2560] Match 8609713078 START
2026-02-22 22:02:10,821 | INFO | Match 8609713078: fetch overview
2026-02-22 22:04:34,149 | INFO | Match 8609713078: parse overview
2026-02-22 22:04:38,731 | INFO | Match 8609713078: fetch lanes
2026-02-22 22:07:02,110 | INFO | Match 8609713078: parse lanes
2026-02-22 22:07:02,112 | INFO | Match 8609713078: append to Excel
2026-02-22 22:07:11,795 | INFO | [205/2560] Match 8609713078 DONE in 301.0s
2026-02-22 22:07:15,244 | INFO | [206/2560] Match 8609739017 START
2026-02-22 22:07:15,244 | INFO | Match 8609739017: fetch overview
2026-02-22 22:09:38,442 | INFO | Match 8609739017: parse overview
2026-02-22 22:09:42,854 | INFO | Match 8609739017: fetch lanes
2026-02-22 22:12:05,698 | INFO | Match 8609739017: parse lanes
2026-02-22 22:12:05,700 | INFO | Match 8609739017: append to Excel
2026-02-22 22:12:16,323 | INFO | [206/2560] Match 8609739017 DONE in 301.1s
2026-02-22 22:12:18,729 | INFO | [207/2560] Match 8609756014 START
2026-02-22 22:12:18,729 | INFO | Match 8609756014: fetch overview
2026-02-22 22:14:42,028 | INFO | Match 8609756014: parse overview
2026-02-22 22:14:45,677 | INFO | Match 8609756014: fetch lanes
2026-02-22 22:17:09,063 | INFO | Match 8609756014: parse lanes
2026-02-22 22:17:09,067 | INFO | Match 8609756014: append to Excel
2026-02-22 22:17:20,643 | INFO | [207/2560] Match 8609756014 DONE in 301.9s
2026-02-22 22:17:23,787 | INFO | [208/2560] Match 8609744547 START
2026-02-22 22:17:23,787 | INFO | Match 8609744547: fetch overview
2026-02-22 22:19:46,512 | INFO | Match 8609744547: parse overview
2026-02-22 22:19:50,448 | INFO | Match 8609744547: fetch lanes
2026-02-22 22:19:59,093 | INFO | Match 8609744547: parse lanes
2026-02-22 22:19:59,190 | INFO | Match 8609744547: append to Excel
2026-02-22 22:20:11,723 | INFO | [208/2560] Match 8609744547 DONE in 167.9s
2026-02-22 22:20:15,494 | INFO | [209/2560] Match 8609728023 START
2026-02-22 22:20:15,495 | INFO | Match 8609728023: fetch overview
2026-02-22 22:22:38,697 | INFO | Match 8609728023: parse overview
2026-02-22 22:22:41,458 | INFO | Match 8609728023: fetch lanes
2026-02-22 22:25:04,559 | INFO | Match 8609728023: parse lanes
2026-02-22 22:25:04,565 | INFO | Match 8609728023: append to Excel
2026-02-22 22:25:17,339 | INFO | [209/2560] Match 8609728023 DONE in 301.8s
2026-02-22 22:25:19,776 | INFO | [210/2560] Match 8609748989 START
2026-02-22 22:25:19,776 | INFO | Match 8609748989: fetch overview
2026-02-22 22:27:42,917 | INFO | Match 8609748989: parse overview
2026-02-22 22:27:45,711 | INFO | Match 8609748989: fetch lanes
2026-02-22 22:30:09,333 | INFO | Match 8609748989: parse lanes
2026-02-22 22:30:09,434 | INFO | Match 8609748989: append to Excel
2026-02-22 22:30:22,362 | INFO | [210/2560] Match 8609748989 DONE in 302.6s
2026-02-22 22:30:24,571 | INFO | [211/2560] Match 8609706487 START
2026-02-22 22:30:24,572 | INFO | Match 8609706487: fetch overview
2026-02-22 22:32:48,953 | INFO | Match 8609706487: parse overview
2026-02-22 22:32:52,688 | INFO | Match 8609706487: fetch lanes
2026-02-22 22:35:15,943 | INFO | Match 8609706487: parse lanes
2026-02-22 22:35:15,952 | INFO | Match 8609706487: append to Excel
2026-02-22 22:35:30,007 | INFO | [211/2560] Match 8609706487 DONE in 305.4s
2026-02-22 22:35:32,559 | INFO | [212/2560] Match 8609726254 START
2026-02-22 22:35:32,560 | INFO | Match 8609726254: fetch overview
2026-02-22 22:37:57,853 | INFO | Match 8609726254: parse overview
2026-02-22 22:38:02,173 | INFO | Match 8609726254: fetch lanes
2026-02-22 22:40:27,480 | INFO | Match 8609726254: parse lanes
2026-02-22 22:40:27,484 | INFO | Match 8609726254: append to Excel
2026-02-22 22:40:39,302 | INFO | [212/2560] Match 8609726254 DONE in 306.7s
2026-02-22 22:40:42,238 | INFO | [213/2560] Match 8609738015 START
2026-02-22 22:40:42,239 | INFO | Match 8609738015: fetch overview
2026-02-22 22:43:05,548 | INFO | Match 8609738015: parse overview
2026-02-22 22:43:09,783 | INFO | Match 8609738015: fetch lanes
2026-02-22 22:45:33,166 | INFO | Match 8609738015: parse lanes
2026-02-22 22:45:33,170 | INFO | Match 8609738015: append to Excel
2026-02-22 22:45:44,960 | INFO | [213/2560] Match 8609738015 DONE in 302.7s
2026-02-22 22:45:48,406 | INFO | [214/2560] Match 8609734240 START
2026-02-22 22:45:48,407 | INFO | Match 8609734240: fetch overview
2026-02-22 22:48:13,613 | INFO | Match 8609734240: parse overview
2026-02-22 22:48:17,458 | INFO | Match 8609734240: fetch lanes
2026-02-22 22:50:40,439 | INFO | Match 8609734240: parse lanes
2026-02-22 22:50:40,446 | INFO | Match 8609734240: append to Excel
2026-02-22 22:50:53,516 | INFO | [214/2560] Match 8609734240 DONE in 305.1s
2026-02-22 22:50:55,830 | INFO | [215/2560] Match 8609730830 START
2026-02-22 22:50:55,830 | INFO | Match 8609730830: fetch overview
2026-02-22 22:53:21,636 | INFO | Match 8609730830: parse overview
2026-02-22 22:53:25,653 | INFO | Match 8609730830: fetch lanes
2026-02-22 22:55:49,169 | INFO | Match 8609730830: parse lanes
2026-02-22 22:55:49,174 | INFO | Match 8609730830: append to Excel
2026-02-22 22:55:59,830 | INFO | [215/2560] Match 8609730830 DONE in 304.0s
2026-02-22 22:56:02,971 | INFO | [216/2560] Match 8609733084 START
2026-02-22 22:56:02,971 | INFO | Match 8609733084: fetch overview
2026-02-22 22:58:28,136 | INFO | Match 8609733084: parse overview
2026-02-22 22:58:31,843 | INFO | Match 8609733084: fetch lanes
2026-02-22 23:00:55,317 | INFO | Match 8609733084: parse lanes
2026-02-22 23:00:55,320 | INFO | Match 8609733084: append to Excel
2026-02-22 23:01:05,776 | INFO | [216/2560] Match 8609733084 DONE in 302.8s
2026-02-22 23:01:08,272 | INFO | [217/2560] Match 8609749418 START
2026-02-22 23:01:08,272 | INFO | Match 8609749418: fetch overview
2026-02-22 23:03:31,987 | INFO | Match 8609749418: parse overview
2026-02-22 23:03:35,433 | INFO | Match 8609749418: fetch lanes
2026-02-22 23:05:58,131 | INFO | Match 8609749418: parse lanes
2026-02-22 23:05:58,138 | INFO | Match 8609749418: append to Excel
2026-02-22 23:06:09,732 | INFO | [217/2560] Match 8609749418 DONE in 301.5s
2026-02-22 23:06:12,941 | INFO | [218/2560] Match 8609750845 START
2026-02-22 23:06:12,941 | INFO | Match 8609750845: fetch overview
2026-02-22 23:08:35,944 | INFO | Match 8609750845: parse overview
2026-02-22 23:08:38,737 | INFO | Match 8609750845: fetch lanes
2026-02-22 23:11:01,916 | INFO | Match 8609750845: parse lanes
2026-02-22 23:11:01,921 | INFO | Match 8609750845: append to Excel
2026-02-22 23:11:12,596 | INFO | [218/2560] Match 8609750845 DONE in 299.7s
2026-02-22 23:11:16,271 | INFO | [219/2560] Match 8609731415 START
2026-02-22 23:11:16,271 | INFO | Match 8609731415: fetch overview
2026-02-22 23:13:40,213 | INFO | Match 8609731415: parse overview
2026-02-22 23:13:44,202 | INFO | Match 8609731415: fetch lanes
2026-02-22 23:16:06,854 | INFO | Match 8609731415: parse lanes
2026-02-22 23:16:06,860 | INFO | Match 8609731415: append to Excel
2026-02-22 23:16:21,534 | INFO | [219/2560] Match 8609731415 DONE in 305.3s
2026-02-22 23:16:24,617 | INFO | [220/2560] Match 8609743419 START
2026-02-22 23:16:24,617 | INFO | Match 8609743419: fetch overview
2026-02-22 23:18:48,951 | INFO | Match 8609743419: parse overview
2026-02-22 23:18:53,047 | INFO | Match 8609743419: fetch lanes
2026-02-22 23:21:17,241 | INFO | Match 8609743419: parse lanes
2026-02-22 23:21:17,301 | INFO | Match 8609743419: append to Excel
2026-02-22 23:21:27,020 | INFO | [220/2560] Match 8609743419 DONE in 302.4s
2026-02-22 23:21:31,011 | INFO | [221/2560] Match 8609740344 START
2026-02-22 23:21:31,011 | INFO | Match 8609740344: fetch overview
2026-02-22 23:23:56,238 | INFO | Match 8609740344: parse overview
2026-02-22 23:24:00,705 | INFO | Match 8609740344: fetch lanes
2026-02-22 23:26:24,754 | INFO | Match 8609740344: parse lanes
2026-02-22 23:26:24,757 | INFO | Match 8609740344: append to Excel
2026-02-22 23:26:34,805 | INFO | [221/2560] Match 8609740344 DONE in 303.8s
2026-02-22 23:26:36,857 | INFO | [222/2560] Match 8609738268 START
2026-02-22 23:26:36,857 | INFO | Match 8609738268: fetch overview
2026-02-22 23:26:47,504 | INFO | Match 8609738268: parse overview
2026-02-22 23:26:51,869 | INFO | Match 8609738268: fetch lanes
2026-02-22 23:29:15,206 | INFO | Match 8609738268: parse lanes
2026-02-22 23:29:15,209 | INFO | Match 8609738268: append to Excel
2026-02-22 23:29:25,049 | INFO | [222/2560] Match 8609738268 DONE in 168.2s
2026-02-22 23:29:29,005 | INFO | [223/2560] Match 8609735030 START
2026-02-22 23:29:29,005 | INFO | Match 8609735030: fetch overview
2026-02-22 23:29:39,442 | INFO | Match 8609735030: parse overview
2026-02-22 23:29:42,374 | INFO | Match 8609735030: fetch lanes
2026-02-22 23:32:04,904 | INFO | Match 8609735030: parse lanes
2026-02-22 23:32:04,908 | INFO | Match 8609735030: append to Excel
2026-02-22 23:32:15,155 | INFO | [223/2560] Match 8609735030 DONE in 166.2s
2026-02-22 23:32:17,243 | INFO | [224/2560] Match 8609751244 START
2026-02-22 23:32:17,243 | INFO | Match 8609751244: fetch overview
2026-02-22 23:34:40,744 | INFO | Match 8609751244: parse overview
2026-02-22 23:34:45,261 | INFO | Match 8609751244: fetch lanes
2026-02-22 23:37:08,492 | INFO | Match 8609751244: parse lanes
2026-02-22 23:37:08,496 | INFO | Match 8609751244: append to Excel
2026-02-22 23:37:18,855 | INFO | [224/2560] Match 8609751244 DONE in 301.6s
2026-02-22 23:37:22,700 | INFO | [225/2560] Match 8609747480 START
2026-02-22 23:37:22,700 | INFO | Match 8609747480: fetch overview
2026-02-22 23:39:47,245 | INFO | Match 8609747480: parse overview
2026-02-22 23:39:50,396 | INFO | Match 8609747480: fetch lanes
2026-02-22 23:42:13,485 | INFO | Match 8609747480: parse lanes
2026-02-22 23:42:13,490 | INFO | Match 8609747480: append to Excel
2026-02-22 23:42:23,599 | INFO | [225/2560] Match 8609747480 DONE in 300.9s
2026-02-22 23:42:27,144 | INFO | [226/2560] Match 8609740260 START
2026-02-22 23:42:27,144 | INFO | Match 8609740260: fetch overview
2026-02-22 23:44:52,439 | INFO | Match 8609740260: parse overview
2026-02-22 23:44:56,975 | INFO | Match 8609740260: fetch lanes
2026-02-22 23:45:05,963 | INFO | Match 8609740260: parse lanes
2026-02-22 23:45:06,042 | INFO | Match 8609740260: append to Excel
2026-02-22 23:45:16,161 | INFO | [226/2560] Match 8609740260 DONE in 169.0s
2026-02-22 23:45:18,654 | INFO | [227/2560] Match 8609739021 START
2026-02-22 23:45:18,654 | INFO | Match 8609739021: fetch overview
2026-02-22 23:47:41,111 | INFO | Match 8609739021: parse overview
2026-02-22 23:47:44,607 | INFO | Match 8609739021: fetch lanes
2026-02-22 23:50:08,077 | INFO | Match 8609739021: parse lanes
2026-02-22 23:50:08,154 | INFO | Match 8609739021: append to Excel
2026-02-22 23:50:17,856 | INFO | [227/2560] Match 8609739021 DONE in 299.2s
2026-02-22 23:50:19,932 | INFO | [228/2560] Match 8609752966 START
2026-02-22 23:50:19,932 | INFO | Match 8609752966: fetch overview
2026-02-22 23:50:30,435 | INFO | Match 8609752966: parse overview
2026-02-22 23:50:33,318 | INFO | Match 8609752966: fetch lanes
2026-02-22 23:52:56,171 | INFO | Match 8609752966: parse lanes
2026-02-22 23:52:56,239 | INFO | Match 8609752966: append to Excel
2026-02-22 23:53:06,194 | INFO | [228/2560] Match 8609752966 DONE in 166.3s
2026-02-22 23:53:08,723 | INFO | [229/2560] Match 8609747587 START
2026-02-22 23:53:08,724 | INFO | Match 8609747587: fetch overview
2026-02-22 23:55:32,357 | INFO | Match 8609747587: parse overview
2026-02-22 23:55:37,195 | INFO | Match 8609747587: fetch lanes
2026-02-22 23:58:00,271 | INFO | Match 8609747587: parse lanes
2026-02-22 23:58:00,352 | INFO | Match 8609747587: append to Excel
2026-02-22 23:58:10,689 | INFO | [229/2560] Match 8609747587 DONE in 302.0s
2026-02-22 23:58:13,163 | INFO | [230/2560] Match 8609725588 START
2026-02-22 23:58:13,163 | INFO | Match 8609725588: fetch overview
2026-02-23 00:00:35,770 | INFO | Match 8609725588: parse overview
2026-02-23 00:00:40,465 | INFO | Match 8609725588: fetch lanes
2026-02-23 00:03:04,411 | INFO | Match 8609725588: parse lanes
2026-02-23 00:03:04,414 | INFO | Match 8609725588: append to Excel
2026-02-23 00:03:14,589 | INFO | [230/2560] Match 8609725588 DONE in 301.4s
2026-02-23 00:03:17,320 | INFO | [231/2560] Match 8609736959 START
2026-02-23 00:03:17,320 | INFO | Match 8609736959: fetch overview
2026-02-23 00:05:41,622 | INFO | Match 8609736959: parse overview
2026-02-23 00:05:45,719 | INFO | Match 8609736959: fetch lanes
2026-02-23 00:08:09,188 | INFO | Match 8609736959: parse lanes
2026-02-23 00:08:09,193 | INFO | Match 8609736959: append to Excel
2026-02-23 00:08:19,607 | INFO | [231/2560] Match 8609736959 DONE in 302.3s
2026-02-23 00:08:22,209 | INFO | [232/2560] Match 8609755504 START
2026-02-23 00:08:22,210 | INFO | Match 8609755504: fetch overview
2026-02-23 00:10:47,885 | INFO | Match 8609755504: parse overview
2026-02-23 00:10:52,112 | INFO | Match 8609755504: fetch lanes
2026-02-23 00:13:15,708 | INFO | Match 8609755504: parse lanes
2026-02-23 00:13:15,798 | INFO | Match 8609755504: append to Excel
2026-02-23 00:13:25,719 | INFO | [232/2560] Match 8609755504 DONE in 303.5s
2026-02-23 00:13:28,161 | INFO | [233/2560] Match 8609740442 START
2026-02-23 00:13:28,161 | INFO | Match 8609740442: fetch overview
2026-02-23 00:15:51,750 | INFO | Match 8609740442: parse overview
2026-02-23 00:15:54,958 | INFO | Match 8609740442: fetch lanes
2026-02-23 00:18:18,202 | INFO | Match 8609740442: parse lanes
2026-02-23 00:18:18,205 | INFO | Match 8609740442: append to Excel
2026-02-23 00:18:28,646 | INFO | [233/2560] Match 8609740442 DONE in 300.5s
2026-02-23 00:18:31,096 | INFO | [234/2560] Match 8609754331 START
2026-02-23 00:18:31,096 | INFO | Match 8609754331: fetch overview
2026-02-23 00:18:41,059 | INFO | Match 8609754331: parse overview
2026-02-23 00:18:45,332 | INFO | Match 8609754331: fetch lanes
2026-02-23 00:21:08,890 | INFO | Match 8609754331: parse lanes
2026-02-23 00:21:08,950 | INFO | Match 8609754331: append to Excel
2026-02-23 00:21:18,767 | INFO | [234/2560] Match 8609754331 DONE in 167.7s
2026-02-23 00:21:21,031 | INFO | [235/2560] Match 8609759274 START
2026-02-23 00:21:21,032 | INFO | Match 8609759274: fetch overview
2026-02-23 00:21:31,359 | INFO | Match 8609759274: parse overview
2026-02-23 00:21:34,734 | INFO | Match 8609759274: fetch lanes
2026-02-23 00:21:42,809 | INFO | Match 8609759274: parse lanes
2026-02-23 00:21:43,568 | INFO | Match 8609759274: append to Excel
2026-02-23 00:21:53,218 | INFO | [235/2560] Match 8609759274 DONE in 32.2s
2026-02-23 00:21:56,122 | INFO | [236/2560] Match 8609742733 START
2026-02-23 00:21:56,122 | INFO | Match 8609742733: fetch overview
2026-02-23 00:24:21,241 | INFO | Match 8609742733: parse overview
2026-02-23 00:24:25,444 | INFO | Match 8609742733: fetch lanes
2026-02-23 00:26:49,226 | INFO | Match 8609742733: parse lanes
2026-02-23 00:26:49,285 | INFO | Match 8609742733: append to Excel
2026-02-23 00:27:01,584 | INFO | [236/2560] Match 8609742733 DONE in 305.5s
2026-02-23 00:27:05,445 | INFO | [237/2560] Match 8609755946 START
2026-02-23 00:27:05,445 | INFO | Match 8609755946: fetch overview
2026-02-23 00:27:16,668 | INFO | Match 8609755946: parse overview
2026-02-23 00:27:20,162 | INFO | Match 8609755946: fetch lanes
2026-02-23 00:29:44,048 | INFO | Match 8609755946: parse lanes
2026-02-23 00:29:44,102 | INFO | Match 8609755946: append to Excel
2026-02-23 00:29:53,992 | INFO | [237/2560] Match 8609755946 DONE in 168.5s
2026-02-23 00:29:57,979 | INFO | [238/2560] Match 8609756794 START
2026-02-23 00:29:57,979 | INFO | Match 8609756794: fetch overview
2026-02-23 00:32:21,209 | INFO | Match 8609756794: parse overview
2026-02-23 00:32:25,540 | INFO | Match 8609756794: fetch lanes
2026-02-23 00:34:47,915 | INFO | Match 8609756794: parse lanes
2026-02-23 00:34:47,920 | INFO | Match 8609756794: append to Excel
2026-02-23 00:34:57,644 | INFO | [238/2560] Match 8609756794 DONE in 299.7s
2026-02-23 00:35:01,064 | INFO | [239/2560] Match 8609759700 START
2026-02-23 00:35:01,064 | INFO | Match 8609759700: fetch overview
2026-02-23 00:37:24,487 | INFO | Match 8609759700: parse overview
2026-02-23 00:37:28,237 | INFO | Match 8609759700: fetch lanes
2026-02-23 00:39:51,017 | INFO | Match 8609759700: parse lanes
2026-02-23 00:39:51,020 | INFO | Match 8609759700: append to Excel
2026-02-23 00:40:01,882 | INFO | [239/2560] Match 8609759700 DONE in 300.8s
2026-02-23 00:40:05,580 | INFO | [240/2560] Match 8609721289 START
2026-02-23 00:40:05,580 | INFO | Match 8609721289: fetch overview
2026-02-23 00:42:30,952 | INFO | Match 8609721289: parse overview
2026-02-23 00:42:34,453 | INFO | Match 8609721289: fetch lanes
2026-02-23 00:44:57,694 | INFO | Match 8609721289: parse lanes
2026-02-23 00:44:57,696 | INFO | Match 8609721289: append to Excel
2026-02-23 00:45:08,137 | INFO | [240/2560] Match 8609721289 DONE in 302.6s
2026-02-23 00:45:11,744 | INFO | [241/2560] Match 8609737647 START
2026-02-23 00:45:11,744 | INFO | Match 8609737647: fetch overview
2026-02-23 00:47:34,671 | INFO | Match 8609737647: parse overview
2026-02-23 00:47:37,273 | INFO | Match 8609737647: fetch lanes
2026-02-23 00:50:00,066 | INFO | Match 8609737647: parse lanes
2026-02-23 00:50:00,074 | INFO | Match 8609737647: append to Excel
2026-02-23 00:50:11,892 | INFO | [241/2560] Match 8609737647 DONE in 300.1s
2026-02-23 00:50:14,139 | INFO | [242/2560] Match 8609753279 START
2026-02-23 00:50:14,139 | INFO | Match 8609753279: fetch overview
2026-02-23 00:52:36,444 | INFO | Match 8609753279: parse overview
2026-02-23 00:52:39,727 | INFO | Match 8609753279: fetch lanes
2026-02-23 00:55:02,744 | INFO | Match 8609753279: parse lanes
2026-02-23 00:55:02,748 | INFO | Match 8609753279: append to Excel
2026-02-23 00:55:12,936 | INFO | [242/2560] Match 8609753279 DONE in 298.8s
2026-02-23 00:55:15,624 | INFO | [243/2560] Match 8609745172 START
2026-02-23 00:55:15,624 | INFO | Match 8609745172: fetch overview
2026-02-23 00:55:25,758 | INFO | Match 8609745172: parse overview
2026-02-23 00:55:29,396 | INFO | Match 8609745172: fetch lanes
2026-02-23 00:57:52,891 | INFO | Match 8609745172: parse lanes
2026-02-23 00:57:52,894 | INFO | Match 8609745172: append to Excel
2026-02-23 00:58:03,455 | INFO | [243/2560] Match 8609745172 DONE in 167.8s
2026-02-23 00:58:07,300 | INFO | [244/2560] Match 8609730164 START
2026-02-23 00:58:07,300 | INFO | Match 8609730164: fetch overview
2026-02-23 01:00:30,568 | INFO | Match 8609730164: parse overview
2026-02-23 01:00:33,208 | INFO | Match 8609730164: fetch lanes
2026-02-23 01:02:56,372 | INFO | Match 8609730164: parse lanes
2026-02-23 01:02:56,375 | INFO | Match 8609730164: append to Excel
2026-02-23 01:03:06,502 | INFO | [244/2560] Match 8609730164 DONE in 299.2s
2026-02-23 01:03:09,930 | INFO | [245/2560] Match 8609751519 START
2026-02-23 01:03:09,931 | INFO | Match 8609751519: fetch overview
2026-02-23 01:05:32,656 | INFO | Match 8609751519: parse overview
2026-02-23 01:05:36,171 | INFO | Match 8609751519: fetch lanes
2026-02-23 01:07:58,652 | INFO | Match 8609751519: parse lanes
2026-02-23 01:07:58,654 | INFO | Match 8609751519: append to Excel
2026-02-23 01:08:09,165 | INFO | [245/2560] Match 8609751519 DONE in 299.2s
2026-02-23 01:08:12,925 | INFO | [246/2560] Match 8609729526 START
2026-02-23 01:08:12,925 | INFO | Match 8609729526: fetch overview
2026-02-23 01:10:36,056 | INFO | Match 8609729526: parse overview
2026-02-23 01:10:40,545 | INFO | Match 8609729526: fetch lanes
2026-02-23 01:13:03,743 | INFO | Match 8609729526: parse lanes
2026-02-23 01:13:03,745 | INFO | Match 8609729526: append to Excel
2026-02-23 01:13:13,583 | INFO | [246/2560] Match 8609729526 DONE in 300.7s
2026-02-23 01:13:16,913 | INFO | [247/2560] Match 8609747213 START
2026-02-23 01:13:16,913 | INFO | Match 8609747213: fetch overview
2026-02-23 01:15:39,606 | INFO | Match 8609747213: parse overview
2026-02-23 01:15:43,316 | INFO | Match 8609747213: fetch lanes
2026-02-23 01:18:06,266 | INFO | Match 8609747213: parse lanes
2026-02-23 01:18:06,268 | INFO | Match 8609747213: append to Excel
2026-02-23 01:18:17,328 | INFO | [247/2560] Match 8609747213 DONE in 300.4s
2026-02-23 01:18:20,040 | INFO | [248/2560] Match 8609754326 START
2026-02-23 01:18:20,040 | INFO | Match 8609754326: fetch overview
2026-02-23 01:20:43,371 | INFO | Match 8609754326: parse overview
2026-02-23 01:20:46,441 | INFO | Match 8609754326: fetch lanes
2026-02-23 01:23:10,188 | INFO | Match 8609754326: parse lanes
2026-02-23 01:23:10,190 | INFO | Match 8609754326: append to Excel
2026-02-23 01:23:20,688 | INFO | [248/2560] Match 8609754326 DONE in 300.6s
2026-02-23 01:23:22,747 | INFO | [249/2560] Match 8609755840 START
2026-02-23 01:23:22,747 | INFO | Match 8609755840: fetch overview
2026-02-23 01:23:33,717 | INFO | Match 8609755840: parse overview
2026-02-23 01:23:38,459 | INFO | Match 8609755840: fetch lanes
2026-02-23 01:26:01,421 | INFO | Match 8609755840: parse lanes
2026-02-23 01:26:01,423 | INFO | Match 8609755840: append to Excel
2026-02-23 01:26:11,800 | INFO | [249/2560] Match 8609755840 DONE in 169.1s
2026-02-23 01:26:15,046 | INFO | [250/2560] Match 8609748225 START
2026-02-23 01:26:15,047 | INFO | Match 8609748225: fetch overview
2026-02-23 01:28:37,858 | INFO | Match 8609748225: parse overview
2026-02-23 01:28:41,078 | INFO | Match 8609748225: fetch lanes
2026-02-23 01:31:04,331 | INFO | Match 8609748225: parse lanes
2026-02-23 01:31:04,334 | INFO | Match 8609748225: append to Excel
2026-02-23 01:31:14,224 | INFO | [250/2560] Match 8609748225 DONE in 299.2s
2026-02-23 01:31:16,613 | INFO | [251/2560] Match 8609735500 START
2026-02-23 01:31:16,613 | INFO | Match 8609735500: fetch overview
2026-02-23 01:33:39,580 | INFO | Match 8609735500: parse overview
2026-02-23 01:33:43,919 | INFO | Match 8609735500: fetch lanes
2026-02-23 01:36:06,329 | INFO | Match 8609735500: parse lanes
2026-02-23 01:36:06,332 | INFO | Match 8609735500: append to Excel
2026-02-23 01:36:17,819 | INFO | [251/2560] Match 8609735500 DONE in 301.2s
2026-02-23 01:36:20,211 | INFO | [252/2560] Match 8609731562 START
2026-02-23 01:36:20,211 | INFO | Match 8609731562: fetch overview
2026-02-23 01:38:42,729 | INFO | Match 8609731562: parse overview
2026-02-23 01:38:46,999 | INFO | Match 8609731562: fetch lanes
2026-02-23 01:41:10,398 | INFO | Match 8609731562: parse lanes
2026-02-23 01:41:10,401 | INFO | Match 8609731562: append to Excel
2026-02-23 01:41:21,546 | INFO | [252/2560] Match 8609731562 DONE in 301.3s
2026-02-23 01:41:25,039 | INFO | [253/2560] Match 8609744372 START
2026-02-23 01:41:25,039 | INFO | Match 8609744372: fetch overview
2026-02-23 01:41:35,024 | INFO | Match 8609744372: parse overview
2026-02-23 01:41:39,876 | INFO | Match 8609744372: fetch lanes
2026-02-23 01:44:02,798 | INFO | Match 8609744372: parse lanes
2026-02-23 01:44:02,801 | INFO | Match 8609744372: append to Excel
2026-02-23 01:44:13,069 | INFO | [253/2560] Match 8609744372 DONE in 168.0s
2026-02-23 01:44:16,325 | INFO | [254/2560] Match 8609752796 START
2026-02-23 01:44:16,326 | INFO | Match 8609752796: fetch overview
2026-02-23 01:46:39,887 | INFO | Match 8609752796: parse overview
2026-02-23 01:46:43,402 | INFO | Match 8609752796: fetch lanes
2026-02-23 01:49:06,825 | INFO | Match 8609752796: parse lanes
2026-02-23 01:49:06,829 | INFO | Match 8609752796: append to Excel
2026-02-23 01:49:17,847 | INFO | [254/2560] Match 8609752796 DONE in 301.5s
2026-02-23 01:49:21,097 | INFO | [255/2560] Match 8609752078 START
2026-02-23 01:49:21,097 | INFO | Match 8609752078: fetch overview
2026-02-23 01:49:31,345 | INFO | Match 8609752078: parse overview
2026-02-23 01:49:34,727 | INFO | Match 8609752078: fetch lanes
2026-02-23 01:49:43,885 | INFO | Match 8609752078: parse lanes
2026-02-23 01:49:43,947 | INFO | Match 8609752078: append to Excel
2026-02-23 01:49:53,775 | INFO | [255/2560] Match 8609752078 DONE in 32.7s
2026-02-23 01:49:56,596 | INFO | [256/2560] Match 8609743727 START
2026-02-23 01:49:56,596 | INFO | Match 8609743727: fetch overview
2026-02-23 01:50:07,020 | INFO | Match 8609743727: parse overview
2026-02-23 01:50:11,500 | INFO | Match 8609743727: fetch lanes
2026-02-23 01:52:34,390 | INFO | Match 8609743727: parse lanes
2026-02-23 01:52:34,393 | INFO | Match 8609743727: append to Excel
2026-02-23 01:52:44,557 | INFO | [256/2560] Match 8609743727 DONE in 168.0s
2026-02-23 01:52:48,309 | INFO | [257/2560] Match 8609746967 START
2026-02-23 01:52:48,309 | INFO | Match 8609746967: fetch overview
2026-02-23 01:52:58,360 | INFO | Match 8609746967: parse overview
2026-02-23 01:53:02,997 | INFO | Match 8609746967: fetch lanes
2026-02-23 01:53:11,489 | INFO | Match 8609746967: parse lanes
2026-02-23 01:53:11,551 | INFO | Match 8609746967: append to Excel
2026-02-23 01:53:21,573 | INFO | [257/2560] Match 8609746967 DONE in 33.3s
2026-02-23 01:53:24,957 | INFO | [258/2560] Match 8609757190 START
2026-02-23 01:53:24,958 | INFO | Match 8609757190: fetch overview
2026-02-23 01:53:35,884 | INFO | Match 8609757190: parse overview
2026-02-23 01:53:40,242 | INFO | Match 8609757190: fetch lanes
2026-02-23 01:53:49,370 | INFO | Match 8609757190: parse lanes
2026-02-23 01:53:49,452 | INFO | Match 8609757190: append to Excel
2026-02-23 01:54:01,227 | INFO | [258/2560] Match 8609757190 DONE in 36.3s
2026-02-23 01:54:04,955 | INFO | [259/2560] Match 8609743629 START
2026-02-23 01:54:04,955 | INFO | Match 8609743629: fetch overview
2026-02-23 01:54:15,336 | INFO | Match 8609743629: parse overview
2026-02-23 01:54:18,542 | INFO | Match 8609743629: fetch lanes
2026-02-23 01:54:27,791 | INFO | Match 8609743629: parse lanes
2026-02-23 01:54:27,863 | INFO | Match 8609743629: append to Excel
2026-02-23 01:54:37,726 | INFO | [259/2560] Match 8609743629 DONE in 32.8s
2026-02-23 01:54:40,870 | INFO | [260/2560] Match 8609763576 START
2026-02-23 01:54:40,870 | INFO | Match 8609763576: fetch overview
2026-02-23 01:54:51,935 | INFO | Match 8609763576: parse overview
2026-02-23 01:54:55,673 | INFO | Match 8609763576: fetch lanes
2026-02-23 01:55:04,750 | INFO | Match 8609763576: parse lanes
2026-02-23 01:55:05,398 | INFO | Match 8609763576: append to Excel
2026-02-23 01:55:14,841 | INFO | [260/2560] Match 8609763576 DONE in 34.0s
2026-02-23 01:55:17,358 | INFO | [261/2560] Match 8609776526 START
2026-02-23 01:55:17,358 | INFO | Match 8609776526: fetch overview
2026-02-23 01:57:40,330 | INFO | Match 8609776526: parse overview
2026-02-23 01:57:44,628 | INFO | Match 8609776526: fetch lanes
2026-02-23 01:57:53,366 | INFO | Match 8609776526: parse lanes
2026-02-23 01:57:53,434 | INFO | Match 8609776526: append to Excel
2026-02-23 01:58:03,286 | INFO | [261/2560] Match 8609776526 DONE in 165.9s
2026-02-23 01:58:06,801 | INFO | [262/2560] Match 8609751143 START
2026-02-23 01:58:06,801 | INFO | Match 8609751143: fetch overview
2026-02-23 01:58:17,338 | INFO | Match 8609751143: parse overview
2026-02-23 01:58:21,975 | INFO | Match 8609751143: fetch lanes
2026-02-23 02:00:44,706 | INFO | Match 8609751143: parse lanes
2026-02-23 02:00:44,709 | INFO | Match 8609751143: append to Excel
2026-02-23 02:00:55,463 | INFO | [262/2560] Match 8609751143 DONE in 168.7s
2026-02-23 02:00:57,636 | INFO | [263/2560] Match 8609747837 START
2026-02-23 02:00:57,636 | INFO | Match 8609747837: fetch overview
2026-02-23 02:01:07,712 | INFO | Match 8609747837: parse overview
2026-02-23 02:01:10,485 | INFO | Match 8609747837: fetch lanes
2026-02-23 02:01:19,783 | INFO | Match 8609747837: parse lanes
2026-02-23 02:01:19,856 | INFO | Match 8609747837: append to Excel
2026-02-23 02:01:30,828 | INFO | [263/2560] Match 8609747837 DONE in 33.2s
2026-02-23 02:01:32,899 | INFO | [264/2560] Match 8609767398 START
2026-02-23 02:01:32,899 | INFO | Match 8609767398: fetch overview
2026-02-23 02:01:43,079 | INFO | Match 8609767398: parse overview
2026-02-23 02:01:46,931 | INFO | Match 8609767398: fetch lanes
2026-02-23 02:01:55,231 | INFO | Match 8609767398: parse lanes
2026-02-23 02:01:55,303 | INFO | Match 8609767398: append to Excel
2026-02-23 02:02:05,227 | INFO | [264/2560] Match 8609767398 DONE in 32.3s
2026-02-23 02:02:08,588 | INFO | [265/2560] Match 8609753369 START
2026-02-23 02:02:08,589 | INFO | Match 8609753369: fetch overview
2026-02-23 02:02:18,324 | INFO | Match 8609753369: parse overview
2026-02-23 02:02:21,215 | INFO | Match 8609753369: fetch lanes
2026-02-23 02:02:29,963 | INFO | Match 8609753369: parse lanes
2026-02-23 02:02:30,035 | INFO | Match 8609753369: append to Excel
2026-02-23 02:02:40,581 | INFO | [265/2560] Match 8609753369 DONE in 32.0s
2026-02-23 02:02:42,582 | INFO | [266/2560] Match 8609730260 START
2026-02-23 02:02:42,583 | INFO | Match 8609730260: fetch overview
2026-02-23 02:02:52,800 | INFO | Match 8609730260: parse overview
2026-02-23 02:02:59,863 | INFO | Match 8609730260: fetch lanes
2026-02-23 02:03:08,916 | INFO | Match 8609730260: parse lanes
2026-02-23 02:03:08,977 | INFO | Match 8609730260: append to Excel
2026-02-23 02:03:18,434 | INFO | [266/2560] Match 8609730260 DONE in 35.9s
2026-02-23 02:03:21,138 | INFO | [267/2560] Match 8609743297 START
2026-02-23 02:03:21,138 | INFO | Match 8609743297: fetch overview
2026-02-23 02:03:31,224 | INFO | Match 8609743297: parse overview
2026-02-23 02:03:33,863 | INFO | Match 8609743297: fetch lanes
2026-02-23 02:05:56,729 | INFO | Match 8609743297: parse lanes
2026-02-23 02:05:56,730 | INFO | Match 8609743297: append to Excel
2026-02-23 02:06:06,857 | INFO | [267/2560] Match 8609743297 DONE in 165.7s
2026-02-23 02:06:10,347 | INFO | [268/2560] Match 8609749879 START
2026-02-23 02:06:10,347 | INFO | Match 8609749879: fetch overview
2026-02-23 02:08:32,843 | INFO | Match 8609749879: parse overview
2026-02-23 02:08:35,912 | INFO | Match 8609749879: fetch lanes
2026-02-23 02:10:59,188 | INFO | Match 8609749879: parse lanes
2026-02-23 02:10:59,191 | INFO | Match 8609749879: append to Excel
2026-02-23 02:11:09,274 | INFO | [268/2560] Match 8609749879 DONE in 298.9s
2026-02-23 02:11:12,348 | INFO | [269/2560] Match 8609762002 START
2026-02-23 02:11:12,348 | INFO | Match 8609762002: fetch overview
2026-02-23 02:11:22,846 | INFO | Match 8609762002: parse overview
2026-02-23 02:11:26,190 | INFO | Match 8609762002: fetch lanes
2026-02-23 02:13:49,002 | INFO | Match 8609762002: parse lanes
2026-02-23 02:13:49,005 | INFO | Match 8609762002: append to Excel
2026-02-23 02:13:59,396 | INFO | [269/2560] Match 8609762002 DONE in 167.0s
2026-02-23 02:14:01,662 | INFO | [270/2560] Match 8609753893 START
2026-02-23 02:14:01,662 | INFO | Match 8609753893: fetch overview
2026-02-23 02:14:12,495 | INFO | Match 8609753893: parse overview
2026-02-23 02:14:16,975 | INFO | Match 8609753893: fetch lanes
2026-02-23 02:14:26,263 | INFO | Match 8609753893: parse lanes
2026-02-23 02:14:26,324 | INFO | Match 8609753893: append to Excel
2026-02-23 02:14:36,274 | INFO | [270/2560] Match 8609753893 DONE in 34.6s
2026-02-23 02:14:38,688 | INFO | [271/2560] Match 8609742244 START
2026-02-23 02:14:38,689 | INFO | Match 8609742244: fetch overview
2026-02-23 02:17:01,720 | INFO | Match 8609742244: parse overview
2026-02-23 02:17:05,884 | INFO | Match 8609742244: fetch lanes
2026-02-23 02:19:29,234 | INFO | Match 8609742244: parse lanes
2026-02-23 02:19:29,237 | INFO | Match 8609742244: append to Excel
2026-02-23 02:19:42,102 | INFO | [271/2560] Match 8609742244 DONE in 303.4s
2026-02-23 02:19:44,618 | INFO | [272/2560] Match 8609759076 START
2026-02-23 02:19:44,619 | INFO | Match 8609759076: fetch overview
2026-02-23 02:19:54,785 | INFO | Match 8609759076: parse overview
2026-02-23 02:19:59,052 | INFO | Match 8609759076: fetch lanes
2026-02-23 02:22:21,677 | INFO | Match 8609759076: parse lanes
2026-02-23 02:22:21,682 | INFO | Match 8609759076: append to Excel
2026-02-23 02:22:31,911 | INFO | [272/2560] Match 8609759076 DONE in 167.3s
2026-02-23 02:22:34,370 | INFO | [273/2560] Match 8609762816 START
2026-02-23 02:22:34,370 | INFO | Match 8609762816: fetch overview
2026-02-23 02:22:44,844 | INFO | Match 8609762816: parse overview
2026-02-23 02:22:48,720 | INFO | Match 8609762816: fetch lanes
2026-02-23 02:25:12,419 | INFO | Match 8609762816: parse lanes
2026-02-23 02:25:12,420 | INFO | Match 8609762816: append to Excel
2026-02-23 02:25:22,645 | INFO | [273/2560] Match 8609762816 DONE in 168.3s
2026-02-23 02:25:26,401 | INFO | [274/2560] Match 8609758993 START
2026-02-23 02:25:26,402 | INFO | Match 8609758993: fetch overview
2026-02-23 02:25:36,622 | INFO | Match 8609758993: parse overview
2026-02-23 02:25:40,160 | INFO | Match 8609758993: fetch lanes
2026-02-23 02:25:49,029 | INFO | Match 8609758993: parse lanes
2026-02-23 02:25:49,804 | INFO | Match 8609758993: append to Excel
2026-02-23 02:25:59,382 | INFO | [274/2560] Match 8609758993 DONE in 33.0s
2026-02-23 02:26:02,052 | INFO | [275/2560] Match 8609766427 START
2026-02-23 02:26:02,052 | INFO | Match 8609766427: fetch overview
2026-02-23 02:28:26,880 | INFO | Match 8609766427: parse overview
2026-02-23 02:28:30,880 | INFO | Match 8609766427: fetch lanes
2026-02-23 02:28:39,871 | INFO | Match 8609766427: parse lanes
2026-02-23 02:28:39,930 | INFO | Match 8609766427: append to Excel
2026-02-23 02:28:50,062 | INFO | [275/2560] Match 8609766427 DONE in 168.0s
2026-02-23 02:28:52,216 | INFO | [276/2560] Match 8609743437 START
2026-02-23 02:28:52,216 | INFO | Match 8609743437: fetch overview
2026-02-23 02:31:17,787 | INFO | Match 8609743437: parse overview
2026-02-23 02:31:21,591 | INFO | Match 8609743437: fetch lanes
2026-02-23 02:33:44,681 | INFO | Match 8609743437: parse lanes
2026-02-23 02:33:44,685 | INFO | Match 8609743437: append to Excel
2026-02-23 02:33:54,859 | INFO | [276/2560] Match 8609743437 DONE in 302.6s
2026-02-23 02:33:56,909 | INFO | [277/2560] Match 8609756043 START
2026-02-23 02:33:56,909 | INFO | Match 8609756043: fetch overview
2026-02-23 02:36:19,642 | INFO | Match 8609756043: parse overview
2026-02-23 02:36:22,176 | INFO | Match 8609756043: fetch lanes
2026-02-23 02:38:46,457 | INFO | Match 8609756043: parse lanes
2026-02-23 02:38:46,524 | INFO | Match 8609756043: append to Excel
2026-02-23 02:38:57,144 | INFO | [277/2560] Match 8609756043 DONE in 300.2s
2026-02-23 02:39:00,510 | INFO | [278/2560] Match 8609759686 START
2026-02-23 02:39:00,510 | INFO | Match 8609759686: fetch overview
2026-02-23 02:41:25,475 | INFO | Match 8609759686: parse overview
2026-02-23 02:41:28,611 | INFO | Match 8609759686: fetch lanes
2026-02-23 02:43:51,159 | INFO | Match 8609759686: parse lanes
2026-02-23 02:43:51,162 | INFO | Match 8609759686: append to Excel
2026-02-23 02:44:04,604 | INFO | [278/2560] Match 8609759686 DONE in 304.1s
2026-02-23 02:44:06,628 | INFO | [279/2560] Match 8609760936 START
2026-02-23 02:44:06,628 | INFO | Match 8609760936: fetch overview
2026-02-23 02:46:29,958 | INFO | Match 8609760936: parse overview
2026-02-23 02:46:34,128 | INFO | Match 8609760936: fetch lanes
2026-02-23 02:46:43,438 | INFO | Match 8609760936: parse lanes
2026-02-23 02:46:43,505 | INFO | Match 8609760936: append to Excel
2026-02-23 02:46:53,599 | INFO | [279/2560] Match 8609760936 DONE in 167.0s
2026-02-23 02:46:56,124 | INFO | [280/2560] Match 8609724577 START
2026-02-23 02:46:56,124 | INFO | Match 8609724577: fetch overview
2026-02-23 02:47:06,532 | INFO | Match 8609724577: parse overview
2026-02-23 02:47:09,792 | INFO | Match 8609724577: fetch lanes
2026-02-23 02:47:18,916 | INFO | Match 8609724577: parse lanes
2026-02-23 02:47:18,977 | INFO | Match 8609724577: append to Excel
2026-02-23 02:47:28,981 | INFO | [280/2560] Match 8609724577 DONE in 32.9s
2026-02-23 02:47:32,740 | INFO | [281/2560] Match 8609764628 START
2026-02-23 02:47:32,740 | INFO | Match 8609764628: fetch overview
2026-02-23 02:47:44,389 | INFO | Match 8609764628: parse overview
2026-02-23 02:47:48,172 | INFO | Match 8609764628: fetch lanes
2026-02-23 02:47:56,505 | INFO | Match 8609764628: parse lanes
2026-02-23 02:47:56,571 | INFO | Match 8609764628: append to Excel
2026-02-23 02:48:08,214 | INFO | [281/2560] Match 8609764628 DONE in 35.5s
2026-02-23 02:48:11,802 | INFO | [282/2560] Match 8609757821 START
2026-02-23 02:48:11,802 | INFO | Match 8609757821: fetch overview
2026-02-23 02:48:22,424 | INFO | Match 8609757821: parse overview
2026-02-23 02:48:25,858 | INFO | Match 8609757821: fetch lanes
2026-02-23 02:48:34,192 | INFO | Match 8609757821: parse lanes
2026-02-23 02:48:34,261 | INFO | Match 8609757821: append to Excel
2026-02-23 02:48:44,825 | INFO | [282/2560] Match 8609757821 DONE in 33.0s
2026-02-23 02:48:47,180 | INFO | [283/2560] Match 8609769616 START
2026-02-23 02:48:47,180 | INFO | Match 8609769616: fetch overview
2026-02-23 02:48:57,378 | INFO | Match 8609769616: parse overview
2026-02-23 02:49:01,733 | INFO | Match 8609769616: fetch lanes
2026-02-23 02:49:10,643 | INFO | Match 8609769616: parse lanes
2026-02-23 02:49:10,708 | INFO | Match 8609769616: append to Excel
2026-02-23 02:49:21,031 | INFO | [283/2560] Match 8609769616 DONE in 33.9s
2026-02-23 02:49:24,084 | INFO | [284/2560] Match 8609760374 START
2026-02-23 02:49:24,084 | INFO | Match 8609760374: fetch overview
2026-02-23 02:49:33,844 | INFO | Match 8609760374: parse overview
2026-02-23 02:49:37,892 | INFO | Match 8609760374: fetch lanes
2026-02-23 02:52:00,644 | INFO | Match 8609760374: parse lanes
2026-02-23 02:52:00,645 | INFO | Match 8609760374: append to Excel
2026-02-23 02:52:10,991 | INFO | [284/2560] Match 8609760374 DONE in 166.9s
2026-02-23 02:52:14,587 | INFO | [285/2560] Match 8609758166 START
2026-02-23 02:52:14,587 | INFO | Match 8609758166: fetch overview
2026-02-23 02:54:38,107 | INFO | Match 8609758166: parse overview
2026-02-23 02:54:41,277 | INFO | Match 8609758166: fetch lanes
2026-02-23 02:57:04,733 | INFO | Match 8609758166: parse lanes
2026-02-23 02:57:04,803 | INFO | Match 8609758166: append to Excel
2026-02-23 02:57:14,962 | INFO | [285/2560] Match 8609758166 DONE in 300.4s
2026-02-23 02:57:17,742 | INFO | [286/2560] Match 8609777425 START
2026-02-23 02:57:17,743 | INFO | Match 8609777425: fetch overview
2026-02-23 02:57:28,314 | INFO | Match 8609777425: parse overview
2026-02-23 02:57:32,769 | INFO | Match 8609777425: fetch lanes
2026-02-23 02:59:55,062 | INFO | Match 8609777425: parse lanes
2026-02-23 02:59:55,063 | INFO | Match 8609777425: append to Excel
2026-02-23 03:00:06,100 | INFO | [286/2560] Match 8609777425 DONE in 168.4s
2026-02-23 03:00:09,176 | INFO | [287/2560] Match 8609735456 START
2026-02-23 03:00:09,177 | INFO | Match 8609735456: fetch overview
2026-02-23 03:00:20,668 | INFO | Match 8609735456: parse overview
2026-02-23 03:00:24,500 | INFO | Match 8609735456: fetch lanes
2026-02-23 03:00:33,353 | INFO | Match 8609735456: parse lanes
2026-02-23 03:00:33,414 | INFO | Match 8609735456: append to Excel
2026-02-23 03:00:42,986 | INFO | [287/2560] Match 8609735456 DONE in 33.8s
2026-02-23 03:00:45,659 | INFO | [288/2560] Match 8609729713 START
2026-02-23 03:00:45,659 | INFO | Match 8609729713: fetch overview
2026-02-23 03:00:56,398 | INFO | Match 8609729713: parse overview
2026-02-23 03:01:00,479 | INFO | Match 8609729713: fetch lanes
2026-02-23 03:01:10,038 | INFO | Match 8609729713: parse lanes
2026-02-23 03:01:10,115 | INFO | Match 8609729713: append to Excel
2026-02-23 03:01:21,802 | INFO | [288/2560] Match 8609729713 DONE in 36.1s
2026-02-23 03:01:25,662 | INFO | [289/2560] Match 8609748037 START
2026-02-23 03:01:25,662 | INFO | Match 8609748037: fetch overview
2026-02-23 03:01:35,956 | INFO | Match 8609748037: parse overview
2026-02-23 03:01:40,593 | INFO | Match 8609748037: fetch lanes
2026-02-23 03:04:03,967 | INFO | Match 8609748037: parse lanes
2026-02-23 03:04:03,974 | INFO | Match 8609748037: append to Excel
2026-02-23 03:04:16,077 | INFO | [289/2560] Match 8609748037 DONE in 170.4s
2026-02-23 03:04:18,765 | INFO | [290/2560] Match 8609771672 START
2026-02-23 03:04:18,765 | INFO | Match 8609771672: fetch overview
2026-02-23 03:04:28,138 | INFO | Match 8609771672: parse overview
2026-02-23 03:04:32,437 | INFO | Match 8609771672: fetch lanes
2026-02-23 03:06:56,029 | INFO | Match 8609771672: parse lanes
2026-02-23 03:06:56,035 | INFO | Match 8609771672: append to Excel
2026-02-23 03:07:06,704 | INFO | [290/2560] Match 8609771672 DONE in 167.9s
2026-02-23 03:07:10,553 | INFO | [291/2560] Match 8609748650 START
2026-02-23 03:07:10,553 | INFO | Match 8609748650: fetch overview
2026-02-23 03:07:20,565 | INFO | Match 8609748650: parse overview
2026-02-23 03:07:24,829 | INFO | Match 8609748650: fetch lanes
2026-02-23 03:10:28,566 | INFO | Match 8609748650: parse lanes
2026-02-23 03:10:28,573 | INFO | Match 8609748650: append to Excel
2026-02-23 03:10:40,928 | INFO | [291/2560] Match 8609748650 DONE in 210.4s
2026-02-23 03:10:44,531 | INFO | [292/2560] Match 8609768975 START
2026-02-23 03:10:44,532 | INFO | Match 8609768975: fetch overview
2026-02-23 03:10:54,835 | INFO | Match 8609768975: parse overview
2026-02-23 03:10:59,399 | INFO | Match 8609768975: fetch lanes
2026-02-23 03:11:08,422 | INFO | Match 8609768975: parse lanes
2026-02-23 03:11:08,488 | INFO | Match 8609768975: append to Excel
2026-02-23 03:11:18,948 | INFO | [292/2560] Match 8609768975 DONE in 34.4s
2026-02-23 03:11:21,355 | INFO | [293/2560] Match 8609766465 START
2026-02-23 03:11:21,355 | INFO | Match 8609766465: fetch overview
2026-02-23 03:11:31,700 | INFO | Match 8609766465: parse overview
2026-02-23 03:11:36,155 | INFO | Match 8609766465: fetch lanes
2026-02-23 03:13:59,114 | INFO | Match 8609766465: parse lanes
2026-02-23 03:13:59,116 | INFO | Match 8609766465: append to Excel
2026-02-23 03:14:09,424 | INFO | [293/2560] Match 8609766465 DONE in 168.1s
2026-02-23 03:14:11,849 | INFO | [294/2560] Match 8609755610 START
2026-02-23 03:14:11,849 | INFO | Match 8609755610: fetch overview
2026-02-23 03:14:21,665 | INFO | Match 8609755610: parse overview
2026-02-23 03:14:26,297 | INFO | Match 8609755610: fetch lanes
2026-02-23 03:16:50,449 | INFO | Match 8609755610: parse lanes
2026-02-23 03:16:50,452 | INFO | Match 8609755610: append to Excel
2026-02-23 03:17:01,153 | INFO | [294/2560] Match 8609755610 DONE in 169.3s
2026-02-23 03:17:05,101 | INFO | [295/2560] Match 8609757740 START
2026-02-23 03:17:05,101 | INFO | Match 8609757740: fetch overview
2026-02-23 03:17:15,513 | INFO | Match 8609757740: parse overview
2026-02-23 03:17:18,922 | INFO | Match 8609757740: fetch lanes
2026-02-23 03:17:27,109 | INFO | Match 8609757740: parse lanes
2026-02-23 03:17:27,168 | INFO | Match 8609757740: append to Excel
2026-02-23 03:17:37,187 | INFO | [295/2560] Match 8609757740 DONE in 32.1s
2026-02-23 03:17:40,792 | INFO | [296/2560] Match 8609759875 START
2026-02-23 03:17:40,792 | INFO | Match 8609759875: fetch overview
2026-02-23 03:20:03,070 | INFO | Match 8609759875: parse overview
2026-02-23 03:20:06,819 | INFO | Match 8609759875: fetch lanes
2026-02-23 03:20:16,284 | INFO | Match 8609759875: parse lanes
2026-02-23 03:20:16,372 | INFO | Match 8609759875: append to Excel
2026-02-23 03:20:28,150 | INFO | [296/2560] Match 8609759875 DONE in 167.4s
2026-02-23 03:20:31,809 | INFO | [297/2560] Match 8609779592 START
2026-02-23 03:20:31,810 | INFO | Match 8609779592: fetch overview
2026-02-23 03:20:41,692 | INFO | Match 8609779592: parse overview
2026-02-23 03:20:45,527 | INFO | Match 8609779592: fetch lanes
2026-02-23 03:23:07,846 | INFO | Match 8609779592: parse lanes
2026-02-23 03:23:07,849 | INFO | Match 8609779592: append to Excel
2026-02-23 03:23:18,078 | INFO | [297/2560] Match 8609779592 DONE in 166.3s
2026-02-23 03:23:21,158 | INFO | [298/2560] Match 8609769338 START
2026-02-23 03:23:21,158 | INFO | Match 8609769338: fetch overview
2026-02-23 03:23:31,304 | INFO | Match 8609769338: parse overview
2026-02-23 03:23:35,997 | INFO | Match 8609769338: fetch lanes
2026-02-23 03:23:44,233 | INFO | Match 8609769338: parse lanes
2026-02-23 03:23:44,299 | INFO | Match 8609769338: append to Excel
2026-02-23 03:23:55,307 | INFO | [298/2560] Match 8609769338 DONE in 34.1s
2026-02-23 03:23:57,504 | INFO | [299/2560] Match 8609736700 START
2026-02-23 03:23:57,504 | INFO | Match 8609736700: fetch overview
2026-02-23 03:24:08,330 | INFO | Match 8609736700: parse overview
2026-02-23 03:24:11,503 | INFO | Match 8609736700: fetch lanes
2026-02-23 03:24:20,461 | INFO | Match 8609736700: parse lanes
2026-02-23 03:24:20,527 | INFO | Match 8609736700: append to Excel
2026-02-23 03:24:30,703 | INFO | [299/2560] Match 8609736700 DONE in 33.2s
2026-02-23 03:24:33,801 | INFO | [300/2560] Match 8609768993 START
2026-02-23 03:24:33,801 | INFO | Match 8609768993: fetch overview
2026-02-23 03:26:58,778 | INFO | Match 8609768993: parse overview
2026-02-23 03:27:01,885 | INFO | Match 8609768993: fetch lanes
2026-02-23 03:29:25,324 | INFO | Match 8609768993: parse lanes
2026-02-23 03:29:25,325 | INFO | Match 8609768993: append to Excel
2026-02-23 03:29:35,701 | INFO | [300/2560] Match 8609768993 DONE in 301.9s
2026-02-23 03:29:38,364 | INFO | [301/2560] Match 8609766611 START
2026-02-23 03:29:38,365 | INFO | Match 8609766611: fetch overview
2026-02-23 03:29:48,379 | INFO | Match 8609766611: parse overview
2026-02-23 03:29:51,967 | INFO | Match 8609766611: fetch lanes
2026-02-23 03:30:00,745 | INFO | Match 8609766611: parse lanes
2026-02-23 03:30:00,832 | INFO | Match 8609766611: append to Excel
2026-02-23 03:30:11,607 | INFO | [301/2560] Match 8609766611 DONE in 33.2s
2026-02-23 03:30:13,654 | INFO | [302/2560] Match 8609771162 START
2026-02-23 03:30:13,654 | INFO | Match 8609771162: fetch overview
2026-02-23 03:30:23,135 | INFO | Match 8609771162: parse overview
2026-02-23 03:30:27,845 | INFO | Match 8609771162: fetch lanes
2026-02-23 03:30:37,122 | INFO | Match 8609771162: parse lanes
2026-02-23 03:30:37,201 | INFO | Match 8609771162: append to Excel
2026-02-23 03:30:48,001 | INFO | [302/2560] Match 8609771162 DONE in 34.3s
2026-02-23 03:30:50,680 | INFO | [303/2560] Match 8609756040 START
2026-02-23 03:30:50,680 | INFO | Match 8609756040: fetch overview
2026-02-23 03:31:00,735 | INFO | Match 8609756040: parse overview
2026-02-23 03:31:03,980 | INFO | Match 8609756040: fetch lanes
2026-02-23 03:31:13,235 | INFO | Match 8609756040: parse lanes
2026-02-23 03:31:13,295 | INFO | Match 8609756040: append to Excel
2026-02-23 03:31:24,723 | INFO | [303/2560] Match 8609756040 DONE in 34.0s
2026-02-23 03:31:28,081 | INFO | [304/2560] Match 8609746714 START
2026-02-23 03:31:28,081 | INFO | Match 8609746714: fetch overview
2026-02-23 03:31:39,043 | INFO | Match 8609746714: parse overview
2026-02-23 03:31:42,354 | INFO | Match 8609746714: fetch lanes
2026-02-23 03:31:51,635 | INFO | Match 8609746714: parse lanes
2026-02-23 03:31:51,699 | INFO | Match 8609746714: append to Excel
2026-02-23 03:32:02,834 | INFO | [304/2560] Match 8609746714 DONE in 34.8s
2026-02-23 03:32:05,110 | INFO | [305/2560] Match 8609758658 START
2026-02-23 03:32:05,110 | INFO | Match 8609758658: fetch overview
2026-02-23 03:32:15,515 | INFO | Match 8609758658: parse overview
2026-02-23 03:32:19,782 | INFO | Match 8609758658: fetch lanes
2026-02-23 03:32:28,632 | INFO | Match 8609758658: parse lanes
2026-02-23 03:32:29,428 | INFO | Match 8609758658: append to Excel
2026-02-23 03:32:39,204 | INFO | [305/2560] Match 8609758658 DONE in 34.1s
2026-02-23 03:32:41,980 | INFO | [306/2560] Match 8609761245 START
2026-02-23 03:32:41,980 | INFO | Match 8609761245: fetch overview
2026-02-23 03:32:52,174 | INFO | Match 8609761245: parse overview
2026-02-23 03:32:56,445 | INFO | Match 8609761245: fetch lanes
2026-02-23 03:33:04,422 | INFO | Match 8609761245: parse lanes
2026-02-23 03:33:04,487 | INFO | Match 8609761245: append to Excel
2026-02-23 03:33:15,009 | INFO | [306/2560] Match 8609761245 DONE in 33.0s
2026-02-23 03:33:18,632 | INFO | [307/2560] Match 8609773766 START
2026-02-23 03:33:18,632 | INFO | Match 8609773766: fetch overview
2026-02-23 03:33:28,915 | INFO | Match 8609773766: parse overview
2026-02-23 03:33:33,455 | INFO | Match 8609773766: fetch lanes
2026-02-23 03:35:56,188 | INFO | Match 8609773766: parse lanes
2026-02-23 03:35:56,189 | INFO | Match 8609773766: append to Excel
2026-02-23 03:36:06,996 | INFO | [307/2560] Match 8609773766 DONE in 168.4s
2026-02-23 03:36:09,510 | INFO | [308/2560] Match 8609769221 START
2026-02-23 03:36:09,510 | INFO | Match 8609769221: fetch overview
2026-02-23 03:36:19,485 | INFO | Match 8609769221: parse overview
2026-02-23 03:36:22,630 | INFO | Match 8609769221: fetch lanes
2026-02-23 03:36:31,200 | INFO | Match 8609769221: parse lanes
2026-02-23 03:36:31,264 | INFO | Match 8609769221: append to Excel
2026-02-23 03:36:41,829 | INFO | [308/2560] Match 8609769221 DONE in 32.3s
2026-02-23 03:36:44,100 | INFO | [309/2560] Match 8609757760 START
2026-02-23 03:36:44,101 | INFO | Match 8609757760: fetch overview
2026-02-23 03:36:53,983 | INFO | Match 8609757760: parse overview
2026-02-23 03:36:58,231 | INFO | Match 8609757760: fetch lanes
2026-02-23 03:39:21,651 | INFO | Match 8609757760: parse lanes
2026-02-23 03:39:21,713 | INFO | Match 8609757760: append to Excel
2026-02-23 03:39:38,259 | INFO | [309/2560] Match 8609757760 DONE in 174.2s
2026-02-23 03:39:41,763 | INFO | [310/2560] Match 8609767476 START
2026-02-23 03:39:41,763 | INFO | Match 8609767476: fetch overview
2026-02-23 03:39:53,077 | INFO | Match 8609767476: parse overview
2026-02-23 03:39:56,798 | INFO | Match 8609767476: fetch lanes
2026-02-23 03:42:20,586 | INFO | Match 8609767476: parse lanes
2026-02-23 03:42:20,589 | INFO | Match 8609767476: append to Excel
2026-02-23 03:42:32,552 | INFO | [310/2560] Match 8609767476 DONE in 170.8s
2026-02-23 03:42:36,059 | INFO | [311/2560] Match 8609772770 START
2026-02-23 03:42:36,060 | INFO | Match 8609772770: fetch overview
2026-02-23 03:43:40,576 | INFO | Match 8609772770: parse overview
2026-02-23 03:43:44,935 | INFO | Match 8609772770: fetch lanes
2026-02-23 03:46:08,551 | INFO | Match 8609772770: parse lanes
2026-02-23 03:46:08,612 | INFO | Match 8609772770: append to Excel
2026-02-23 03:46:19,076 | INFO | [311/2560] Match 8609772770 DONE in 223.0s
2026-02-23 03:46:22,054 | INFO | [312/2560] Match 8609748300 START
2026-02-23 03:46:22,054 | INFO | Match 8609748300: fetch overview
2026-02-23 03:48:46,900 | INFO | Match 8609748300: parse overview
2026-02-23 03:48:50,710 | INFO | Match 8609748300: fetch lanes
2026-02-23 03:51:13,443 | INFO | Match 8609748300: parse lanes
2026-02-23 03:51:13,447 | INFO | Match 8609748300: append to Excel
2026-02-23 03:51:23,841 | INFO | [312/2560] Match 8609748300 DONE in 301.8s
2026-02-23 03:51:26,057 | INFO | [313/2560] Match 8609757085 START
2026-02-23 03:51:26,057 | INFO | Match 8609757085: fetch overview
2026-02-23 03:51:36,467 | INFO | Match 8609757085: parse overview
2026-02-23 03:51:39,875 | INFO | Match 8609757085: fetch lanes
2026-02-23 03:54:03,233 | INFO | Match 8609757085: parse lanes
2026-02-23 03:54:03,236 | INFO | Match 8609757085: append to Excel
2026-02-23 03:54:13,645 | INFO | [313/2560] Match 8609757085 DONE in 167.6s
2026-02-23 03:54:16,566 | INFO | [314/2560] Match 8609775181 START
2026-02-23 03:54:16,566 | INFO | Match 8609775181: fetch overview
2026-02-23 03:54:27,176 | INFO | Match 8609775181: parse overview
2026-02-23 03:54:31,807 | INFO | Match 8609775181: fetch lanes
2026-02-23 03:56:54,694 | INFO | Match 8609775181: parse lanes
2026-02-23 03:56:54,766 | INFO | Match 8609775181: append to Excel
2026-02-23 03:57:04,870 | INFO | [314/2560] Match 8609775181 DONE in 168.3s
2026-02-23 03:57:08,695 | INFO | [315/2560] Match 8609760591 START
2026-02-23 03:57:08,695 | INFO | Match 8609760591: fetch overview
2026-02-23 03:59:31,833 | INFO | Match 8609760591: parse overview
2026-02-23 03:59:35,287 | INFO | Match 8609760591: fetch lanes
2026-02-23 04:01:58,063 | INFO | Match 8609760591: parse lanes
2026-02-23 04:01:58,066 | INFO | Match 8609760591: append to Excel
2026-02-23 04:02:09,731 | INFO | [315/2560] Match 8609760591 DONE in 301.0s
2026-02-23 04:02:13,080 | INFO | [316/2560] Match 8609774879 START
2026-02-23 04:02:13,080 | INFO | Match 8609774879: fetch overview
2026-02-23 04:04:37,913 | INFO | Match 8609774879: parse overview
2026-02-23 04:04:42,634 | INFO | Match 8609774879: fetch lanes
2026-02-23 04:04:51,457 | INFO | Match 8609774879: parse lanes
2026-02-23 04:04:52,455 | INFO | Match 8609774879: append to Excel
2026-02-23 04:05:04,447 | INFO | [316/2560] Match 8609774879 DONE in 171.4s
2026-02-23 04:05:07,667 | INFO | [317/2560] Match 8609785060 START
2026-02-23 04:05:07,667 | INFO | Match 8609785060: fetch overview
2026-02-23 04:07:30,337 | INFO | Match 8609785060: parse overview
2026-02-23 04:07:34,613 | INFO | Match 8609785060: fetch lanes
2026-02-23 04:09:58,450 | INFO | Match 8609785060: parse lanes
2026-02-23 04:09:58,452 | INFO | Match 8609785060: append to Excel
2026-02-23 04:10:10,798 | INFO | [317/2560] Match 8609785060 DONE in 303.1s
2026-02-23 04:10:14,639 | INFO | [318/2560] Match 8609756418 START
2026-02-23 04:10:14,640 | INFO | Match 8609756418: fetch overview
2026-02-23 04:10:24,341 | INFO | Match 8609756418: parse overview
2026-02-23 04:10:28,129 | INFO | Match 8609756418: fetch lanes
2026-02-23 04:12:51,491 | INFO | Match 8609756418: parse lanes
2026-02-23 04:12:51,496 | INFO | Match 8609756418: append to Excel
2026-02-23 04:13:02,010 | INFO | [318/2560] Match 8609756418 DONE in 167.4s
2026-02-23 04:13:05,192 | INFO | [319/2560] Match 8609759982 START
2026-02-23 04:13:05,192 | INFO | Match 8609759982: fetch overview
2026-02-23 04:13:14,953 | INFO | Match 8609759982: parse overview
2026-02-23 04:13:18,466 | INFO | Match 8609759982: fetch lanes
2026-02-23 04:15:42,068 | INFO | Match 8609759982: parse lanes
2026-02-23 04:15:42,069 | INFO | Match 8609759982: append to Excel
2026-02-23 04:15:52,401 | INFO | [319/2560] Match 8609759982 DONE in 167.2s
2026-02-23 04:15:55,077 | INFO | [320/2560] Match 8609779176 START
2026-02-23 04:15:55,077 | INFO | Match 8609779176: fetch overview
2026-02-23 04:16:05,350 | INFO | Match 8609779176: parse overview
2026-02-23 04:16:08,813 | INFO | Match 8609779176: fetch lanes
2026-02-23 04:18:31,846 | INFO | Match 8609779176: parse lanes
2026-02-23 04:18:31,847 | INFO | Match 8609779176: append to Excel
2026-02-23 04:18:42,984 | INFO | [320/2560] Match 8609779176 DONE in 167.9s
2026-02-23 04:18:46,969 | INFO | [321/2560] Match 8609759972 START
2026-02-23 04:18:46,969 | INFO | Match 8609759972: fetch overview
2026-02-23 04:21:10,759 | INFO | Match 8609759972: parse overview
2026-02-23 04:21:15,385 | INFO | Match 8609759972: fetch lanes
2026-02-23 04:23:38,789 | INFO | Match 8609759972: parse lanes
2026-02-23 04:23:38,792 | INFO | Match 8609759972: append to Excel
2026-02-23 04:23:48,854 | INFO | [321/2560] Match 8609759972 DONE in 301.9s
2026-02-23 04:23:51,889 | INFO | [322/2560] Match 8609770895 START
2026-02-23 04:23:51,889 | INFO | Match 8609770895: fetch overview
2026-02-23 04:24:01,627 | INFO | Match 8609770895: parse overview
2026-02-23 04:24:05,138 | INFO | Match 8609770895: fetch lanes
2026-02-23 04:26:30,275 | INFO | Match 8609770895: parse lanes
2026-02-23 04:26:30,279 | INFO | Match 8609770895: append to Excel
2026-02-23 04:26:40,426 | INFO | [322/2560] Match 8609770895 DONE in 168.5s
2026-02-23 04:26:43,145 | INFO | [323/2560] Match 8609776026 START
2026-02-23 04:26:43,145 | INFO | Match 8609776026: fetch overview
2026-02-23 04:26:53,442 | INFO | Match 8609776026: parse overview
2026-02-23 04:26:57,675 | INFO | Match 8609776026: fetch lanes
2026-02-23 04:27:06,005 | INFO | Match 8609776026: parse lanes
2026-02-23 04:27:06,069 | INFO | Match 8609776026: append to Excel
2026-02-23 04:27:16,056 | INFO | [323/2560] Match 8609776026 DONE in 32.9s
2026-02-23 04:27:19,447 | INFO | [324/2560] Match 8609775397 START
2026-02-23 04:27:19,447 | INFO | Match 8609775397: fetch overview
2026-02-23 04:29:41,786 | INFO | Match 8609775397: parse overview
2026-02-23 04:29:46,625 | INFO | Match 8609775397: fetch lanes
2026-02-23 04:29:54,974 | INFO | Match 8609775397: parse lanes
2026-02-23 04:29:55,039 | INFO | Match 8609775397: append to Excel
2026-02-23 04:30:05,127 | INFO | [324/2560] Match 8609775397 DONE in 165.7s
2026-02-23 04:30:08,038 | INFO | [325/2560] Match 8609779321 START
2026-02-23 04:30:08,039 | INFO | Match 8609779321: fetch overview
2026-02-23 04:30:19,148 | INFO | Match 8609779321: parse overview
2026-02-23 04:30:22,100 | INFO | Match 8609779321: fetch lanes
2026-02-23 04:32:45,474 | INFO | Match 8609779321: parse lanes
2026-02-23 04:32:45,475 | INFO | Match 8609779321: append to Excel
2026-02-23 04:32:57,259 | INFO | [325/2560] Match 8609779321 DONE in 169.2s
2026-02-23 04:33:00,148 | INFO | [326/2560] Match 8609755957 START
2026-02-23 04:33:00,148 | INFO | Match 8609755957: fetch overview
2026-02-23 04:33:10,742 | INFO | Match 8609755957: parse overview
2026-02-23 04:33:15,036 | INFO | Match 8609755957: fetch lanes
2026-02-23 04:35:37,948 | INFO | Match 8609755957: parse lanes
2026-02-23 04:35:38,017 | INFO | Match 8609755957: append to Excel
2026-02-23 04:35:48,257 | INFO | [326/2560] Match 8609755957 DONE in 168.1s
2026-02-23 04:35:51,277 | INFO | [327/2560] Match 8609737997 START
2026-02-23 04:35:51,277 | INFO | Match 8609737997: fetch overview
2026-02-23 04:36:02,326 | INFO | Match 8609737997: parse overview
2026-02-23 04:36:07,287 | INFO | Match 8609737997: fetch lanes
2026-02-23 04:36:16,357 | INFO | Match 8609737997: parse lanes
2026-02-23 04:36:16,425 | INFO | Match 8609737997: append to Excel
2026-02-23 04:36:26,248 | INFO | [327/2560] Match 8609737997 DONE in 35.0s
2026-02-23 04:36:28,539 | INFO | [328/2560] Match 8609766267 START
2026-02-23 04:36:28,540 | INFO | Match 8609766267: fetch overview
2026-02-23 04:38:51,797 | INFO | Match 8609766267: parse overview
2026-02-23 04:38:56,179 | INFO | Match 8609766267: fetch lanes
2026-02-23 04:39:05,075 | INFO | Match 8609766267: parse lanes
2026-02-23 04:39:05,141 | INFO | Match 8609766267: append to Excel
2026-02-23 04:39:15,334 | INFO | [328/2560] Match 8609766267 DONE in 166.8s
2026-02-23 04:39:18,730 | INFO | [329/2560] Match 8609777330 START
2026-02-23 04:39:18,730 | INFO | Match 8609777330: fetch overview
2026-02-23 04:39:29,824 | INFO | Match 8609777330: parse overview
2026-02-23 04:39:33,643 | INFO | Match 8609777330: fetch lanes
2026-02-23 04:41:57,001 | INFO | Match 8609777330: parse lanes
2026-02-23 04:41:57,002 | INFO | Match 8609777330: append to Excel
2026-02-23 04:42:08,503 | INFO | [329/2560] Match 8609777330 DONE in 169.8s
2026-02-23 04:42:11,650 | INFO | [330/2560] Match 8609768110 START
2026-02-23 04:42:11,650 | INFO | Match 8609768110: fetch overview
2026-02-23 04:42:22,497 | INFO | Match 8609768110: parse overview
2026-02-23 04:42:26,233 | INFO | Match 8609768110: fetch lanes
2026-02-23 04:42:35,423 | INFO | Match 8609768110: parse lanes
2026-02-23 04:42:35,481 | INFO | Match 8609768110: append to Excel
2026-02-23 04:42:46,147 | INFO | [330/2560] Match 8609768110 DONE in 34.5s
2026-02-23 04:42:48,939 | INFO | [331/2560] Match 8609786783 START
2026-02-23 04:42:48,939 | INFO | Match 8609786783: fetch overview
2026-02-23 04:45:12,464 | INFO | Match 8609786783: parse overview
2026-02-23 04:45:16,018 | INFO | Match 8609786783: fetch lanes
2026-02-23 04:47:39,437 | INFO | Match 8609786783: parse lanes
2026-02-23 04:47:39,442 | INFO | Match 8609786783: append to Excel
2026-02-23 04:47:50,758 | INFO | [331/2560] Match 8609786783 DONE in 301.8s
2026-02-23 04:47:53,879 | INFO | [332/2560] Match 8609765804 START
2026-02-23 04:47:53,879 | INFO | Match 8609765804: fetch overview
2026-02-23 04:50:18,538 | INFO | Match 8609765804: parse overview
2026-02-23 04:50:22,973 | INFO | Match 8609765804: fetch lanes
2026-02-23 04:52:45,741 | INFO | Match 8609765804: parse lanes
2026-02-23 04:52:45,746 | INFO | Match 8609765804: append to Excel
2026-02-23 04:52:56,876 | INFO | [332/2560] Match 8609765804 DONE in 303.0s
2026-02-23 04:53:00,806 | INFO | [333/2560] Match 8609769773 START
2026-02-23 04:53:00,806 | INFO | Match 8609769773: fetch overview
2026-02-23 04:55:26,006 | INFO | Match 8609769773: parse overview
2026-02-23 04:55:30,711 | INFO | Match 8609769773: fetch lanes
2026-02-23 04:57:54,224 | INFO | Match 8609769773: parse lanes
2026-02-23 04:57:54,231 | INFO | Match 8609769773: append to Excel
2026-02-23 04:58:04,896 | INFO | [333/2560] Match 8609769773 DONE in 304.1s
2026-02-23 04:58:07,921 | INFO | [334/2560] Match 8609779130 START
2026-02-23 04:58:07,921 | INFO | Match 8609779130: fetch overview
2026-02-23 05:00:33,953 | INFO | Match 8609779130: parse overview
2026-02-23 05:00:38,987 | INFO | Match 8609779130: fetch lanes
2026-02-23 05:03:02,792 | INFO | Match 8609779130: parse lanes
2026-02-23 05:03:02,856 | INFO | Match 8609779130: append to Excel
2026-02-23 05:03:13,782 | INFO | [334/2560] Match 8609779130 DONE in 305.9s
2026-02-23 05:03:16,058 | INFO | [335/2560] Match 8609771514 START
2026-02-23 05:03:16,058 | INFO | Match 8609771514: fetch overview
2026-02-23 05:05:40,537 | INFO | Match 8609771514: parse overview
2026-02-23 05:05:44,220 | INFO | Match 8609771514: fetch lanes
2026-02-23 05:08:08,087 | INFO | Match 8609771514: parse lanes
2026-02-23 05:08:08,149 | INFO | Match 8609771514: append to Excel
2026-02-23 05:08:19,303 | INFO | [335/2560] Match 8609771514 DONE in 303.2s
2026-02-23 05:08:22,433 | INFO | [336/2560] Match 8609789658 START
2026-02-23 05:08:22,433 | INFO | Match 8609789658: fetch overview
2026-02-23 05:10:47,284 | INFO | Match 8609789658: parse overview
2026-02-23 05:10:50,673 | INFO | Match 8609789658: fetch lanes
2026-02-23 05:13:14,271 | INFO | Match 8609789658: parse lanes
2026-02-23 05:13:14,357 | INFO | Match 8609789658: append to Excel
2026-02-23 05:13:25,588 | INFO | [336/2560] Match 8609789658 DONE in 303.2s
2026-02-23 05:13:29,384 | INFO | [337/2560] Match 8609769108 START
2026-02-23 05:13:29,384 | INFO | Match 8609769108: fetch overview
2026-02-23 05:15:52,952 | INFO | Match 8609769108: parse overview
2026-02-23 05:15:55,789 | INFO | Match 8609769108: fetch lanes
2026-02-23 05:18:18,760 | INFO | Match 8609769108: parse lanes
2026-02-23 05:18:18,766 | INFO | Match 8609769108: append to Excel
2026-02-23 05:18:30,015 | INFO | [337/2560] Match 8609769108 DONE in 300.6s
2026-02-23 05:18:33,450 | INFO | [338/2560] Match 8609763223 START
2026-02-23 05:18:33,450 | INFO | Match 8609763223: fetch overview
2026-02-23 05:20:57,047 | INFO | Match 8609763223: parse overview
2026-02-23 05:20:59,842 | INFO | Match 8609763223: fetch lanes
2026-02-23 05:23:24,205 | INFO | Match 8609763223: parse lanes
2026-02-23 05:23:24,286 | INFO | Match 8609763223: append to Excel
2026-02-23 05:23:37,977 | INFO | [338/2560] Match 8609763223 DONE in 304.5s
2026-02-23 05:23:40,316 | INFO | [339/2560] Match 8609774445 START
2026-02-23 05:23:40,316 | INFO | Match 8609774445: fetch overview
2026-02-23 05:26:02,927 | INFO | Match 8609774445: parse overview
2026-02-23 05:26:06,821 | INFO | Match 8609774445: fetch lanes
2026-02-23 05:28:30,090 | INFO | Match 8609774445: parse lanes
2026-02-23 05:28:30,095 | INFO | Match 8609774445: append to Excel
2026-02-23 05:28:40,968 | INFO | [339/2560] Match 8609774445 DONE in 300.7s
2026-02-23 05:28:44,907 | INFO | [340/2560] Match 8609778911 START
2026-02-23 05:28:44,907 | INFO | Match 8609778911: fetch overview
2026-02-23 05:31:08,083 | INFO | Match 8609778911: parse overview
2026-02-23 05:31:11,065 | INFO | Match 8609778911: fetch lanes
2026-02-23 05:33:33,869 | INFO | Match 8609778911: parse lanes
2026-02-23 05:33:33,873 | INFO | Match 8609778911: append to Excel
2026-02-23 05:33:44,592 | INFO | [340/2560] Match 8609778911 DONE in 299.7s
2026-02-23 05:33:47,717 | INFO | [341/2560] Match 8609784848 START
2026-02-23 05:33:47,718 | INFO | Match 8609784848: fetch overview
2026-02-23 05:36:10,767 | INFO | Match 8609784848: parse overview
2026-02-23 05:36:15,230 | INFO | Match 8609784848: fetch lanes
2026-02-23 05:38:38,250 | INFO | Match 8609784848: parse lanes
2026-02-23 05:38:38,252 | INFO | Match 8609784848: append to Excel
2026-02-23 05:38:48,894 | INFO | [341/2560] Match 8609784848 DONE in 301.2s
2026-02-23 05:38:52,703 | INFO | [342/2560] Match 8609766071 START
2026-02-23 05:38:52,703 | INFO | Match 8609766071: fetch overview
2026-02-23 05:41:15,271 | INFO | Match 8609766071: parse overview
2026-02-23 05:41:19,738 | INFO | Match 8609766071: fetch lanes
2026-02-23 05:43:42,132 | INFO | Match 8609766071: parse lanes
2026-02-23 05:43:42,136 | INFO | Match 8609766071: append to Excel
2026-02-23 05:43:52,768 | INFO | [342/2560] Match 8609766071 DONE in 300.1s
2026-02-23 05:43:56,534 | INFO | [343/2560] Match 8609756655 START
2026-02-23 05:43:56,535 | INFO | Match 8609756655: fetch overview
2026-02-23 05:46:19,262 | INFO | Match 8609756655: parse overview
2026-02-23 05:46:23,233 | INFO | Match 8609756655: fetch lanes
2026-02-23 05:48:45,921 | INFO | Match 8609756655: parse lanes
2026-02-23 05:48:45,923 | INFO | Match 8609756655: append to Excel
2026-02-23 05:48:57,765 | INFO | [343/2560] Match 8609756655 DONE in 301.2s
2026-02-23 05:49:00,854 | INFO | [344/2560] Match 8609791266 START
2026-02-23 05:49:00,854 | INFO | Match 8609791266: fetch overview
2026-02-23 05:51:23,469 | INFO | Match 8609791266: parse overview
2026-02-23 05:51:26,008 | INFO | Match 8609791266: fetch lanes
2026-02-23 05:53:48,897 | INFO | Match 8609791266: parse lanes
2026-02-23 05:53:48,900 | INFO | Match 8609791266: append to Excel
2026-02-23 05:53:59,762 | INFO | [344/2560] Match 8609791266 DONE in 298.9s
2026-02-23 05:54:01,888 | INFO | [345/2560] Match 8609754692 START
2026-02-23 05:54:01,889 | INFO | Match 8609754692: fetch overview
2026-02-23 05:56:24,377 | INFO | Match 8609754692: parse overview
2026-02-23 05:56:28,766 | INFO | Match 8609754692: fetch lanes
2026-02-23 05:58:52,182 | INFO | Match 8609754692: parse lanes
2026-02-23 05:58:52,184 | INFO | Match 8609754692: append to Excel
2026-02-23 05:59:03,561 | INFO | [345/2560] Match 8609754692 DONE in 301.7s
2026-02-23 05:59:05,661 | INFO | [346/2560] Match 8609771176 START
2026-02-23 05:59:05,661 | INFO | Match 8609771176: fetch overview
2026-02-23 06:01:28,902 | INFO | Match 8609771176: parse overview
2026-02-23 06:01:31,619 | INFO | Match 8609771176: fetch lanes
2026-02-23 06:03:54,684 | INFO | Match 8609771176: parse lanes
2026-02-23 06:03:54,686 | INFO | Match 8609771176: append to Excel
2026-02-23 06:04:05,920 | INFO | [346/2560] Match 8609771176 DONE in 300.3s
2026-02-23 06:04:09,729 | INFO | [347/2560] Match 8609751965 START
2026-02-23 06:04:09,729 | INFO | Match 8609751965: fetch overview
2026-02-23 06:06:32,926 | INFO | Match 8609751965: parse overview
2026-02-23 06:06:37,152 | INFO | Match 8609751965: fetch lanes
2026-02-23 06:09:00,924 | INFO | Match 8609751965: parse lanes
2026-02-23 06:09:00,927 | INFO | Match 8609751965: append to Excel
2026-02-23 06:09:12,090 | INFO | [347/2560] Match 8609751965 DONE in 302.4s
2026-02-23 06:09:15,415 | INFO | [348/2560] Match 8609784456 START
2026-02-23 06:09:15,415 | INFO | Match 8609784456: fetch overview
2026-02-23 06:11:38,291 | INFO | Match 8609784456: parse overview
2026-02-23 06:11:42,081 | INFO | Match 8609784456: fetch lanes
2026-02-23 06:14:04,787 | INFO | Match 8609784456: parse lanes
2026-02-23 06:14:04,791 | INFO | Match 8609784456: append to Excel
2026-02-23 06:14:15,449 | INFO | [348/2560] Match 8609784456 DONE in 300.0s
2026-02-23 06:14:19,432 | INFO | [349/2560] Match 8609775068 START
2026-02-23 06:14:19,432 | INFO | Match 8609775068: fetch overview
2026-02-23 06:16:42,352 | INFO | Match 8609775068: parse overview
2026-02-23 06:16:45,600 | INFO | Match 8609775068: fetch lanes
2026-02-23 06:19:08,431 | INFO | Match 8609775068: parse lanes
2026-02-23 06:19:08,433 | INFO | Match 8609775068: append to Excel
2026-02-23 06:19:19,653 | INFO | [349/2560] Match 8609775068 DONE in 300.2s
2026-02-23 06:19:23,123 | INFO | [350/2560] Match 8609786851 START
2026-02-23 06:19:23,123 | INFO | Match 8609786851: fetch overview
2026-02-23 06:21:45,541 | INFO | Match 8609786851: parse overview
2026-02-23 06:21:48,752 | INFO | Match 8609786851: fetch lanes
2026-02-23 06:24:11,337 | INFO | Match 8609786851: parse lanes
2026-02-23 06:24:11,341 | INFO | Match 8609786851: append to Excel
2026-02-23 06:24:22,518 | INFO | [350/2560] Match 8609786851 DONE in 299.4s
2026-02-23 06:24:24,556 | INFO | [351/2560] Match 8609770673 START
2026-02-23 06:24:24,556 | INFO | Match 8609770673: fetch overview
2026-02-23 06:26:47,626 | INFO | Match 8609770673: parse overview
2026-02-23 06:26:51,701 | INFO | Match 8609770673: fetch lanes
2026-02-23 06:29:15,213 | INFO | Match 8609770673: parse lanes
2026-02-23 06:29:15,284 | INFO | Match 8609770673: append to Excel
2026-02-23 06:29:26,316 | INFO | [351/2560] Match 8609770673 DONE in 301.8s
2026-02-23 06:29:30,296 | INFO | [352/2560] Match 8609779664 START
2026-02-23 06:29:30,296 | INFO | Match 8609779664: fetch overview
2026-02-23 06:31:53,806 | INFO | Match 8609779664: parse overview
2026-02-23 06:31:57,309 | INFO | Match 8609779664: fetch lanes
2026-02-23 06:34:21,543 | INFO | Match 8609779664: parse lanes
2026-02-23 06:34:21,633 | INFO | Match 8609779664: append to Excel
2026-02-23 06:34:38,003 | INFO | [352/2560] Match 8609779664 DONE in 307.7s
2026-02-23 06:34:41,917 | INFO | [353/2560] Match 8609795463 START
2026-02-23 06:34:41,918 | INFO | Match 8609795463: fetch overview
2026-02-23 06:37:06,913 | INFO | Match 8609795463: parse overview
2026-02-23 06:37:10,445 | INFO | Match 8609795463: fetch lanes
2026-02-23 06:39:33,090 | INFO | Match 8609795463: parse lanes
2026-02-23 06:39:33,093 | INFO | Match 8609795463: append to Excel
2026-02-23 06:39:44,117 | INFO | [353/2560] Match 8609795463 DONE in 302.2s
2026-02-23 06:39:47,226 | INFO | [354/2560] Match 8609788486 START
2026-02-23 06:39:47,226 | INFO | Match 8609788486: fetch overview
2026-02-23 06:42:09,986 | INFO | Match 8609788486: parse overview
2026-02-23 06:42:13,929 | INFO | Match 8609788486: fetch lanes
2026-02-23 06:44:37,070 | INFO | Match 8609788486: parse lanes
2026-02-23 06:44:37,074 | INFO | Match 8609788486: append to Excel
2026-02-23 06:44:49,312 | INFO | [354/2560] Match 8609788486 DONE in 302.1s
2026-02-23 06:44:51,433 | INFO | [355/2560] Match 8609787617 START
2026-02-23 06:44:51,433 | INFO | Match 8609787617: fetch overview
2026-02-23 06:47:16,559 | INFO | Match 8609787617: parse overview
2026-02-23 06:47:20,474 | INFO | Match 8609787617: fetch lanes
2026-02-23 06:49:44,125 | INFO | Match 8609787617: parse lanes
2026-02-23 06:49:44,129 | INFO | Match 8609787617: append to Excel
2026-02-23 06:49:57,231 | INFO | [355/2560] Match 8609787617 DONE in 305.8s
2026-02-23 06:50:00,567 | INFO | [356/2560] Match 8609774638 START
2026-02-23 06:50:00,567 | INFO | Match 8609774638: fetch overview
2026-02-23 06:52:23,327 | INFO | Match 8609774638: parse overview
2026-02-23 06:52:27,507 | INFO | Match 8609774638: fetch lanes
2026-02-23 06:54:50,126 | INFO | Match 8609774638: parse lanes
2026-02-23 06:54:50,133 | INFO | Match 8609774638: append to Excel
2026-02-23 06:55:01,470 | INFO | [356/2560] Match 8609774638 DONE in 300.9s
2026-02-23 06:55:04,784 | INFO | [357/2560] Match 8609770964 START
2026-02-23 06:55:04,784 | INFO | Match 8609770964: fetch overview
2026-02-23 06:57:29,670 | INFO | Match 8609770964: parse overview
2026-02-23 06:57:34,770 | INFO | Match 8609770964: fetch lanes
2026-02-23 06:59:58,922 | INFO | Match 8609770964: parse lanes
2026-02-23 06:59:59,007 | INFO | Match 8609770964: append to Excel
2026-02-23 07:00:11,675 | INFO | [357/2560] Match 8609770964 DONE in 306.9s
2026-02-23 07:00:13,945 | INFO | [358/2560] Match 8609775041 START
2026-02-23 07:00:13,945 | INFO | Match 8609775041: fetch overview
2026-02-23 07:02:39,545 | INFO | Match 8609775041: parse overview
2026-02-23 07:02:43,324 | INFO | Match 8609775041: fetch lanes
2026-02-23 07:05:07,350 | INFO | Match 8609775041: parse lanes
2026-02-23 07:05:07,355 | INFO | Match 8609775041: append to Excel
2026-02-23 07:05:18,060 | INFO | [358/2560] Match 8609775041 DONE in 304.1s
2026-02-23 07:05:20,947 | INFO | [359/2560] Match 8609775578 START
2026-02-23 07:05:20,947 | INFO | Match 8609775578: fetch overview
2026-02-23 07:07:44,922 | INFO | Match 8609775578: parse overview
2026-02-23 07:07:48,454 | INFO | Match 8609775578: fetch lanes
2026-02-23 07:10:12,325 | INFO | Match 8609775578: parse lanes
2026-02-23 07:10:12,390 | INFO | Match 8609775578: append to Excel
2026-02-23 07:10:24,089 | INFO | [359/2560] Match 8609775578 DONE in 303.1s
2026-02-23 07:10:26,587 | INFO | [360/2560] Match 8609774550 START
2026-02-23 07:10:26,587 | INFO | Match 8609774550: fetch overview
2026-02-23 07:12:50,339 | INFO | Match 8609774550: parse overview
2026-02-23 07:12:54,553 | INFO | Match 8609774550: fetch lanes
2026-02-23 07:13:48,231 | INFO | Match 8609774550: parse lanes
2026-02-23 07:13:49,059 | INFO | Match 8609774550: append to Excel
2026-02-23 07:13:59,530 | INFO | [360/2560] Match 8609774550 DONE in 212.9s
2026-02-23 07:14:02,766 | INFO | [361/2560] Match 8609792191 START
2026-02-23 07:14:02,766 | INFO | Match 8609792191: fetch overview
2026-02-23 07:16:28,083 | INFO | Match 8609792191: parse overview
2026-02-23 07:16:31,123 | INFO | Match 8609792191: fetch lanes
2026-02-23 07:18:54,105 | INFO | Match 8609792191: parse lanes
2026-02-23 07:18:54,107 | INFO | Match 8609792191: append to Excel
2026-02-23 07:19:05,681 | INFO | [361/2560] Match 8609792191 DONE in 302.9s
2026-02-23 07:19:08,149 | INFO | [362/2560] Match 8609791659 START
2026-02-23 07:19:08,149 | INFO | Match 8609791659: fetch overview
2026-02-23 07:21:30,571 | INFO | Match 8609791659: parse overview
2026-02-23 07:21:33,055 | INFO | Match 8609791659: fetch lanes
2026-02-23 07:23:55,574 | INFO | Match 8609791659: parse lanes
2026-02-23 07:23:55,578 | INFO | Match 8609791659: append to Excel
2026-02-23 07:24:07,585 | INFO | [362/2560] Match 8609791659 DONE in 299.4s
2026-02-23 07:24:11,309 | INFO | [363/2560] Match 8609768919 START
2026-02-23 07:24:11,310 | INFO | Match 8609768919: fetch overview
2026-02-23 07:26:35,312 | INFO | Match 8609768919: parse overview
2026-02-23 07:26:38,594 | INFO | Match 8609768919: fetch lanes
2026-02-23 07:29:01,843 | INFO | Match 8609768919: parse lanes
2026-02-23 07:29:01,848 | INFO | Match 8609768919: append to Excel
2026-02-23 07:29:14,984 | INFO | [363/2560] Match 8609768919 DONE in 303.7s
2026-02-23 07:29:18,854 | INFO | [364/2560] Match 8609784932 START
2026-02-23 07:29:18,855 | INFO | Match 8609784932: fetch overview
2026-02-23 07:31:44,122 | INFO | Match 8609784932: parse overview
2026-02-23 07:31:48,230 | INFO | Match 8609784932: fetch lanes
2026-02-23 07:31:56,701 | INFO | Match 8609784932: parse lanes
2026-02-23 07:31:56,768 | INFO | Match 8609784932: append to Excel
2026-02-23 07:32:08,736 | INFO | [364/2560] Match 8609784932 DONE in 169.9s
2026-02-23 07:32:11,714 | INFO | [365/2560] Match 8609785199 START
2026-02-23 07:32:11,715 | INFO | Match 8609785199: fetch overview
2026-02-23 07:32:22,516 | INFO | Match 8609785199: parse overview
2026-02-23 07:32:26,241 | INFO | Match 8609785199: fetch lanes
2026-02-23 07:34:50,055 | INFO | Match 8609785199: parse lanes
2026-02-23 07:34:50,113 | INFO | Match 8609785199: append to Excel
2026-02-23 07:35:02,510 | INFO | [365/2560] Match 8609785199 DONE in 170.8s
2026-02-23 07:35:05,248 | INFO | [366/2560] Match 8609778384 START
2026-02-23 07:35:05,248 | INFO | Match 8609778384: fetch overview
2026-02-23 07:37:30,853 | INFO | Match 8609778384: parse overview
2026-02-23 07:37:34,442 | INFO | Match 8609778384: fetch lanes
2026-02-23 07:39:58,562 | INFO | Match 8609778384: parse lanes
2026-02-23 07:39:58,565 | INFO | Match 8609778384: append to Excel
2026-02-23 07:40:15,516 | INFO | [366/2560] Match 8609778384 DONE in 310.3s
2026-02-23 07:40:19,004 | INFO | [367/2560] Match 8609786754 START
2026-02-23 07:40:19,004 | INFO | Match 8609786754: fetch overview
2026-02-23 07:42:42,601 | INFO | Match 8609786754: parse overview
2026-02-23 07:42:45,033 | INFO | Match 8609786754: fetch lanes
2026-02-23 07:45:07,979 | INFO | Match 8609786754: parse lanes
2026-02-23 07:45:07,983 | INFO | Match 8609786754: append to Excel
2026-02-23 07:45:20,849 | INFO | [367/2560] Match 8609786754 DONE in 301.8s
2026-02-23 07:45:24,706 | INFO | [368/2560] Match 8609768299 START
2026-02-23 07:45:24,706 | INFO | Match 8609768299: fetch overview
2026-02-23 07:45:35,015 | INFO | Match 8609768299: parse overview
2026-02-23 07:45:38,626 | INFO | Match 8609768299: fetch lanes
2026-02-23 07:48:01,328 | INFO | Match 8609768299: parse lanes
2026-02-23 07:48:01,332 | INFO | Match 8609768299: append to Excel
2026-02-23 07:48:15,145 | INFO | [368/2560] Match 8609768299 DONE in 170.4s
2026-02-23 07:48:19,015 | INFO | [369/2560] Match 8609792379 START
2026-02-23 07:48:19,015 | INFO | Match 8609792379: fetch overview
2026-02-23 07:50:43,026 | INFO | Match 8609792379: parse overview
2026-02-23 07:50:46,111 | INFO | Match 8609792379: fetch lanes
2026-02-23 07:53:09,727 | INFO | Match 8609792379: parse lanes
2026-02-23 07:53:09,732 | INFO | Match 8609792379: append to Excel
2026-02-23 07:53:21,818 | INFO | [369/2560] Match 8609792379 DONE in 302.8s
2026-02-23 07:53:24,365 | INFO | [370/2560] Match 8609784710 START
2026-02-23 07:53:24,365 | INFO | Match 8609784710: fetch overview
2026-02-23 07:55:46,974 | INFO | Match 8609784710: parse overview
2026-02-23 07:55:51,525 | INFO | Match 8609784710: fetch lanes
2026-02-23 07:58:14,667 | INFO | Match 8609784710: parse lanes
2026-02-23 07:58:14,668 | INFO | Match 8609784710: append to Excel
2026-02-23 07:58:27,955 | INFO | [370/2560] Match 8609784710 DONE in 303.6s
2026-02-23 07:58:30,271 | INFO | [371/2560] Match 8609787030 START
2026-02-23 07:58:30,271 | INFO | Match 8609787030: fetch overview
2026-02-23 07:58:39,988 | INFO | Match 8609787030: parse overview
2026-02-23 07:58:44,672 | INFO | Match 8609787030: fetch lanes
2026-02-23 08:01:07,616 | INFO | Match 8609787030: parse lanes
2026-02-23 08:01:07,617 | INFO | Match 8609787030: append to Excel
2026-02-23 08:01:18,535 | INFO | [371/2560] Match 8609787030 DONE in 168.3s
2026-02-23 08:01:21,923 | INFO | [372/2560] Match 8609777701 START
2026-02-23 08:01:21,923 | INFO | Match 8609777701: fetch overview
2026-02-23 08:01:31,979 | INFO | Match 8609777701: parse overview
2026-02-23 08:01:36,667 | INFO | Match 8609777701: fetch lanes
2026-02-23 08:03:59,554 | INFO | Match 8609777701: parse lanes
2026-02-23 08:03:59,560 | INFO | Match 8609777701: append to Excel
2026-02-23 08:04:11,197 | INFO | [372/2560] Match 8609777701 DONE in 169.3s
2026-02-23 08:04:14,809 | INFO | [373/2560] Match 8609791135 START
2026-02-23 08:04:14,809 | INFO | Match 8609791135: fetch overview
2026-02-23 08:06:40,301 | INFO | Match 8609791135: parse overview
2026-02-23 08:06:45,260 | INFO | Match 8609791135: fetch lanes
2026-02-23 08:09:08,560 | INFO | Match 8609791135: parse lanes
2026-02-23 08:09:08,563 | INFO | Match 8609791135: append to Excel
2026-02-23 08:09:19,886 | INFO | [373/2560] Match 8609791135 DONE in 305.1s
2026-02-23 08:09:23,845 | INFO | [374/2560] Match 8609789130 START
2026-02-23 08:09:23,845 | INFO | Match 8609789130: fetch overview
2026-02-23 08:11:48,506 | INFO | Match 8609789130: parse overview
2026-02-23 08:11:53,342 | INFO | Match 8609789130: fetch lanes
2026-02-23 08:14:17,404 | INFO | Match 8609789130: parse lanes
2026-02-23 08:14:17,470 | INFO | Match 8609789130: append to Excel
2026-02-23 08:14:28,157 | INFO | [374/2560] Match 8609789130 DONE in 304.3s
2026-02-23 08:14:32,084 | INFO | [375/2560] Match 8609791592 START
2026-02-23 08:14:32,084 | INFO | Match 8609791592: fetch overview
2026-02-23 08:16:56,339 | INFO | Match 8609791592: parse overview
2026-02-23 08:16:59,701 | INFO | Match 8609791592: fetch lanes
2026-02-23 08:19:23,670 | INFO | Match 8609791592: parse lanes
2026-02-23 08:19:23,729 | INFO | Match 8609791592: append to Excel
2026-02-23 08:19:34,914 | INFO | [375/2560] Match 8609791592 DONE in 302.8s
2026-02-23 08:19:36,928 | INFO | [376/2560] Match 8609762943 START
2026-02-23 08:19:36,928 | INFO | Match 8609762943: fetch overview
2026-02-23 08:22:00,298 | INFO | Match 8609762943: parse overview
2026-02-23 08:22:04,291 | INFO | Match 8609762943: fetch lanes
2026-02-23 08:24:27,669 | INFO | Match 8609762943: parse lanes
2026-02-23 08:24:27,672 | INFO | Match 8609762943: append to Excel
2026-02-23 08:24:39,311 | INFO | [376/2560] Match 8609762943 DONE in 302.4s
2026-02-23 08:24:42,355 | INFO | [377/2560] Match 8609792303 START
2026-02-23 08:24:42,355 | INFO | Match 8609792303: fetch overview
2026-02-23 08:27:07,524 | INFO | Match 8609792303: parse overview
2026-02-23 08:27:11,976 | INFO | Match 8609792303: fetch lanes
2026-02-23 08:29:35,676 | INFO | Match 8609792303: parse lanes
2026-02-23 08:29:35,777 | INFO | Match 8609792303: append to Excel
2026-02-23 08:29:52,494 | INFO | [377/2560] Match 8609792303 DONE in 310.1s
2026-02-23 08:29:55,435 | INFO | [378/2560] Match 8609798422 START
2026-02-23 08:29:55,436 | INFO | Match 8609798422: fetch overview
2026-02-23 08:32:19,659 | INFO | Match 8609798422: parse overview
2026-02-23 08:32:23,851 | INFO | Match 8609798422: fetch lanes
2026-02-23 08:34:48,530 | INFO | Match 8609798422: parse lanes
2026-02-23 08:34:48,599 | INFO | Match 8609798422: append to Excel
2026-02-23 08:35:01,181 | INFO | [378/2560] Match 8609798422 DONE in 305.7s
2026-02-23 08:35:04,449 | INFO | [379/2560] Match 8609762161 START
2026-02-23 08:35:04,449 | INFO | Match 8609762161: fetch overview
2026-02-23 08:37:30,569 | INFO | Match 8609762161: parse overview
2026-02-23 08:37:33,761 | INFO | Match 8609762161: fetch lanes
2026-02-23 08:39:56,372 | INFO | Match 8609762161: parse lanes
2026-02-23 08:39:56,377 | INFO | Match 8609762161: append to Excel
2026-02-23 08:40:08,425 | INFO | [379/2560] Match 8609762161 DONE in 304.0s
2026-02-23 08:40:11,638 | INFO | [380/2560] Match 8609779264 START
2026-02-23 08:40:11,639 | INFO | Match 8609779264: fetch overview
2026-02-23 08:42:37,429 | INFO | Match 8609779264: parse overview
2026-02-23 08:42:41,265 | INFO | Match 8609779264: fetch lanes
2026-02-23 08:45:05,170 | INFO | Match 8609779264: parse lanes
2026-02-23 08:45:05,175 | INFO | Match 8609779264: append to Excel
2026-02-23 08:45:17,160 | INFO | [380/2560] Match 8609779264 DONE in 305.5s
2026-02-23 08:45:19,726 | INFO | [381/2560] Match 8609791157 START
2026-02-23 08:45:19,726 | INFO | Match 8609791157: fetch overview
2026-02-23 08:47:43,205 | INFO | Match 8609791157: parse overview
2026-02-23 08:47:45,892 | INFO | Match 8609791157: fetch lanes
2026-02-23 08:50:08,754 | INFO | Match 8609791157: parse lanes
2026-02-23 08:50:08,759 | INFO | Match 8609791157: append to Excel
2026-02-23 08:50:20,388 | INFO | [381/2560] Match 8609791157 DONE in 300.7s
2026-02-23 08:50:22,616 | INFO | [382/2560] Match 8609792284 START
2026-02-23 08:50:22,616 | INFO | Match 8609792284: fetch overview
2026-02-23 08:52:45,912 | INFO | Match 8609792284: parse overview
2026-02-23 08:52:49,610 | INFO | Match 8609792284: fetch lanes
2026-02-23 08:55:13,175 | INFO | Match 8609792284: parse lanes
2026-02-23 08:55:13,178 | INFO | Match 8609792284: append to Excel
2026-02-23 08:55:25,070 | INFO | [382/2560] Match 8609792284 DONE in 302.5s
2026-02-23 08:55:28,012 | INFO | [383/2560] Match 8609802077 START
2026-02-23 08:55:28,012 | INFO | Match 8609802077: fetch overview
2026-02-23 08:57:50,419 | INFO | Match 8609802077: parse overview
2026-02-23 08:57:53,475 | INFO | Match 8609802077: fetch lanes
2026-02-23 09:00:17,755 | INFO | Match 8609802077: parse lanes
2026-02-23 09:00:17,758 | INFO | Match 8609802077: append to Excel
2026-02-23 09:00:30,839 | INFO | [383/2560] Match 8609802077 DONE in 302.8s
2026-02-23 09:00:33,758 | INFO | [384/2560] Match 8609791780 START
2026-02-23 09:00:33,759 | INFO | Match 8609791780: fetch overview
2026-02-23 09:02:57,034 | INFO | Match 8609791780: parse overview
2026-02-23 09:02:59,651 | INFO | Match 8609791780: fetch lanes
2026-02-23 09:05:22,152 | INFO | Match 8609791780: parse lanes
2026-02-23 09:05:22,154 | INFO | Match 8609791780: append to Excel
2026-02-23 09:05:34,453 | INFO | [384/2560] Match 8609791780 DONE in 300.7s
2026-02-23 09:05:37,990 | INFO | [385/2560] Match 8609792504 START
2026-02-23 09:05:37,990 | INFO | Match 8609792504: fetch overview
2026-02-23 09:08:01,525 | INFO | Match 8609792504: parse overview
2026-02-23 09:08:06,096 | INFO | Match 8609792504: fetch lanes
2026-02-23 09:10:29,523 | INFO | Match 8609792504: parse lanes
2026-02-23 09:10:29,526 | INFO | Match 8609792504: append to Excel
2026-02-23 09:10:44,291 | INFO | [385/2560] Match 8609792504 DONE in 306.3s
2026-02-23 09:10:48,213 | INFO | [386/2560] Match 8609785339 START
2026-02-23 09:10:48,214 | INFO | Match 8609785339: fetch overview
2026-02-23 09:13:11,814 | INFO | Match 8609785339: parse overview
2026-02-23 09:13:16,016 | INFO | Match 8609785339: fetch lanes
2026-02-23 09:15:39,272 | INFO | Match 8609785339: parse lanes
2026-02-23 09:15:39,273 | INFO | Match 8609785339: append to Excel
2026-02-23 09:15:51,398 | INFO | [386/2560] Match 8609785339 DONE in 303.2s
2026-02-23 09:15:53,726 | INFO | [387/2560] Match 8609755766 START
2026-02-23 09:15:53,727 | INFO | Match 8609755766: fetch overview
2026-02-23 09:18:16,885 | INFO | Match 8609755766: parse overview
2026-02-23 09:18:20,464 | INFO | Match 8609755766: fetch lanes
2026-02-23 09:20:43,833 | INFO | Match 8609755766: parse lanes
2026-02-23 09:20:43,836 | INFO | Match 8609755766: append to Excel
2026-02-23 09:20:55,835 | INFO | [387/2560] Match 8609755766 DONE in 302.1s
2026-02-23 09:20:58,335 | INFO | [388/2560] Match 8609789385 START
2026-02-23 09:20:58,335 | INFO | Match 8609789385: fetch overview
2026-02-23 09:23:20,706 | INFO | Match 8609789385: parse overview
2026-02-23 09:23:24,594 | INFO | Match 8609789385: fetch lanes
2026-02-23 09:25:47,311 | INFO | Match 8609789385: parse lanes
2026-02-23 09:25:47,312 | INFO | Match 8609789385: append to Excel
2026-02-23 09:25:59,014 | INFO | [388/2560] Match 8609789385 DONE in 300.7s
2026-02-23 09:26:01,379 | INFO | [389/2560] Match 8609795890 START
2026-02-23 09:26:01,379 | INFO | Match 8609795890: fetch overview
2026-02-23 09:28:24,410 | INFO | Match 8609795890: parse overview
2026-02-23 09:28:27,311 | INFO | Match 8609795890: fetch lanes
2026-02-23 09:30:50,028 | INFO | Match 8609795890: parse lanes
2026-02-23 09:30:50,032 | INFO | Match 8609795890: append to Excel
2026-02-23 09:31:03,020 | INFO | [389/2560] Match 8609795890 DONE in 301.6s
2026-02-23 09:31:06,211 | INFO | [390/2560] Match 8609786750 START
2026-02-23 09:31:06,211 | INFO | Match 8609786750: fetch overview
2026-02-23 09:33:29,635 | INFO | Match 8609786750: parse overview
2026-02-23 09:33:33,757 | INFO | Match 8609786750: fetch lanes
2026-02-23 09:35:56,737 | INFO | Match 8609786750: parse lanes
2026-02-23 09:35:56,739 | INFO | Match 8609786750: append to Excel
2026-02-23 09:36:08,748 | INFO | [390/2560] Match 8609786750 DONE in 302.5s
2026-02-23 09:36:12,688 | INFO | [391/2560] Match 8609790268 START
2026-02-23 09:36:12,688 | INFO | Match 8609790268: fetch overview
2026-02-23 09:38:35,082 | INFO | Match 8609790268: parse overview
2026-02-23 09:38:39,241 | INFO | Match 8609790268: fetch lanes
2026-02-23 09:41:02,173 | INFO | Match 8609790268: parse lanes
2026-02-23 09:41:02,174 | INFO | Match 8609790268: append to Excel
2026-02-23 09:41:14,895 | INFO | [391/2560] Match 8609790268 DONE in 302.2s
2026-02-23 09:41:17,650 | INFO | [392/2560] Match 8609756065 START
2026-02-23 09:41:17,651 | INFO | Match 8609756065: fetch overview
2026-02-23 09:43:40,863 | INFO | Match 8609756065: parse overview
2026-02-23 09:43:43,916 | INFO | Match 8609756065: fetch lanes
2026-02-23 09:46:06,672 | INFO | Match 8609756065: parse lanes
2026-02-23 09:46:06,751 | INFO | Match 8609756065: append to Excel
2026-02-23 09:46:19,186 | INFO | [392/2560] Match 8609756065 DONE in 301.5s
2026-02-23 09:46:22,568 | INFO | [393/2560] Match 8609799034 START
2026-02-23 09:46:22,568 | INFO | Match 8609799034: fetch overview
2026-02-23 09:48:45,573 | INFO | Match 8609799034: parse overview
2026-02-23 09:48:48,419 | INFO | Match 8609799034: fetch lanes
2026-02-23 09:51:11,700 | INFO | Match 8609799034: parse lanes
2026-02-23 09:51:11,706 | INFO | Match 8609799034: append to Excel
2026-02-23 09:51:28,753 | INFO | [393/2560] Match 8609799034 DONE in 306.2s
2026-02-23 09:51:32,374 | INFO | [394/2560] Match 8609806731 START
2026-02-23 09:51:32,374 | INFO | Match 8609806731: fetch overview
2026-02-23 09:53:55,181 | INFO | Match 8609806731: parse overview
2026-02-23 09:53:59,238 | INFO | Match 8609806731: fetch lanes
2026-02-23 09:56:22,071 | INFO | Match 8609806731: parse lanes
2026-02-23 09:56:22,077 | INFO | Match 8609806731: append to Excel
2026-02-23 09:56:34,692 | INFO | [394/2560] Match 8609806731 DONE in 302.3s
2026-02-23 09:56:38,057 | INFO | [395/2560] Match 8609778751 START
2026-02-23 09:56:38,057 | INFO | Match 8609778751: fetch overview
2026-02-23 09:59:01,614 | INFO | Match 8609778751: parse overview
2026-02-23 09:59:05,657 | INFO | Match 8609778751: fetch lanes
2026-02-23 10:01:28,772 | INFO | Match 8609778751: parse lanes
2026-02-23 10:01:28,778 | INFO | Match 8609778751: append to Excel
2026-02-23 10:01:41,236 | INFO | [395/2560] Match 8609778751 DONE in 303.2s
2026-02-23 10:01:43,998 | INFO | [396/2560] Match 8609765227 START
2026-02-23 10:01:43,998 | INFO | Match 8609765227: fetch overview
2026-02-23 10:04:07,743 | INFO | Match 8609765227: parse overview
2026-02-23 10:04:11,350 | INFO | Match 8609765227: fetch lanes
2026-02-23 10:04:21,280 | INFO | Match 8609765227: parse lanes
2026-02-23 10:04:21,362 | INFO | Match 8609765227: append to Excel
2026-02-23 10:04:33,676 | INFO | [396/2560] Match 8609765227 DONE in 169.7s
2026-02-23 10:04:37,459 | INFO | [397/2560] Match 8609799471 START
2026-02-23 10:04:37,459 | INFO | Match 8609799471: fetch overview
2026-02-23 10:07:02,118 | INFO | Match 8609799471: parse overview
2026-02-23 10:07:05,566 | INFO | Match 8609799471: fetch lanes
2026-02-23 10:09:28,583 | INFO | Match 8609799471: parse lanes
2026-02-23 10:09:28,584 | INFO | Match 8609799471: append to Excel
2026-02-23 10:09:40,637 | INFO | [397/2560] Match 8609799471 DONE in 303.2s
2026-02-23 10:09:43,624 | INFO | [398/2560] Match 8609787778 START
2026-02-23 10:09:43,624 | INFO | Match 8609787778: fetch overview
2026-02-23 10:12:09,182 | INFO | Match 8609787778: parse overview
2026-02-23 10:12:12,538 | INFO | Match 8609787778: fetch lanes
2026-02-23 10:12:21,377 | INFO | Match 8609787778: parse lanes
2026-02-23 10:12:21,450 | INFO | Match 8609787778: append to Excel
2026-02-23 10:12:32,789 | INFO | [398/2560] Match 8609787778 DONE in 169.2s
2026-02-23 10:12:34,927 | INFO | [399/2560] Match 8609797416 START
2026-02-23 10:12:34,927 | INFO | Match 8609797416: fetch overview
2026-02-23 10:15:00,347 | INFO | Match 8609797416: parse overview
2026-02-23 10:15:03,624 | INFO | Match 8609797416: fetch lanes
2026-02-23 10:17:27,273 | INFO | Match 8609797416: parse lanes
2026-02-23 10:17:27,397 | INFO | Match 8609797416: append to Excel
2026-02-23 10:17:41,202 | INFO | [399/2560] Match 8609797416 DONE in 306.3s
2026-02-23 10:17:43,319 | INFO | [400/2560] Match 8609795239 START
2026-02-23 10:17:43,319 | INFO | Match 8609795239: fetch overview
2026-02-23 10:20:08,746 | INFO | Match 8609795239: parse overview
2026-02-23 10:20:12,319 | INFO | Match 8609795239: fetch lanes
2026-02-23 10:22:35,361 | INFO | Match 8609795239: parse lanes
2026-02-23 10:22:35,366 | INFO | Match 8609795239: append to Excel
2026-02-23 10:22:48,761 | INFO | [400/2560] Match 8609795239 DONE in 305.4s
2026-02-23 10:22:51,285 | INFO | [401/2560] Match 8609792378 START
2026-02-23 10:22:51,285 | INFO | Match 8609792378: fetch overview
2026-02-23 10:25:15,514 | INFO | Match 8609792378: parse overview
2026-02-23 10:25:19,059 | INFO | Match 8609792378: fetch lanes
2026-02-23 10:27:41,630 | INFO | Match 8609792378: parse lanes
2026-02-23 10:27:41,634 | INFO | Match 8609792378: append to Excel
2026-02-23 10:27:55,050 | INFO | [401/2560] Match 8609792378 DONE in 303.8s
2026-02-23 10:27:57,524 | INFO | [402/2560] Match 8609796230 START
2026-02-23 10:27:57,524 | INFO | Match 8609796230: fetch overview
2026-02-23 10:30:20,086 | INFO | Match 8609796230: parse overview
2026-02-23 10:30:23,634 | INFO | Match 8609796230: fetch lanes
2026-02-23 10:30:33,082 | INFO | Match 8609796230: parse lanes
2026-02-23 10:30:33,191 | INFO | Match 8609796230: append to Excel
2026-02-23 10:30:45,264 | INFO | [402/2560] Match 8609796230 DONE in 167.7s
2026-02-23 10:30:47,775 | INFO | [403/2560] Match 8609786477 START
2026-02-23 10:30:47,776 | INFO | Match 8609786477: fetch overview
2026-02-23 10:33:13,825 | INFO | Match 8609786477: parse overview
2026-02-23 10:33:16,754 | INFO | Match 8609786477: fetch lanes
2026-02-23 10:35:40,617 | INFO | Match 8609786477: parse lanes
2026-02-23 10:35:40,708 | INFO | Match 8609786477: append to Excel
2026-02-23 10:35:52,993 | INFO | [403/2560] Match 8609786477 DONE in 305.2s
2026-02-23 10:35:55,123 | INFO | [404/2560] Match 8609790880 START
2026-02-23 10:35:55,123 | INFO | Match 8609790880: fetch overview
2026-02-23 10:38:18,566 | INFO | Match 8609790880: parse overview
2026-02-23 10:38:21,419 | INFO | Match 8609790880: fetch lanes
2026-02-23 10:40:44,757 | INFO | Match 8609790880: parse lanes
2026-02-23 10:40:44,761 | INFO | Match 8609790880: append to Excel
2026-02-23 10:40:58,686 | INFO | [404/2560] Match 8609790880 DONE in 303.6s
2026-02-23 10:41:01,956 | INFO | [405/2560] Match 8609801233 START
2026-02-23 10:41:01,956 | INFO | Match 8609801233: fetch overview
2026-02-23 10:43:25,806 | INFO | Match 8609801233: parse overview
2026-02-23 10:43:30,181 | INFO | Match 8609801233: fetch lanes
2026-02-23 10:43:40,410 | INFO | Match 8609801233: parse lanes
2026-02-23 10:43:40,498 | INFO | Match 8609801233: append to Excel
2026-02-23 10:43:52,781 | INFO | [405/2560] Match 8609801233 DONE in 170.8s
2026-02-23 10:43:55,292 | INFO | [406/2560] Match 8609772669 START
2026-02-23 10:43:55,293 | INFO | Match 8609772669: fetch overview
2026-02-23 10:46:22,211 | INFO | Match 8609772669: parse overview
2026-02-23 10:46:26,901 | INFO | Match 8609772669: fetch lanes
2026-02-23 10:46:36,150 | INFO | Match 8609772669: parse lanes
2026-02-23 10:46:36,233 | INFO | Match 8609772669: append to Excel
2026-02-23 10:46:48,490 | INFO | [406/2560] Match 8609772669 DONE in 173.2s
2026-02-23 10:46:51,138 | INFO | [407/2560] Match 8609797655 START
2026-02-23 10:46:51,138 | INFO | Match 8609797655: fetch overview
2026-02-23 10:49:16,751 | INFO | Match 8609797655: parse overview
2026-02-23 10:49:21,050 | INFO | Match 8609797655: fetch lanes
2026-02-23 10:51:45,217 | INFO | Match 8609797655: parse lanes
2026-02-23 10:51:45,222 | INFO | Match 8609797655: append to Excel
2026-02-23 10:51:57,379 | INFO | [407/2560] Match 8609797655 DONE in 306.2s
2026-02-23 10:52:00,241 | INFO | [408/2560] Match 8609795265 START
2026-02-23 10:52:00,241 | INFO | Match 8609795265: fetch overview
2026-02-23 10:52:11,164 | INFO | Match 8609795265: parse overview
2026-02-23 10:52:15,866 | INFO | Match 8609795265: fetch lanes
2026-02-23 10:54:39,647 | INFO | Match 8609795265: parse lanes
2026-02-23 10:54:39,651 | INFO | Match 8609795265: append to Excel
2026-02-23 10:54:52,197 | INFO | [408/2560] Match 8609795265 DONE in 172.0s
2026-02-23 10:54:54,940 | INFO | [409/2560] Match 8609778975 START
2026-02-23 10:54:54,940 | INFO | Match 8609778975: fetch overview
2026-02-23 10:57:17,463 | INFO | Match 8609778975: parse overview
2026-02-23 10:57:20,764 | INFO | Match 8609778975: fetch lanes
2026-02-23 10:57:30,007 | INFO | Match 8609778975: parse lanes
2026-02-23 10:57:30,087 | INFO | Match 8609778975: append to Excel
2026-02-23 10:57:42,002 | INFO | [409/2560] Match 8609778975 DONE in 167.1s
2026-02-23 10:57:45,883 | INFO | [410/2560] Match 8609794770 START
2026-02-23 10:57:45,884 | INFO | Match 8609794770: fetch overview
2026-02-23 11:00:10,695 | INFO | Match 8609794770: parse overview
2026-02-23 11:00:15,209 | INFO | Match 8609794770: fetch lanes
2026-02-23 11:02:37,978 | INFO | Match 8609794770: parse lanes
2026-02-23 11:02:37,984 | INFO | Match 8609794770: append to Excel
2026-02-23 11:02:51,613 | INFO | [410/2560] Match 8609794770 DONE in 305.7s
2026-02-23 11:02:54,814 | INFO | [411/2560] Match 8609793975 START
2026-02-23 11:02:54,815 | INFO | Match 8609793975: fetch overview
2026-02-23 11:05:20,779 | INFO | Match 8609793975: parse overview
2026-02-23 11:05:24,881 | INFO | Match 8609793975: fetch lanes
2026-02-23 11:07:47,864 | INFO | Match 8609793975: parse lanes
2026-02-23 11:07:47,871 | INFO | Match 8609793975: append to Excel
2026-02-23 11:08:01,006 | INFO | [411/2560] Match 8609793975 DONE in 306.2s
2026-02-23 11:08:04,734 | INFO | [412/2560] Match 8609799674 START
2026-02-23 11:08:04,734 | INFO | Match 8609799674: fetch overview
2026-02-23 11:10:27,885 | INFO | Match 8609799674: parse overview
2026-02-23 11:10:31,286 | INFO | Match 8609799674: fetch lanes
2026-02-23 11:12:54,537 | INFO | Match 8609799674: parse lanes
2026-02-23 11:12:54,542 | INFO | Match 8609799674: append to Excel
2026-02-23 11:13:06,641 | INFO | [412/2560] Match 8609799674 DONE in 301.9s
2026-02-23 11:13:09,078 | INFO | [413/2560] Match 8609802004 START
2026-02-23 11:13:09,078 | INFO | Match 8609802004: fetch overview
2026-02-23 11:13:24,627 | INFO | Match 8609802004: parse overview
2026-02-23 11:13:28,966 | INFO | Match 8609802004: fetch lanes
2026-02-23 11:15:52,770 | INFO | Match 8609802004: parse lanes
2026-02-23 11:15:52,924 | INFO | Match 8609802004: append to Excel
2026-02-23 11:16:05,821 | INFO | [413/2560] Match 8609802004 DONE in 176.7s
2026-02-23 11:16:08,946 | INFO | [414/2560] Match 8609797075 START
2026-02-23 11:16:08,947 | INFO | Match 8609797075: fetch overview
2026-02-23 11:18:32,028 | INFO | Match 8609797075: parse overview
2026-02-23 11:18:36,651 | INFO | Match 8609797075: fetch lanes
2026-02-23 11:20:59,827 | INFO | Match 8609797075: parse lanes
2026-02-23 11:20:59,832 | INFO | Match 8609797075: append to Excel
2026-02-23 11:21:12,607 | INFO | [414/2560] Match 8609797075 DONE in 303.7s
2026-02-23 11:21:15,945 | INFO | [415/2560] Match 8609778752 START
2026-02-23 11:21:15,945 | INFO | Match 8609778752: fetch overview
2026-02-23 11:23:41,086 | INFO | Match 8609778752: parse overview
2026-02-23 11:23:44,268 | INFO | Match 8609778752: fetch lanes
2026-02-23 11:26:07,061 | INFO | Match 8609778752: parse lanes
2026-02-23 11:26:07,067 | INFO | Match 8609778752: append to Excel
2026-02-23 11:26:19,101 | INFO | [415/2560] Match 8609778752 DONE in 303.2s
2026-02-23 11:26:22,303 | INFO | [416/2560] Match 8609806111 START
2026-02-23 11:26:22,304 | INFO | Match 8609806111: fetch overview
2026-02-23 11:28:47,069 | INFO | Match 8609806111: parse overview
2026-02-23 11:28:50,998 | INFO | Match 8609806111: fetch lanes
2026-02-23 11:31:13,910 | INFO | Match 8609806111: parse lanes
2026-02-23 11:31:13,916 | INFO | Match 8609806111: append to Excel
2026-02-23 11:31:25,754 | INFO | [416/2560] Match 8609806111 DONE in 303.5s
2026-02-23 11:31:28,366 | INFO | [417/2560] Match 8609789852 START
2026-02-23 11:31:28,366 | INFO | Match 8609789852: fetch overview
2026-02-23 11:33:53,387 | INFO | Match 8609789852: parse overview
2026-02-23 11:33:57,490 | INFO | Match 8609789852: fetch lanes
2026-02-23 11:34:06,285 | INFO | Match 8609789852: parse lanes
2026-02-23 11:34:06,396 | INFO | Match 8609789852: append to Excel
2026-02-23 11:34:20,092 | INFO | [417/2560] Match 8609789852 DONE in 171.7s
2026-02-23 11:34:24,033 | INFO | [418/2560] Match 8609798704 START
2026-02-23 11:34:24,034 | INFO | Match 8609798704: fetch overview
2026-02-23 11:34:35,585 | INFO | Match 8609798704: parse overview
2026-02-23 11:34:40,426 | INFO | Match 8609798704: fetch lanes
2026-02-23 11:37:02,948 | INFO | Match 8609798704: parse lanes
2026-02-23 11:37:02,952 | INFO | Match 8609798704: append to Excel
2026-02-23 11:37:14,583 | INFO | [418/2560] Match 8609798704 DONE in 170.5s
2026-02-23 11:37:17,237 | INFO | [419/2560] Match 8609792226 START
2026-02-23 11:37:17,237 | INFO | Match 8609792226: fetch overview
2026-02-23 11:38:21,860 | INFO | Match 8609792226: parse overview
2026-02-23 11:38:26,018 | INFO | Match 8609792226: fetch lanes
2026-02-23 11:40:49,847 | INFO | Match 8609792226: parse lanes
2026-02-23 11:40:49,852 | INFO | Match 8609792226: append to Excel
2026-02-23 11:41:02,198 | INFO | [419/2560] Match 8609792226 DONE in 225.0s
2026-02-23 11:41:04,952 | INFO | [420/2560] Match 8609804585 START
2026-02-23 11:41:04,952 | INFO | Match 8609804585: fetch overview
2026-02-23 11:43:30,785 | INFO | Match 8609804585: parse overview
2026-02-23 11:43:34,035 | INFO | Match 8609804585: fetch lanes
2026-02-23 11:45:57,631 | INFO | Match 8609804585: parse lanes
2026-02-23 11:45:57,634 | INFO | Match 8609804585: append to Excel
2026-02-23 11:46:12,061 | INFO | [420/2560] Match 8609804585 DONE in 307.1s
2026-02-23 11:46:15,113 | INFO | [421/2560] Match 8609785881 START
2026-02-23 11:46:15,113 | INFO | Match 8609785881: fetch overview
2026-02-23 11:48:39,310 | INFO | Match 8609785881: parse overview
2026-02-23 11:48:44,742 | INFO | Match 8609785881: fetch lanes
2026-02-23 11:51:07,593 | INFO | Match 8609785881: parse lanes
2026-02-23 11:51:07,596 | INFO | Match 8609785881: append to Excel
2026-02-23 11:51:18,931 | INFO | [421/2560] Match 8609785881 DONE in 303.8s
2026-02-23 11:51:22,620 | INFO | [422/2560] Match 8609796515 START
2026-02-23 11:51:22,620 | INFO | Match 8609796515: fetch overview
2026-02-23 11:52:16,410 | INFO | Match 8609796515: parse overview
2026-02-23 11:52:20,704 | INFO | Match 8609796515: fetch lanes
2026-02-23 11:54:45,350 | INFO | Match 8609796515: parse lanes
2026-02-23 11:54:45,408 | INFO | Match 8609796515: append to Excel
2026-02-23 11:54:56,493 | INFO | [422/2560] Match 8609796515 DONE in 213.9s
2026-02-23 11:55:00,401 | INFO | [423/2560] Match 8609803349 START
2026-02-23 11:55:00,402 | INFO | Match 8609803349: fetch overview
2026-02-23 11:57:23,748 | INFO | Match 8609803349: parse overview
2026-02-23 11:57:27,324 | INFO | Match 8609803349: fetch lanes
2026-02-23 11:59:50,495 | INFO | Match 8609803349: parse lanes
2026-02-23 11:59:50,497 | INFO | Match 8609803349: append to Excel
2026-02-23 12:00:03,701 | INFO | [423/2560] Match 8609803349 DONE in 303.3s
2026-02-23 12:00:06,942 | INFO | [424/2560] Match 8609800157 START
2026-02-23 12:00:06,942 | INFO | Match 8609800157: fetch overview
2026-02-23 12:02:32,323 | INFO | Match 8609800157: parse overview
2026-02-23 12:02:36,196 | INFO | Match 8609800157: fetch lanes
2026-02-23 12:04:59,730 | INFO | Match 8609800157: parse lanes
2026-02-23 12:04:59,735 | INFO | Match 8609800157: append to Excel
2026-02-23 12:05:12,417 | INFO | [424/2560] Match 8609800157 DONE in 305.5s
2026-02-23 12:05:15,971 | INFO | [425/2560] Match 8609803890 START
2026-02-23 12:05:15,971 | INFO | Match 8609803890: fetch overview
2026-02-23 12:07:41,723 | INFO | Match 8609803890: parse overview
2026-02-23 12:07:46,259 | INFO | Match 8609803890: fetch lanes
2026-02-23 12:10:09,732 | INFO | Match 8609803890: parse lanes
2026-02-23 12:10:09,734 | INFO | Match 8609803890: append to Excel
2026-02-23 12:10:21,244 | INFO | [425/2560] Match 8609803890 DONE in 305.3s
2026-02-23 12:10:23,682 | INFO | [426/2560] Match 8609795315 START
2026-02-23 12:10:23,682 | INFO | Match 8609795315: fetch overview
2026-02-23 12:12:46,241 | INFO | Match 8609795315: parse overview
2026-02-23 12:12:49,753 | INFO | Match 8609795315: fetch lanes
2026-02-23 12:15:12,411 | INFO | Match 8609795315: parse lanes
2026-02-23 12:15:12,417 | INFO | Match 8609795315: append to Excel
2026-02-23 12:15:24,385 | INFO | [426/2560] Match 8609795315 DONE in 300.7s
2026-02-23 12:15:26,479 | INFO | [427/2560] Match 8609798569 START
2026-02-23 12:15:26,479 | INFO | Match 8609798569: fetch overview
2026-02-23 12:15:37,801 | INFO | Match 8609798569: parse overview
2026-02-23 12:15:41,556 | INFO | Match 8609798569: fetch lanes
2026-02-23 12:18:04,454 | INFO | Match 8609798569: parse lanes
2026-02-23 12:18:04,456 | INFO | Match 8609798569: append to Excel
2026-02-23 12:18:18,525 | INFO | [427/2560] Match 8609798569 DONE in 172.0s
2026-02-23 12:18:20,826 | INFO | [428/2560] Match 8609798968 START
2026-02-23 12:18:20,827 | INFO | Match 8609798968: fetch overview
2026-02-23 12:20:43,939 | INFO | Match 8609798968: parse overview
2026-02-23 12:20:46,751 | INFO | Match 8609798968: fetch lanes
2026-02-23 12:23:09,243 | INFO | Match 8609798968: parse lanes
2026-02-23 12:23:09,247 | INFO | Match 8609798968: append to Excel
2026-02-23 12:23:23,707 | INFO | [428/2560] Match 8609798968 DONE in 302.9s
2026-02-23 12:23:25,987 | INFO | [429/2560] Match 8609786171 START
2026-02-23 12:23:25,987 | INFO | Match 8609786171: fetch overview
2026-02-23 12:25:48,599 | INFO | Match 8609786171: parse overview
2026-02-23 12:25:51,649 | INFO | Match 8609786171: fetch lanes
2026-02-23 12:28:14,800 | INFO | Match 8609786171: parse lanes
2026-02-23 12:28:14,802 | INFO | Match 8609786171: append to Excel
2026-02-23 12:28:28,906 | INFO | [429/2560] Match 8609786171 DONE in 302.9s
2026-02-23 12:28:31,906 | INFO | [430/2560] Match 8609791519 START
2026-02-23 12:28:31,906 | INFO | Match 8609791519: fetch overview
2026-02-23 12:30:55,384 | INFO | Match 8609791519: parse overview
2026-02-23 12:30:59,886 | INFO | Match 8609791519: fetch lanes
2026-02-23 12:33:22,114 | INFO | Match 8609791519: parse lanes
2026-02-23 12:33:22,117 | INFO | Match 8609791519: append to Excel
2026-02-23 12:33:35,536 | INFO | [430/2560] Match 8609791519 DONE in 303.6s
2026-02-23 12:33:38,824 | INFO | [431/2560] Match 8609802680 START
2026-02-23 12:33:38,825 | INFO | Match 8609802680: fetch overview
2026-02-23 12:36:02,205 | INFO | Match 8609802680: parse overview
2026-02-23 12:36:06,736 | INFO | Match 8609802680: fetch lanes
2026-02-23 12:38:30,071 | INFO | Match 8609802680: parse lanes
2026-02-23 12:38:30,075 | INFO | Match 8609802680: append to Excel
2026-02-23 12:38:42,797 | INFO | [431/2560] Match 8609802680 DONE in 304.0s
2026-02-23 12:38:45,630 | INFO | [432/2560] Match 8609788260 START
2026-02-23 12:38:45,630 | INFO | Match 8609788260: fetch overview
